"Day","Date","Temperature","RH","Evaporation","Block","Tray","Pupae_count","Adult_count","Water_added(ml)","Dead","Exp.Day"
0,2021-12-06,41,60,"C",1,1,"0","0","0",NA,0
0,2021-12-06,41,60,"C",1,2,"0","0","0",NA,0
0,2021-12-06,41,60,"C",1,3,"0","0","0",NA,0
0,2021-12-06,41,60,"E",1,1,"0","0","0",NA,0
0,2021-12-06,41,60,"E",1,2,"0","0","0",NA,0
0,2021-12-06,41,60,"E",1,3,"0","0","0",NA,0
0,2021-12-06,38,30,"C",1,2,"0","0","0",NA,0
0,2021-12-06,38,30,"C",1,3,"0","0","0",NA,0
0,2021-12-06,38,30,"C",1,4,"0","0","0",NA,0
0,2021-12-06,38,30,"E",1,2,"0","0","0",NA,0
0,2021-12-06,38,30,"E",1,3,"0","0","0",NA,0
0,2021-12-06,38,30,"E",1,4,"0","0","0",NA,0
0,2021-12-06,35,75,"C",1,2,"0","0","0",NA,0
0,2021-12-06,35,75,"C",1,3,"0","0","0",NA,0
0,2021-12-06,35,75,"C",1,4,"0","0","0",NA,0
0,2021-12-06,35,75,"E",1,2,"0","0","0",NA,0
0,2021-12-06,35,75,"E",1,3,"0","0","0",NA,0
0,2021-12-06,35,75,"E",1,4,"0","0","0",NA,0
0,2021-12-06,32,45,"C",1,2,"0","0","0",NA,0
0,2021-12-06,32,45,"C",1,3,"0","0","0",NA,0
0,2021-12-06,32,45,"C",1,4,"0","0","0",NA,0
0,2021-12-06,32,45,"E",1,2,"0","0","0",NA,0
0,2021-12-06,32,45,"E",1,3,"0","0","0",NA,0
0,2021-12-06,32,45,"E",1,4,"0","0","0",NA,0
0,2021-12-06,28,45,"C",1,2,"0","0","0",NA,0
0,2021-12-06,28,45,"C",1,3,"0","0","0",NA,0
0,2021-12-06,28,45,"C",1,4,"0","0","0",NA,0
0,2021-12-06,28,45,"E",1,2,"0","0","0",NA,0
0,2021-12-06,28,45,"E",1,3,"0","0","0",NA,0
0,2021-12-06,28,45,"E",1,4,"0","0","0",NA,0
0,2021-12-06,24,60,"C",1,2,"0","0","0",NA,0
0,2021-12-06,24,60,"C",1,3,"0","0","0",NA,0
0,2021-12-06,24,60,"C",1,4,"0","0","0",NA,0
0,2021-12-06,24,60,"E",1,2,"0","0","0",NA,0
0,2021-12-06,24,60,"E",1,3,"0","0","0",NA,0
0,2021-12-06,24,60,"E",1,4,"0","0","0",NA,0
0,2021-12-06,20,60,"C",1,2,"0","0","0",NA,0
0,2021-12-06,20,60,"C",1,3,"0","0","0",NA,0
0,2021-12-06,20,60,"C",1,4,"0","0","0",NA,0
0,2021-12-06,20,60,"E",1,2,"0","0","0",NA,0
0,2021-12-06,20,60,"E",1,3,"0","0","0",NA,0
0,2021-12-06,20,60,"E",1,4,"0","0","0",NA,0
0,2021-12-06,16,60,"C",1,2,"0","0","0",NA,0
0,2021-12-06,16,60,"C",1,3,"0","0","0",NA,0
0,2021-12-06,16,60,"C",1,4,"0","0","0",NA,0
0,2021-12-06,16,60,"E",1,2,"0","0","0",NA,0
0,2021-12-06,16,60,"E",1,3,"0","0","0",NA,0
0,2021-12-06,16,60,"E",1,4,"0","0","0",NA,0
1,2021-12-07,38,30,"C",1,2,"0","0","300",NA,1
1,2021-12-07,38,30,"C",1,3,"0","0","200",NA,1
1,2021-12-07,38,30,"C",1,4,"0","0","250",NA,1
1,2021-12-07,38,30,"E",1,2,"0","0","0",NA,1
1,2021-12-07,38,30,"E",1,3,"0","0","0",NA,1
1,2021-12-07,38,30,"E",1,4,"0","0","0",NA,1
1,2021-12-07,35,75,"C",1,2,"0","0","100",NA,1
1,2021-12-07,35,75,"C",1,3,"0","0","100",NA,1
1,2021-12-07,35,75,"C",1,4,"0","0","100",NA,1
1,2021-12-07,35,75,"E",1,2,"0","0","0",NA,1
1,2021-12-07,35,75,"E",1,3,"0","0","0",NA,1
1,2021-12-07,35,75,"E",1,4,"0","0","0",NA,1
1,2021-12-07,32,45,"C",1,2,"0","0","200",NA,1
1,2021-12-07,32,45,"C",1,3,"0","0","150",NA,1
1,2021-12-07,32,45,"C",1,4,"0","0","175",NA,1
1,2021-12-07,32,45,"E",1,2,"0","0","0",NA,1
1,2021-12-07,32,45,"E",1,3,"0","0","0",NA,1
1,2021-12-07,32,45,"E",1,4,"0","0","0",NA,1
1,2021-12-07,28,45,"C",1,2,"0","0","200",NA,1
1,2021-12-07,28,45,"C",1,3,"0","0","100",NA,1
1,2021-12-07,28,45,"C",1,4,"0","0","150",NA,1
1,2021-12-07,28,45,"E",1,2,"0","0","0",NA,1
1,2021-12-07,28,45,"E",1,3,"0","0","0",NA,1
1,2021-12-07,28,45,"E",1,4,"0","0","0",NA,1
1,2021-12-07,24,60,"C",1,2,"0","0","150",NA,1
1,2021-12-07,24,60,"C",1,3,"0","0","100",NA,1
1,2021-12-07,24,60,"C",1,4,"0","0","150",NA,1
1,2021-12-07,24,60,"E",1,2,"0","0","0",NA,1
1,2021-12-07,24,60,"E",1,3,"0","0","0",NA,1
1,2021-12-07,24,60,"E",1,4,"0","0","0",NA,1
1,2021-12-07,20,60,"C",1,2,"0","0","100",NA,1
1,2021-12-07,20,60,"C",1,3,"0","0","100",NA,1
1,2021-12-07,20,60,"C",1,4,"0","0","100",NA,1
1,2021-12-07,20,60,"E",1,2,"0","0","0",NA,1
1,2021-12-07,20,60,"E",1,3,"0","0","0",NA,1
1,2021-12-07,20,60,"E",1,4,"0","0","0",NA,1
1,2021-12-07,16,60,"C",1,2,"0","0","0",NA,1
1,2021-12-07,16,60,"C",1,3,"0","0","0",NA,1
1,2021-12-07,16,60,"C",1,4,"0","0","0",NA,1
1,2021-12-07,16,60,"E",1,2,"0","0","0",NA,1
1,2021-12-07,16,60,"E",1,3,"0","0","0",NA,1
1,2021-12-07,16,60,"E",1,4,"0","0","0",NA,1
2,2021-12-08,38,30,"C",1,2,"0","0","250",NA,2
2,2021-12-08,38,30,"C",1,3,"0","0","300",NA,2
2,2021-12-08,38,30,"C",1,4,"0","0","300",NA,2
2,2021-12-08,38,30,"E",1,2,"0","0","0",NA,2
2,2021-12-08,38,30,"E",1,3,"0","0","0",NA,2
2,2021-12-08,38,30,"E",1,4,"0","0","0",NA,2
2,2021-12-08,35,75,"C",1,2,"0","0","100",NA,2
2,2021-12-08,35,75,"C",1,3,"0","0","100",NA,2
2,2021-12-08,35,75,"C",1,4,"0","0","100",NA,2
2,2021-12-08,35,75,"E",1,2,"0","0","0",NA,2
2,2021-12-08,35,75,"E",1,3,"0","0","0",NA,2
2,2021-12-08,35,75,"E",1,4,"0","0","0",NA,2
2,2021-12-08,32,45,"C",1,2,"0","0","200",NA,2
2,2021-12-08,32,45,"C",1,3,"0","0","200",NA,2
2,2021-12-08,32,45,"C",1,4,"0","0","200",NA,2
2,2021-12-08,32,45,"E",1,2,"0","0","0",NA,2
2,2021-12-08,32,45,"E",1,3,"0","0","0",NA,2
2,2021-12-08,32,45,"E",1,4,"0","0","0",NA,2
2,2021-12-08,28,45,"C",1,2,"0","0","200",NA,2
2,2021-12-08,28,45,"C",1,3,"0","0","250",NA,2
2,2021-12-08,28,45,"C",1,4,"0","0","200",NA,2
2,2021-12-08,28,45,"E",1,2,"0","0","0",NA,2
2,2021-12-08,28,45,"E",1,3,"0","0","0",NA,2
2,2021-12-08,28,45,"E",1,4,"0","0","0",NA,2
2,2021-12-08,24,60,"C",1,2,"0","0","150",NA,2
2,2021-12-08,24,60,"C",1,3,"0","0","150",NA,2
2,2021-12-08,24,60,"C",1,4,"0","0","150",NA,2
2,2021-12-08,24,60,"E",1,2,"0","0","0",NA,2
2,2021-12-08,24,60,"E",1,3,"0","0","0",NA,2
2,2021-12-08,24,60,"E",1,4,"0","0","0",NA,2
2,2021-12-08,20,60,"C",1,2,"0","0","100",NA,2
2,2021-12-08,20,60,"C",1,3,"0","0","0",NA,2
2,2021-12-08,20,60,"C",1,4,"0","0","100",NA,2
2,2021-12-08,20,60,"E",1,2,"0","0","0",NA,2
2,2021-12-08,20,60,"E",1,3,"0","0","0",NA,2
2,2021-12-08,20,60,"E",1,4,"0","0","0",NA,2
2,2021-12-08,16,60,"C",1,2,"0","0","100",NA,2
2,2021-12-08,16,60,"C",1,3,"0","0","100",NA,2
2,2021-12-08,16,60,"C",1,4,"0","0","100",NA,2
2,2021-12-08,16,60,"E",1,2,"0","0","0",NA,2
2,2021-12-08,16,60,"E",1,3,"0","0","0",NA,2
2,2021-12-08,16,60,"E",1,4,"0","0","0",NA,2
3,2021-12-09,38,30,"C",1,2,"0","0","250",NA,3
3,2021-12-09,38,30,"C",1,3,"0","0","200",NA,3
3,2021-12-09,38,30,"C",1,4,"0","0","200",NA,3
3,2021-12-09,38,30,"E",1,2,"0","0","0","DEAD",3
3,2021-12-09,38,30,"E",1,3,"0","0","0","DEAD",3
3,2021-12-09,38,30,"E",1,4,"0","0","0","DEAD",3
3,2021-12-09,35,75,"C",1,2,"0","0","50",NA,3
3,2021-12-09,35,75,"C",1,3,"0","0","50",NA,3
3,2021-12-09,35,75,"C",1,4,"0","0","50",NA,3
3,2021-12-09,35,75,"E",1,2,"0","0","0",NA,3
3,2021-12-09,35,75,"E",1,3,"0","0","0",NA,3
3,2021-12-09,35,75,"E",1,4,"0","0","0",NA,3
3,2021-12-09,32,45,"C",1,2,"0","0","200",NA,3
3,2021-12-09,32,45,"C",1,3,"0","0","200",NA,3
3,2021-12-09,32,45,"C",1,4,"0","0","200",NA,3
3,2021-12-09,32,45,"E",1,2,"0","0","0",NA,3
3,2021-12-09,32,45,"E",1,3,"0","0","0",NA,3
3,2021-12-09,32,45,"E",1,4,"0","0","0",NA,3
3,2021-12-09,28,45,"C",1,2,"0","0","250",NA,3
3,2021-12-09,28,45,"C",1,3,"0","0","200",NA,3
3,2021-12-09,28,45,"C",1,4,"0","0","200",NA,3
3,2021-12-09,28,45,"E",1,2,"0","0","0",NA,3
3,2021-12-09,28,45,"E",1,3,"0","0","0",NA,3
3,2021-12-09,28,45,"E",1,4,"0","0","0",NA,3
3,2021-12-09,24,60,"C",1,2,"0","0","100",NA,3
3,2021-12-09,24,60,"C",1,3,"0","0","100",NA,3
3,2021-12-09,24,60,"C",1,4,"0","0","100",NA,3
3,2021-12-09,24,60,"E",1,2,"0","0","0",NA,3
3,2021-12-09,24,60,"E",1,3,"0","0","0",NA,3
3,2021-12-09,24,60,"E",1,4,"0","0","0",NA,3
3,2021-12-09,20,60,"C",1,2,"0","0","100",NA,3
3,2021-12-09,20,60,"C",1,3,"0","0","100",NA,3
3,2021-12-09,20,60,"C",1,4,"0","0","150",NA,3
3,2021-12-09,20,60,"E",1,2,"0","0","0",NA,3
3,2021-12-09,20,60,"E",1,3,"0","0","0",NA,3
3,2021-12-09,20,60,"E",1,4,"0","0","0",NA,3
3,2021-12-09,16,60,"C",1,2,"0","0","100",NA,3
3,2021-12-09,16,60,"C",1,3,"0","0","150",NA,3
3,2021-12-09,16,60,"C",1,4,"0","0","100",NA,3
3,2021-12-09,16,60,"E",1,2,"0","0","0",NA,3
3,2021-12-09,16,60,"E",1,3,"0","0","0",NA,3
3,2021-12-09,16,60,"E",1,4,"0","0","0",NA,3
4,2021-12-10,38,30,"C",1,2,"0","0","100",NA,4
4,2021-12-10,38,30,"C",1,3,"0","0","50",NA,4
4,2021-12-10,38,30,"C",1,4,"0","0","300",NA,4
4,2021-12-10,35,75,"C",1,2,"0","0","50",NA,4
4,2021-12-10,35,75,"C",1,3,"0","0","50",NA,4
4,2021-12-10,35,75,"C",1,4,"0","0","50",NA,4
4,2021-12-10,35,75,"E",1,2,"0","0","0",NA,4
4,2021-12-10,35,75,"E",1,3,"0","0","0",NA,4
4,2021-12-10,35,75,"E",1,4,"0","0","0",NA,4
4,2021-12-10,32,45,"C",1,2,"0","0","150",NA,4
4,2021-12-10,32,45,"C",1,3,"0","0","100",NA,4
4,2021-12-10,32,45,"C",1,4,"0","0","200",NA,4
4,2021-12-10,32,45,"E",1,2,"0","0","0",NA,4
4,2021-12-10,32,45,"E",1,3,"0","0","0",NA,4
4,2021-12-10,32,45,"E",1,4,"0","0","0",NA,4
4,2021-12-10,28,45,"C",1,2,"0","0","200",NA,4
4,2021-12-10,28,45,"C",1,3,"0","0","100",NA,4
4,2021-12-10,28,45,"C",1,4,"0","0","250",NA,4
4,2021-12-10,28,45,"E",1,2,"0","0","0",NA,4
4,2021-12-10,28,45,"E",1,3,"0","0","0",NA,4
4,2021-12-10,28,45,"E",1,4,"0","0","0",NA,4
4,2021-12-10,24,60,"C",1,2,"0","0","100",NA,4
4,2021-12-10,24,60,"C",1,3,"0","0","100",NA,4
4,2021-12-10,24,60,"C",1,4,"0","0","100",NA,4
4,2021-12-10,24,60,"E",1,2,"0","0","0",NA,4
4,2021-12-10,24,60,"E",1,3,"0","0","0",NA,4
4,2021-12-10,24,60,"E",1,4,"0","0","0",NA,4
4,2021-12-10,20,60,"C",1,2,"0","0","100",NA,4
4,2021-12-10,20,60,"C",1,3,"0","0","100",NA,4
4,2021-12-10,20,60,"C",1,4,"0","0","100",NA,4
4,2021-12-10,20,60,"E",1,2,"0","0","0",NA,4
4,2021-12-10,20,60,"E",1,3,"0","0","0",NA,4
4,2021-12-10,20,60,"E",1,4,"0","0","0",NA,4
4,2021-12-10,16,60,"C",1,2,"0","0","100",NA,4
4,2021-12-10,16,60,"C",1,3,"0","0","100",NA,4
4,2021-12-10,16,60,"C",1,4,"0","0","100",NA,4
4,2021-12-10,16,60,"E",1,2,"0","0","0",NA,4
4,2021-12-10,16,60,"E",1,3,"0","0","0",NA,4
4,2021-12-10,16,60,"E",1,4,"0","0","0",NA,4
5,2021-12-11,38,30,"C",1,2,"37","0","200",NA,5
5,2021-12-11,38,30,"C",1,3,"48","0","600",NA,5
5,2021-12-11,38,30,"C",1,4,"54","0","300",NA,5
5,2021-12-11,35,75,"C",1,2,"25","0","50",NA,5
5,2021-12-11,35,75,"C",1,3,"25","0","50",NA,5
5,2021-12-11,35,75,"C",1,4,"32","0","0",NA,5
5,2021-12-11,35,75,"E",1,2,"55","0","0",NA,5
5,2021-12-11,35,75,"E",1,3,"47","2","0",NA,5
5,2021-12-11,35,75,"E",1,4,"57","1","0",NA,5
5,2021-12-11,32,45,"C",1,2,"3","0","150",NA,5
5,2021-12-11,32,45,"C",1,3,"4","0","300",NA,5
5,2021-12-11,32,45,"C",1,4,"6","0","200",NA,5
5,2021-12-11,32,45,"E",1,2,"0","0","0","DEAD",5
5,2021-12-11,32,45,"E",1,3,"0","0","0","DEAD",5
5,2021-12-11,32,45,"E",1,4,"0","0","0","DEAD",5
5,2021-12-11,28,45,"C",1,2,"0","0","200",NA,5
5,2021-12-11,28,45,"C",1,3,"0","0","300",NA,5
5,2021-12-11,28,45,"C",1,4,"0","0","250",NA,5
5,2021-12-11,28,45,"E",1,2,"0","0","0","DEAD",5
5,2021-12-11,28,45,"E",1,3,"0","0","0","DEAD",5
5,2021-12-11,28,45,"E",1,4,"0","0","0","DEAD",5
5,2021-12-11,24,60,"C",1,2,"0","0","100",NA,5
5,2021-12-11,24,60,"C",1,3,"0","0","150",NA,5
5,2021-12-11,24,60,"C",1,4,"0","0","150",NA,5
5,2021-12-11,24,60,"E",1,2,"0","0","0",NA,5
5,2021-12-11,24,60,"E",1,3,"0","0","0",NA,5
5,2021-12-11,24,60,"E",1,4,"0","0","0",NA,5
5,2021-12-11,20,60,"C",1,2,"0","0","100",NA,5
5,2021-12-11,20,60,"C",1,3,"0","0","100",NA,5
5,2021-12-11,20,60,"C",1,4,"0","0","100",NA,5
5,2021-12-11,20,60,"E",1,2,"0","0","0",NA,5
5,2021-12-11,20,60,"E",1,3,"0","0","0",NA,5
5,2021-12-11,20,60,"E",1,4,"0","0","0",NA,5
5,2021-12-11,16,60,"C",1,2,"0","0","100",NA,5
5,2021-12-11,16,60,"C",1,3,"0","0","100",NA,5
5,2021-12-11,16,60,"C",1,4,"0","0","100",NA,5
5,2021-12-11,16,60,"E",1,2,"0","0","0",NA,5
5,2021-12-11,16,60,"E",1,3,"0","0","0",NA,5
5,2021-12-11,16,60,"E",1,4,"0","0","0",NA,5
6,2021-12-12,38,30,"C",1,2,"21","18","300","1",6
6,2021-12-12,38,30,"C",1,3,"24","22","250",NA,6
6,2021-12-12,38,30,"C",1,4,"27","42","200",NA,6
6,2021-12-12,35,75,"C",1,2,"52","12","100",NA,6
6,2021-12-12,35,75,"C",1,3,"51","5","100",NA,6
6,2021-12-12,35,75,"C",1,4,"41","11","100",NA,6
6,2021-12-12,35,75,"E",1,2,"39","30","0",NA,6
6,2021-12-12,35,75,"E",1,3,"34","28","0",NA,6
6,2021-12-12,35,75,"E",1,4,"22","34","0",NA,6
6,2021-12-12,32,45,"C",1,2,"65","0","150",NA,6
6,2021-12-12,32,45,"C",1,3,"60","0","100",NA,6
6,2021-12-12,32,45,"C",1,4,"50","1","150",NA,6
6,2021-12-12,28,45,"C",1,2,"0","0","300",NA,6
6,2021-12-12,28,45,"C",1,3,"0","0","200",NA,6
6,2021-12-12,28,45,"C",1,4,"0","0","100",NA,6
6,2021-12-12,24,60,"C",1,2,"0","0","150",NA,6
6,2021-12-12,24,60,"C",1,3,"0","0","100",NA,6
6,2021-12-12,24,60,"C",1,4,"0","0","100",NA,6
6,2021-12-12,24,60,"E",1,2,"0","0","0",NA,6
6,2021-12-12,24,60,"E",1,3,"0","0","0",NA,6
6,2021-12-12,24,60,"E",1,4,"0","0","0",NA,6
6,2021-12-12,20,60,"C",1,2,"0","0","100",NA,6
6,2021-12-12,20,60,"C",1,3,"0","0","100",NA,6
6,2021-12-12,20,60,"C",1,4,"0","0","100",NA,6
6,2021-12-12,20,60,"E",1,2,"0","0","0",NA,6
6,2021-12-12,20,60,"E",1,3,"0","0","0",NA,6
6,2021-12-12,20,60,"E",1,4,"0","0","0",NA,6
6,2021-12-12,16,60,"C",1,2,"0","0","100",NA,6
6,2021-12-12,16,60,"C",1,3,"0","0","100",NA,6
6,2021-12-12,16,60,"C",1,4,"0","0","100",NA,6
6,2021-12-12,16,60,"E",1,2,"0","0","0",NA,6
6,2021-12-12,16,60,"E",1,3,"0","0","0",NA,6
6,2021-12-12,16,60,"E",1,4,"0","0","0",NA,6
7,2021-12-13,38,30,"C",1,2,"3","30","200",NA,7
7,2021-12-13,38,30,"C",1,3,"2","47","250","1",7
7,2021-12-13,38,30,"C",1,4,"2","27","150",NA,7
7,2021-12-13,35,75,"C",1,2,"5","60","100","1",7
7,2021-12-13,35,75,"C",1,3,"8","63","50","1",7
7,2021-12-13,35,75,"C",1,4,"10","55","50",NA,7
7,2021-12-13,35,75,"E",1,2,"2","62","0",NA,7
7,2021-12-13,35,75,"E",1,3,"2","43","0",NA,7
7,2021-12-13,35,75,"E",1,4,"5","38","0",NA,7
7,2021-12-13,32,45,"C",1,2,"11","43","100",NA,7
7,2021-12-13,32,45,"C",1,3,"14","42","100",NA,7
7,2021-12-13,32,45,"C",1,4,"9","41","100",NA,7
7,2021-12-13,28,45,"C",1,2,"2","0","150",NA,7
7,2021-12-13,28,45,"C",1,3,"6","0","100",NA,7
7,2021-12-13,28,45,"C",1,4,"7","0","300",NA,7
7,2021-12-13,24,60,"C",1,2,"0","0","100",NA,7
7,2021-12-13,24,60,"C",1,3,"0","0","200",NA,7
7,2021-12-13,24,60,"C",1,4,"0","0","200",NA,7
7,2021-12-13,24,60,"E",1,2,"0","0","0",NA,7
7,2021-12-13,24,60,"E",1,3,"0","0","0",NA,7
7,2021-12-13,24,60,"E",1,4,"0","0","0",NA,7
7,2021-12-13,20,60,"C",1,2,"0","0","100",NA,7
7,2021-12-13,20,60,"C",1,3,"0","0","100",NA,7
7,2021-12-13,20,60,"C",1,4,"0","0","100",NA,7
7,2021-12-13,20,60,"E",1,2,"0","0","0",NA,7
7,2021-12-13,20,60,"E",1,3,"0","0","0",NA,7
7,2021-12-13,20,60,"E",1,4,"0","0","0",NA,7
7,2021-12-13,16,60,"C",1,2,"0","0","100",NA,7
7,2021-12-13,16,60,"C",1,3,"0","0","100",NA,7
7,2021-12-13,16,60,"C",1,4,"0","0","50",NA,7
7,2021-12-13,16,60,"E",1,2,"0","0","0",NA,7
7,2021-12-13,16,60,"E",1,3,"0","0","0",NA,7
7,2021-12-13,16,60,"E",1,4,"0","0","0",NA,7
8,2021-12-14,38,30,"C",1,2,"1","3","200",NA,8
8,2021-12-14,38,30,"C",1,3,"2","2","200",NA,8
8,2021-12-14,38,30,"C",1,4,"0","7","200",NA,8
8,2021-12-14,35,75,"C",1,2,"0","11","100",NA,8
8,2021-12-14,35,75,"C",1,3,"na","13","na","finished",8
8,2021-12-14,35,75,"C",1,4,"2","11","150",NA,8
8,2021-12-14,35,75,"E",1,2,"1","2","0",NA,8
8,2021-12-14,35,75,"E",1,3,"na","2","0","finished",8
8,2021-12-14,35,75,"E",1,4,"na","5","0","finished",8
8,2021-12-14,32,45,"C",1,2,"3","32","150","2",8
8,2021-12-14,32,45,"C",1,3,"1","32","100","1",8
8,2021-12-14,32,45,"C",1,4,"1","20","150",NA,8
8,2021-12-14,28,45,"C",1,2,"24","0","200",NA,8
8,2021-12-14,28,45,"C",1,3,"36","1","300",NA,8
8,2021-12-14,28,45,"C",1,4,"43","1","250",NA,8
8,2021-12-14,24,60,"C",1,2,"0","0","100",NA,8
8,2021-12-14,24,60,"C",1,3,"0","0","150",NA,8
8,2021-12-14,24,60,"C",1,4,"0","0","100",NA,8
8,2021-12-14,24,60,"E",1,2,"na","na","na","DEAD",8
8,2021-12-14,24,60,"E",1,3,"na","na","na","DEAD",8
8,2021-12-14,24,60,"E",1,4,"na","na","na","DEAD",8
8,2021-12-14,20,60,"C",1,2,"0","0","100",NA,8
8,2021-12-14,20,60,"C",1,3,"0","0","150",NA,8
8,2021-12-14,20,60,"C",1,4,"0","0","100",NA,8
8,2021-12-14,20,60,"E",1,2,"0","0","0",NA,8
8,2021-12-14,20,60,"E",1,3,"0","0","0",NA,8
8,2021-12-14,20,60,"E",1,4,"0","0","0",NA,8
8,2021-12-14,16,60,"C",1,2,"0","0","100",NA,8
8,2021-12-14,16,60,"C",1,3,"0","0","100",NA,8
8,2021-12-14,16,60,"C",1,4,"0","0","100",NA,8
8,2021-12-14,16,60,"E",1,2,"0","0","0",NA,8
8,2021-12-14,16,60,"E",1,3,"0","0","0",NA,8
8,2021-12-14,16,60,"E",1,4,"0","0","0",NA,8
9,2021-12-15,38,30,"C",1,2,"0","0","350",NA,9
9,2021-12-15,38,30,"C",1,3,"1","1","300",NA,9
9,2021-12-15,38,30,"C",1,4,"1","0","300",NA,9
9,2021-12-15,35,75,"C",1,2,"2","2","250",NA,9
9,2021-12-15,35,75,"C",1,4,"0","0","250",NA,9
9,2021-12-15,35,75,"E",1,2,"0","1","0",NA,9
9,2021-12-15,32,45,"C",1,2,"0","3","250",NA,9
9,2021-12-15,32,45,"C",1,3,"3","1","300",NA,9
9,2021-12-15,32,45,"C",1,4,"2","3","250",NA,9
9,2021-12-15,28,45,"C",1,2,"31","12","350",NA,9
9,2021-12-15,28,45,"C",1,3,"8","21","300",NA,9
9,2021-12-15,28,45,"C",1,4,"18","29","300",NA,9
9,2021-12-15,24,60,"C",1,2,"4","0","300",NA,9
9,2021-12-15,24,60,"C",1,3,"26","0","250",NA,9
9,2021-12-15,24,60,"C",1,4,"15","0","250",NA,9
9,2021-12-15,20,60,"C",1,2,"0","0","200",NA,9
9,2021-12-15,20,60,"C",1,3,"0","0","200",NA,9
9,2021-12-15,20,60,"C",1,4,"0","0","200",NA,9
9,2021-12-15,20,60,"E",1,2,"0","0","0",NA,9
9,2021-12-15,20,60,"E",1,3,"0","0","0",NA,9
9,2021-12-15,20,60,"E",1,4,"0","0","0",NA,9
9,2021-12-15,16,60,"C",1,2,"0","0","150",NA,9
9,2021-12-15,16,60,"C",1,3,"0","0","150",NA,9
9,2021-12-15,16,60,"C",1,4,"0","0","250",NA,9
9,2021-12-15,16,60,"E",1,2,"0","0","0",NA,9
9,2021-12-15,16,60,"E",1,3,"0","0","0",NA,9
9,2021-12-15,16,60,"E",1,4,"0","0","0",NA,9
10,2021-12-16,38,30,"C",1,2,"0","0","250","1",10
10,2021-12-16,38,30,"C",1,3,"0","0","200",NA,10
10,2021-12-16,38,30,"C",1,4,"0","0","200",NA,10
10,2021-12-16,35,75,"C",1,2,"na","1","200","finished",10
10,2021-12-16,35,75,"C",1,4,"2","0","200",NA,10
10,2021-12-16,35,75,"E",1,2,"0","0","0",NA,10
10,2021-12-16,32,45,"C",1,2,"3","1","200",NA,10
10,2021-12-16,32,45,"C",1,3,"1","2","200",NA,10
10,2021-12-16,32,45,"C",1,4,"0","2","200",NA,10
10,2021-12-16,28,45,"C",1,2,"6","31","200",NA,10
10,2021-12-16,28,45,"C",1,3,"15","23","200",NA,10
10,2021-12-16,28,45,"C",1,4,"8","29","200",NA,10
10,2021-12-16,24,60,"C",1,2,"31","0","100",NA,10
10,2021-12-16,24,60,"C",1,3,"43","1","100",NA,10
10,2021-12-16,24,60,"C",1,4,"49","0","100",NA,10
10,2021-12-16,20,60,"C",1,2,"0","0","50",NA,10
10,2021-12-16,20,60,"C",1,3,"0","0","50",NA,10
10,2021-12-16,20,60,"C",1,4,"0","0","50",NA,10
10,2021-12-16,20,60,"E",1,2,"na","0","na","finished",10
10,2021-12-16,20,60,"E",1,3,"0","0","0",NA,10
10,2021-12-16,20,60,"E",1,4,"na","0","na","finished",10
10,2021-12-16,16,60,"C",1,2,"0","0","50",NA,10
10,2021-12-16,16,60,"C",1,3,"0","0","50",NA,10
10,2021-12-16,16,60,"C",1,4,"0","0","50",NA,10
10,2021-12-16,16,60,"E",1,2,"0","0","0",NA,10
10,2021-12-16,16,60,"E",1,3,"0","0","0",NA,10
10,2021-12-16,16,60,"E",1,4,"0","0","0",NA,10
11,2021-12-17,38,30,"C",1,2,"0","0","350",NA,11
11,2021-12-17,38,30,"C",1,3,"0","0","250",NA,11
11,2021-12-17,38,30,"C",1,4,"0","0","250",NA,11
11,2021-12-17,35,75,"C",1,4,"1","2","0",NA,11
11,2021-12-17,35,75,"E",1,2,"na","na","0","finished",11
11,2021-12-17,32,45,"C",1,2,"0","2","250",NA,11
11,2021-12-17,32,45,"C",1,3,"1","0","250",NA,11
11,2021-12-17,32,45,"C",1,4,"0","0","300",NA,11
11,2021-12-17,28,45,"C",1,2,"8","13","200","1",11
11,2021-12-17,28,45,"C",1,3,"5","16","300",NA,11
11,2021-12-17,28,45,"C",1,4,"1","12","300",NA,11
11,2021-12-17,24,60,"C",1,2,"29","9","150",NA,11
11,2021-12-17,24,60,"C",1,3,"17","37","150",NA,11
11,2021-12-17,24,60,"C",1,4,"18","23","150",NA,11
11,2021-12-17,20,60,"C",1,2,"0","0","250",NA,11
11,2021-12-17,20,60,"C",1,3,"0","0","250",NA,11
11,2021-12-17,20,60,"C",1,4,"0","0","250",NA,11
11,2021-12-17,20,60,"E",1,3,"na","na","0","finished",11
11,2021-12-17,16,60,"C",1,2,"0","0","50",NA,11
11,2021-12-17,16,60,"C",1,3,"0","0","50",NA,11
11,2021-12-17,16,60,"C",1,4,"0","0","50",NA,11
11,2021-12-17,16,60,"E",1,2,"0","0","0",NA,11
11,2021-12-17,16,60,"E",1,3,"0","0","0",NA,11
11,2021-12-17,16,60,"E",1,4,"0","0","0",NA,11
12,2021-12-18,38,30,"C",1,2,"0","0","300",NA,12
12,2021-12-18,38,30,"C",1,3,"0","0","100",NA,12
12,2021-12-18,38,30,"C",1,4,"0","0","150",NA,12
12,2021-12-18,35,75,"C",1,4,"na","1","na","finished",12
12,2021-12-18,32,45,"C",1,2,"0","1","200",NA,12
12,2021-12-18,32,45,"C",1,3,"0","1","200",NA,12
12,2021-12-18,32,45,"C",1,4,"0","0","200",NA,12
12,2021-12-18,28,45,"C",1,2,"1","7","100",NA,12
12,2021-12-18,28,45,"C",1,3,"0","5","200",NA,12
12,2021-12-18,28,45,"C",1,4,"1","3","150",NA,12
12,2021-12-18,24,60,"C",1,2,"8","27","100",NA,12
12,2021-12-18,24,60,"C",1,3,"3","31","150",NA,12
12,2021-12-18,24,60,"C",1,4,"4","37","150",NA,12
12,2021-12-18,20,60,"C",1,2,"0","0","100",NA,12
12,2021-12-18,20,60,"C",1,3,"0","0","150",NA,12
12,2021-12-18,20,60,"C",1,4,"0","0","150",NA,12
12,2021-12-18,16,60,"C",1,2,"0","0","150",NA,12
12,2021-12-18,16,60,"C",1,3,"0","0","150",NA,12
12,2021-12-18,16,60,"C",1,4,"0","0","150",NA,12
12,2021-12-18,16,60,"E",1,2,"0","0","0",NA,12
12,2021-12-18,16,60,"E",1,3,"0","0","0",NA,12
12,2021-12-18,16,60,"E",1,4,"na","na","na","finished",12
13,2021-12-19,38,30,"C",1,2,"0","0","200",NA,13
13,2021-12-19,38,30,"C",1,3,"0","0","250",NA,13
13,2021-12-19,38,30,"C",1,4,"0","0","200",NA,13
13,2021-12-19,32,45,"C",1,2,"0","0","300",NA,13
13,2021-12-19,32,45,"C",1,3,"0","0","100",NA,13
13,2021-12-19,32,45,"C",1,4,"0","0","300",NA,13
13,2021-12-19,28,45,"C",1,2,"1","5","150",NA,13
13,2021-12-19,28,45,"C",1,3,"2","3","200",NA,13
13,2021-12-19,28,45,"C",1,4,"4","2","100",NA,13
13,2021-12-19,24,60,"C",1,2,"8","NA","100","All adult mosquitoes destroyed by aspirator",13
13,2021-12-19,24,60,"C",1,3,"1","17","100",NA,13
13,2021-12-19,24,60,"C",1,4,"5","18","100",NA,13
13,2021-12-19,20,60,"C",1,2,"0","0","150",NA,13
13,2021-12-19,20,60,"C",1,3,"0","0","150",NA,13
13,2021-12-19,20,60,"C",1,4,"0","0","150",NA,13
13,2021-12-19,16,60,"C",1,2,"0","0","100",NA,13
13,2021-12-19,16,60,"C",1,3,"0","0","100",NA,13
13,2021-12-19,16,60,"C",1,4,"0","0","100",NA,13
13,2021-12-19,16,60,"E",1,2,"na","na","na","finished",13
13,2021-12-19,16,60,"E",1,3,"na","na","na","finished",13
14,2021-12-20,38,30,"C",1,2,"0","0","400","3",14
14,2021-12-20,38,30,"C",1,3,"0","0","200","potentially rest of pupae + larvae dead in tray",14
14,2021-12-20,38,30,"C",1,4,"1","0","300","pupae cup ran out of water… 6 potential casualties",14
14,2021-12-20,32,45,"C",1,2,"1","0","300",NA,14
14,2021-12-20,32,45,"C",1,3,"0","0","200",NA,14
14,2021-12-20,32,45,"C",1,4,"0","0","400",NA,14
14,2021-12-20,28,45,"C",1,2,"1","1","200",NA,14
14,2021-12-20,28,45,"C",1,3,"0","1","200",NA,14
14,2021-12-20,28,45,"C",1,4,"4","3","200",NA,14
14,2021-12-20,24,60,"C",1,2,"2","11","100","1 adult smooshed in aspirator",14
14,2021-12-20,24,60,"C",1,3,"4","3","200",NA,14
14,2021-12-20,24,60,"C",1,4,"2","6","100",NA,14
14,2021-12-20,20,60,"C",1,2,"6","0","0",NA,14
14,2021-12-20,20,60,"C",1,3,"2","0","100",NA,14
14,2021-12-20,20,60,"C",1,4,"0","0","200",NA,14
14,2021-12-20,16,60,"C",1,2,"0","0","0",NA,14
14,2021-12-20,16,60,"C",1,3,"0","0","0",NA,14
14,2021-12-20,16,60,"C",1,4,"0","0","0",NA,14
15,2021-12-21,38,30,"C",1,2,"0","0","400","5 dead pupae in cup- left it",15
15,2021-12-21,38,30,"C",1,3,"0","0","na","finished… 4 dead larvae in tray + 2 dead pupae in cup",15
15,2021-12-21,38,30,"C",1,4,"0","0","0","2 dead larvae + 4 dead pupae in tray…5 dead pupae in cup with living pupae",15
15,2021-12-21,32,45,"C",1,2,"0","1","100","1 dead pupae in cup- left it",15
15,2021-12-21,32,45,"C",1,3,"0","0","100","2 dead pupae in cup- left it",15
15,2021-12-21,32,45,"C",1,4,"0","0","200",NA,15
15,2021-12-21,28,45,"C",1,2,"0","0","150","1 dead pupae in cup- left it",15
15,2021-12-21,28,45,"C",1,3,"0","1","300","1 dead larvae in tray- left it",15
15,2021-12-21,28,45,"C",1,4,"0","3","400","2 dead larvae in tray- left it",15
15,2021-12-21,24,60,"C",1,2,"0","5","100",NA,15
15,2021-12-21,24,60,"C",1,3,"1","1","100",NA,15
15,2021-12-21,24,60,"C",1,4,"0","4","100","1 dead pupae in tray and in pupae cup- left them",15
15,2021-12-21,20,60,"C",1,2,"14","0","100",NA,15
15,2021-12-21,20,60,"C",1,3,"19","0","100",NA,15
15,2021-12-21,20,60,"C",1,4,"13","0","100",NA,15
15,2021-12-21,16,60,"C",1,2,"0","0","100",NA,15
15,2021-12-21,16,60,"C",1,3,"0","0","0",NA,15
15,2021-12-21,16,60,"C",1,4,"0","0","100",NA,15
16,2021-12-22,38,30,"C",1,2,"0","0","300",NA,16
16,2021-12-22,38,30,"C",1,4,"na","0","na","half emerged adults in pupae cup…might be dead will keep another day to make sure",16
16,2021-12-22,32,45,"C",1,2,"0","0","300",NA,16
16,2021-12-22,32,45,"C",1,3,"0","0","300",NA,16
16,2021-12-22,32,45,"C",1,4,"0","0","300",NA,16
16,2021-12-22,28,45,"C",1,2,"0","1","300",NA,16
16,2021-12-22,28,45,"C",1,3,"0","0","200",NA,16
16,2021-12-22,28,45,"C",1,4,"1","2","100",NA,16
16,2021-12-22,24,60,"C",1,2,"0","1","200",NA,16
16,2021-12-22,24,60,"C",1,3,"0","4","200",NA,16
16,2021-12-22,24,60,"C",1,4,"1","2","200",NA,16
16,2021-12-22,20,60,"C",1,2,"16","0","100",NA,16
16,2021-12-22,20,60,"C",1,3,"17","0","100",NA,16
16,2021-12-22,20,60,"C",1,4,"15","0","100",NA,16
16,2021-12-22,16,60,"C",1,2,"0","0","100",NA,16
16,2021-12-22,16,60,"C",1,3,"0","0","100",NA,16
16,2021-12-22,16,60,"C",1,4,"0","0","0",NA,16
17,2021-12-23,38,30,"C",1,2,"0","0","400","some larvae alive in tray. All pupae + half emerged adults dead as well",17
17,2021-12-23,38,30,"C",1,4,"0","0","na","half emerged adults in pupae cup are dead. 5 dead pupae and 3 half emerged adults dead. Finished",17
17,2021-12-23,32,45,"C",1,2,"0","0","200",NA,17
17,2021-12-23,32,45,"C",1,3,"0","0","200",NA,17
17,2021-12-23,32,45,"C",1,4,"0","0","200",NA,17
17,2021-12-23,28,45,"C",1,2,"0","0","200",NA,17
17,2021-12-23,28,45,"C",1,3,"0","0","200",NA,17
17,2021-12-23,28,45,"C",1,4,"0","0","300",NA,17
17,2021-12-23,24,60,"C",1,2,"1","0","100",NA,17
17,2021-12-23,24,60,"C",1,3,"2","1","100",NA,17
17,2021-12-23,24,60,"C",1,4,"0","0","200",NA,17
17,2021-12-23,20,60,"C",1,2,"5","3","50",NA,17
17,2021-12-23,20,60,"C",1,3,"7","2","100",NA,17
17,2021-12-23,20,60,"C",1,4,"4","0","100",NA,17
17,2021-12-23,16,60,"C",1,2,"0","0","100",NA,17
17,2021-12-23,16,60,"C",1,3,"0","0","100",NA,17
17,2021-12-23,16,60,"C",1,4,"0","0","100",NA,17
18,2021-12-24,38,30,"C",1,2,"0","0","400","multiple dead pupae in cup BUT one wiggling larva in tray… keep and see tomorrow",18
18,2021-12-24,32,45,"C",1,2,"0","0","200",NA,18
18,2021-12-24,32,45,"C",1,3,"0","0","200",NA,18
18,2021-12-24,32,45,"C",1,4,"0","0","200",NA,18
18,2021-12-24,28,45,"C",1,2,"0","0","200",NA,18
18,2021-12-24,28,45,"C",1,3,"0","0","200",NA,18
18,2021-12-24,28,45,"C",1,4,"1","0","200",NA,18
18,2021-12-24,24,60,"C",1,2,"0","0","100",NA,18
18,2021-12-24,24,60,"C",1,3,"1","0","200",NA,18
18,2021-12-24,24,60,"C",1,4,"1","1","na",NA,18
18,2021-12-24,20,60,"C",1,2,"3","13","300",NA,18
18,2021-12-24,20,60,"C",1,3,"3","13","200",NA,18
18,2021-12-24,20,60,"C",1,4,"5","9","200",NA,18
18,2021-12-24,16,60,"C",1,2,"0","0","100",NA,18
18,2021-12-24,16,60,"C",1,3,"0","0","100",NA,18
18,2021-12-24,16,60,"C",1,4,"0","0","200",NA,18
19,2021-12-25,38,30,"C",1,2,"0","0","na","finished. 17 dead larva in tray, 5 dead pupae in cup and 5 half emerged dead adults also in cup",19
19,2021-12-25,32,45,"C",1,2,"0","0","200",NA,19
19,2021-12-25,32,45,"C",1,3,"0","0","200",NA,19
19,2021-12-25,32,45,"C",1,4,"0","0","200",NA,19
19,2021-12-25,28,45,"C",1,2,"0","0","200",NA,19
19,2021-12-25,28,45,"C",1,3,"0","0","200",NA,19
19,2021-12-25,28,45,"C",1,4,"0","0","150",NA,19
19,2021-12-25,24,60,"C",1,2,"0","1","200",NA,19
19,2021-12-25,24,60,"C",1,3,"1","2","na",NA,19
19,2021-12-25,24,60,"C",1,4,"na","na","na",NA,19
19,2021-12-25,20,60,"C",1,2,"4","17","200",NA,19
19,2021-12-25,20,60,"C",1,3,"2","19","100",NA,19
19,2021-12-25,20,60,"C",1,4,"0","18","100",NA,19
19,2021-12-25,16,60,"C",1,2,"0","0","100",NA,19
19,2021-12-25,16,60,"C",1,3,"0","0","100",NA,19
19,2021-12-25,16,60,"C",1,4,"0","0","100",NA,19
20,2021-12-26,32,45,"C",1,2,"0","0","300",NA,20
20,2021-12-26,32,45,"C",1,3,"na","na","na",NA,20
20,2021-12-26,32,45,"C",1,4,"0","0","300",NA,20
20,2021-12-26,28,45,"C",1,2,"0","0","200",NA,20
20,2021-12-26,28,45,"C",1,3,"0","0","200",NA,20
20,2021-12-26,28,45,"C",1,4,"0","0","200",NA,20
20,2021-12-26,24,60,"C",1,2,"1","0","100",NA,20
20,2021-12-26,24,60,"C",1,3,"na","1","na",NA,20
20,2021-12-26,24,60,"C",1,4,"na","1","na",NA,20
20,2021-12-26,20,60,"C",1,2,"2","5","100",NA,20
20,2021-12-26,20,60,"C",1,3,"4","10","100",NA,20
20,2021-12-26,20,60,"C",1,4,"0","4","100",NA,20
20,2021-12-26,16,60,"C",1,2,"0","0","100",NA,20
20,2021-12-26,16,60,"C",1,3,"0","0","100",NA,20
20,2021-12-26,16,60,"C",1,4,"0","0","100",NA,20
21,2021-12-27,32,45,"C",1,2,"0","0","na",NA,21
21,2021-12-27,32,45,"C",1,4,"0","0","200",NA,21
21,2021-12-27,28,45,"C",1,2,"0","0","200",NA,21
21,2021-12-27,28,45,"C",1,3,"0","0","200",NA,21
21,2021-12-27,28,45,"C",1,4,"0","0","300",NA,21
21,2021-12-27,24,60,"C",1,2,"0","0","200",NA,21
21,2021-12-27,24,60,"C",1,3,"na","1","na","Finished",21
21,2021-12-27,20,60,"C",1,2,"1","2","0",NA,21
21,2021-12-27,20,60,"C",1,3,"1","2","100",NA,21
21,2021-12-27,20,60,"C",1,4,"0","6","100",NA,21
21,2021-12-27,16,60,"C",1,2,"0","0","100",NA,21
21,2021-12-27,16,60,"C",1,3,"0","0","100",NA,21
21,2021-12-27,16,60,"C",1,4,"0","0","100",NA,21
22,2021-12-28,32,45,"C",1,4,"0","0","200",NA,22
22,2021-12-28,28,45,"C",1,2,"0","0","300",NA,22
22,2021-12-28,28,45,"C",1,3,"0","0","200",NA,22
22,2021-12-28,28,45,"C",1,4,"0","0","200",NA,22
22,2021-12-28,24,60,"C",1,2,"0","0","0",NA,22
22,2021-12-28,20,60,"C",1,2,"0","2","200",NA,22
22,2021-12-28,20,60,"C",1,3,"0","2","200",NA,22
22,2021-12-28,20,60,"C",1,4,"0","0","200",NA,22
22,2021-12-28,16,60,"C",1,2,"0","0","100",NA,22
22,2021-12-28,16,60,"C",1,3,"0","0","100",NA,22
22,2021-12-28,16,60,"C",1,4,"0","0","100",NA,22
23,2021-12-29,32,45,"C",1,4,"0","0","300",NA,23
23,2021-12-29,28,45,"C",1,2,"0","0","200",NA,23
23,2021-12-29,28,45,"C",1,3,"na","na","na","Finished. 15 dead larvae in tray, no dead pupae in cup.",23
23,2021-12-29,28,45,"C",1,4,"na","na","na","1 dead larvae + 2 dead pupae in tray, one living pupae left in cup",23
23,2021-12-29,24,60,"C",1,2,"0","0","200",NA,23
23,2021-12-29,20,60,"C",1,2,"0","0","100",NA,23
23,2021-12-29,20,60,"C",1,3,"0","2","100",NA,23
23,2021-12-29,20,60,"C",1,4,"0","0","100",NA,23
23,2021-12-29,16,60,"C",1,2,"0","0","100",NA,23
23,2021-12-29,16,60,"C",1,3,"0","0","100",NA,23
23,2021-12-29,16,60,"C",1,4,"0","0","100",NA,23
24,2021-12-30,32,45,"C",1,4,"na","na","na","DEAD",24
24,2021-12-30,28,45,"C",1,2,"na","na","na","DEAD",24
24,2021-12-30,24,60,"C",1,2,"0","0","0",NA,24
24,2021-12-30,20,60,"C",1,2,"1","0","0",NA,24
24,2021-12-30,20,60,"C",1,3,"0","1","0",NA,24
24,2021-12-30,20,60,"C",1,4,"na","na","na","DEAD",24
24,2021-12-30,16,60,"C",1,2,"0","0","150",NA,24
24,2021-12-30,16,60,"C",1,3,"0","0","200",NA,24
24,2021-12-30,16,60,"C",1,4,"0","0","150",NA,24
25,2021-12-31,24,60,"C",1,2,"0","0","0",NA,25
25,2021-12-31,20,60,"C",1,2,"0","0","0",NA,25
25,2021-12-31,20,60,"C",1,3,"0","0","0",NA,25
25,2021-12-31,16,60,"C",1,2,"0","0","0",NA,25
25,2021-12-31,16,60,"C",1,3,"0","0","0",NA,25
25,2021-12-31,16,60,"C",1,4,"0","0","0",NA,25
26,2022-01-01,24,60,"C",1,2,"0","0","0",NA,26
26,2022-01-01,20,60,"C",1,2,"0","0","100",NA,26
26,2022-01-01,20,60,"C",1,3,"1","0","0",NA,26
26,2022-01-01,16,60,"C",1,2,"0","0","150",NA,26
26,2022-01-01,16,60,"C",1,3,"0","0","150",NA,26
26,2022-01-01,16,60,"C",1,4,"0","0","150",NA,26
27,2022-01-02,24,60,"C",1,2,"na","na","na","DEAD",27
27,2022-01-02,20,60,"C",1,2,"2","0","100",NA,27
27,2022-01-02,20,60,"C",1,3,"na","0","na",NA,27
27,2022-01-02,16,60,"C",1,2,"0","0","100",NA,27
27,2022-01-02,16,60,"C",1,3,"0","0","100",NA,27
27,2022-01-02,16,60,"C",1,4,"0","0","100",NA,27
28,2022-01-03,20,60,"C",1,2,"1","0","0",NA,28
28,2022-01-03,20,60,"C",1,3,"0","1","na","finished",28
28,2022-01-03,16,60,"C",1,2,"0","0","100",NA,28
28,2022-01-03,16,60,"C",1,3,"0","0","100",NA,28
28,2022-01-03,16,60,"C",1,4,"0","0","100",NA,28
29,2022-01-04,20,60,"C",1,2,"0","0","100",NA,29
29,2022-01-04,16,60,"C",1,2,"0","0","50",NA,29
29,2022-01-04,16,60,"C",1,3,"0","0","50",NA,29
29,2022-01-04,16,60,"C",1,4,"0","0","50",NA,29
30,2022-01-05,20,60,"C",1,2,"na","0","na","lingering pupae in the cup",30
30,2022-01-05,16,60,"C",1,2,"0","0","100",NA,30
30,2022-01-05,16,60,"C",1,3,"0","0","100",NA,30
30,2022-01-05,16,60,"C",1,4,"0","0","100",NA,30
31,2022-01-06,20,60,"C",1,2,"na","0","na",NA,31
31,2022-01-06,16,60,"C",1,2,"0","0","100",NA,31
31,2022-01-06,16,60,"C",1,3,"0","0","100",NA,31
31,2022-01-06,16,60,"C",1,4,"0","0","100",NA,31
32,2022-01-07,20,60,"C",1,2,"na","na","na","dead",32
32,2022-01-07,16,60,"C",1,2,"0","0","100",NA,32
32,2022-01-07,16,60,"C",1,3,"0","0","100",NA,32
32,2022-01-07,16,60,"C",1,4,"0","0","100",NA,32
33,2022-01-08,16,60,"C",1,2,"0","0","0",NA,33
33,2022-01-08,16,60,"C",1,3,"0","0","0",NA,33
33,2022-01-08,16,60,"C",1,4,"0","0","0",NA,33
34,2022-01-09,16,60,"C",1,2,"0","0","100",NA,34
34,2022-01-09,16,60,"C",1,3,"0","0","100",NA,34
34,2022-01-09,16,60,"C",1,4,"1","0","100",NA,34
35,2022-01-10,16,60,"C",1,2,"1","0","100",NA,35
35,2022-01-10,16,60,"C",1,3,"1","0","100",NA,35
35,2022-01-10,16,60,"C",1,4,"2","0","100",NA,35
36,2022-01-11,16,60,"C",1,2,"0","0","100",NA,36
36,2022-01-11,16,60,"C",1,3,"0","0","100",NA,36
36,2022-01-11,16,60,"C",1,4,"0","0","100",NA,36
37,2022-01-12,16,60,"C",1,2,"0","0","100",NA,37
37,2022-01-12,16,60,"C",1,3,"0","0","100",NA,37
37,2022-01-12,16,60,"C",1,4,"0","0","100",NA,37
38,2022-01-13,16,60,"C",1,2,"0","0","100",NA,38
38,2022-01-13,16,60,"C",1,3,"0","0","100",NA,38
38,2022-01-13,16,60,"C",1,4,"0","0","100",NA,38
39,2022-01-14,16,60,"C",1,2,"0","0","100",NA,39
39,2022-01-14,16,60,"C",1,3,"0","0","100",NA,39
39,2022-01-14,16,60,"C",1,4,"0","0","100",NA,39
40,2022-01-15,16,60,"C",1,2,"0","0","100",NA,40
40,2022-01-15,16,60,"C",1,3,"0","0","100",NA,40
40,2022-01-15,16,60,"C",1,4,"0","0","100",NA,40
41,2022-01-16,16,60,"C",1,2,"0","0","100",NA,41
41,2022-01-16,16,60,"C",1,3,"0","0","100",NA,41
41,2022-01-16,16,60,"C",1,4,"0","0","100",NA,41
42,2022-01-17,16,60,"C",1,2,"0","0","100",NA,0
42,2022-01-17,16,60,"C",1,3,"0","0","100",NA,0
42,2022-01-17,16,60,"C",1,4,"0","0","100",NA,0
42,2022-01-17,38,90,"C",2,1,"0","0","0",NA,0
42,2022-01-17,38,90,"C",2,2,"0","0","0",NA,0
42,2022-01-17,38,90,"C",2,3,"0","0","0",NA,0
42,2022-01-17,38,90,"E",2,1,"0","0","0",NA,0
42,2022-01-17,38,90,"E",2,2,"0","0","0",NA,0
42,2022-01-17,38,90,"E",2,3,"0","0","0",NA,0
42,2022-01-17,35,60,"C",2,1,"0","0","0",NA,0
42,2022-01-17,35,60,"C",2,2,"0","0","0",NA,0
42,2022-01-17,35,60,"C",2,3,"0","0","0",NA,0
42,2022-01-17,35,60,"E",2,1,"0","0","0",NA,0
42,2022-01-17,35,60,"E",2,2,"0","0","0",NA,0
42,2022-01-17,35,60,"E",2,3,"0","0","0",NA,0
42,2022-01-17,32,75,"C",2,1,"0","0","0",NA,0
42,2022-01-17,32,75,"C",2,2,"0","0","0",NA,0
42,2022-01-17,32,75,"C",2,3,"0","0","0",NA,0
42,2022-01-17,32,75,"E",2,1,"0","0","0",NA,0
42,2022-01-17,32,75,"E",2,2,"0","0","0",NA,0
42,2022-01-17,32,75,"E",2,3,"0","0","0",NA,0
42,2022-01-17,28,60,"C",2,1,"0","0","0",NA,0
42,2022-01-17,28,60,"C",2,2,"0","0","0",NA,0
42,2022-01-17,28,60,"C",2,3,"0","0","0",NA,0
42,2022-01-17,28,60,"E",2,1,"0","0","0",NA,0
42,2022-01-17,28,60,"E",2,2,"0","0","0",NA,0
42,2022-01-17,28,60,"E",2,3,"0","0","0",NA,0
42,2022-01-17,24,45,"C",2,1,"0","0","0",NA,0
42,2022-01-17,24,45,"C",2,2,"0","0","0",NA,0
42,2022-01-17,24,45,"C",2,3,"0","0","0",NA,0
42,2022-01-17,24,45,"E",2,1,"0","0","0",NA,0
42,2022-01-17,24,45,"E",2,2,"0","0","0",NA,0
42,2022-01-17,24,45,"E",2,3,"0","0","0",NA,0
42,2022-01-17,20,30,"C",2,1,"0","0","0",NA,0
42,2022-01-17,20,30,"C",2,2,"0","0","0",NA,0
42,2022-01-17,20,30,"C",2,3,"0","0","0",NA,0
42,2022-01-17,20,30,"E",2,1,"0","0","0",NA,0
42,2022-01-17,20,30,"E",2,2,"0","0","0",NA,0
42,2022-01-17,20,30,"E",2,3,"0","0","0",NA,0
42,2022-01-17,16,90,"C",2,1,"0","0","0",NA,0
42,2022-01-17,16,90,"C",2,2,"0","0","0",NA,0
42,2022-01-17,16,90,"C",2,3,"0","0","0",NA,0
42,2022-01-17,16,90,"E",2,1,"0","0","0",NA,0
42,2022-01-17,16,90,"E",2,2,"0","0","0",NA,0
42,2022-01-17,16,90,"E",2,3,"0","0","0",NA,0
43,2022-01-18,16,60,"C",1,2,"0","0","100",NA,1
43,2022-01-18,16,60,"C",1,3,"0","0","100",NA,1
43,2022-01-18,16,60,"C",1,4,"0","1","100",NA,1
43,2022-01-18,38,90,"C",2,1,"0","0","0",NA,1
43,2022-01-18,38,90,"C",2,2,"0","0","0",NA,1
43,2022-01-18,38,90,"C",2,3,"0","0","0",NA,1
43,2022-01-18,38,90,"E",2,1,"0","0","0",NA,1
43,2022-01-18,38,90,"E",2,2,"0","0","0",NA,1
43,2022-01-18,38,90,"E",2,3,"0","0","0",NA,1
43,2022-01-18,35,60,"C",2,1,"0","0","100",NA,1
43,2022-01-18,35,60,"C",2,2,"0","0","100",NA,1
43,2022-01-18,35,60,"C",2,3,"0","0","150",NA,1
43,2022-01-18,35,60,"E",2,1,"0","0","0",NA,1
43,2022-01-18,35,60,"E",2,2,"0","0","0",NA,1
43,2022-01-18,35,60,"E",2,3,"0","0","0",NA,1
43,2022-01-18,32,75,"C",2,1,"0","0","0",NA,1
43,2022-01-18,32,75,"C",2,2,"0","0","0",NA,1
43,2022-01-18,32,75,"C",2,3,"0","0","0",NA,1
43,2022-01-18,32,75,"E",2,1,"0","0","0",NA,1
43,2022-01-18,32,75,"E",2,2,"0","0","0",NA,1
43,2022-01-18,32,75,"E",2,3,"0","0","0",NA,1
43,2022-01-18,28,60,"C",2,1,"0","0","100",NA,1
43,2022-01-18,28,60,"C",2,2,"0","0","100",NA,1
43,2022-01-18,28,60,"C",2,3,"0","0","100",NA,1
43,2022-01-18,28,60,"E",2,1,"0","0","0",NA,1
43,2022-01-18,28,60,"E",2,2,"0","0","0",NA,1
43,2022-01-18,28,60,"E",2,3,"0","0","0",NA,1
43,2022-01-18,24,45,"C",2,1,"0","0","150",NA,1
43,2022-01-18,24,45,"C",2,2,"0","0","150",NA,1
43,2022-01-18,24,45,"C",2,3,"0","0","150",NA,1
43,2022-01-18,24,45,"E",2,1,"0","0","0",NA,1
43,2022-01-18,24,45,"E",2,2,"0","0","0",NA,1
43,2022-01-18,24,45,"E",2,3,"0","0","0",NA,1
43,2022-01-18,20,30,"C",2,1,"0","0","150",NA,1
43,2022-01-18,20,30,"C",2,2,"0","0","150",NA,1
43,2022-01-18,20,30,"C",2,3,"0","0","100",NA,1
43,2022-01-18,20,30,"E",2,1,"0","0","0",NA,1
43,2022-01-18,20,30,"E",2,2,"0","0","0",NA,1
43,2022-01-18,20,30,"E",2,3,"0","0","0",NA,1
43,2022-01-18,16,90,"C",2,1,"0","0","0",NA,1
43,2022-01-18,16,90,"C",2,2,"0","0","0",NA,1
43,2022-01-18,16,90,"C",2,3,"0","0","0",NA,1
43,2022-01-18,16,90,"E",2,1,"0","0","0",NA,1
43,2022-01-18,16,90,"E",2,2,"0","0","0",NA,1
43,2022-01-18,16,90,"E",2,3,"0","0","0",NA,1
44,2022-01-19,16,60,"C",1,2,"0","0","100",NA,2
44,2022-01-19,16,60,"C",1,3,"0","0","100",NA,2
44,2022-01-19,16,60,"C",1,4,"0","0","100",NA,2
44,2022-01-19,38,90,"C",2,1,"0","0","0",NA,2
44,2022-01-19,38,90,"C",2,2,"0","0","0",NA,2
44,2022-01-19,38,90,"C",2,3,"0","0","0",NA,2
44,2022-01-19,38,90,"E",2,1,"0","0","0",NA,2
44,2022-01-19,38,90,"E",2,2,"0","0","0",NA,2
44,2022-01-19,38,90,"E",2,3,"0","0","0",NA,2
44,2022-01-19,35,60,"C",2,1,"0","0","0",NA,2
44,2022-01-19,35,60,"C",2,2,"0","0","0",NA,2
44,2022-01-19,35,60,"C",2,3,"0","0","100",NA,2
44,2022-01-19,35,60,"E",2,1,"0","0","0",NA,2
44,2022-01-19,35,60,"E",2,2,"0","0","0",NA,2
44,2022-01-19,35,60,"E",2,3,"0","0","0",NA,2
44,2022-01-19,32,75,"C",2,1,"0","0","0",NA,2
44,2022-01-19,32,75,"C",2,2,"0","0","100",NA,2
44,2022-01-19,32,75,"C",2,3,"0","0","100",NA,2
44,2022-01-19,32,75,"E",2,1,"0","0","0",NA,2
44,2022-01-19,32,75,"E",2,2,"0","0","0",NA,2
44,2022-01-19,32,75,"E",2,3,"0","0","0",NA,2
44,2022-01-19,28,60,"C",2,1,"0","0","100",NA,2
44,2022-01-19,28,60,"C",2,2,"0","0","100",NA,2
44,2022-01-19,28,60,"C",2,3,"0","0","100",NA,2
44,2022-01-19,28,60,"E",2,1,"0","0","0",NA,2
44,2022-01-19,28,60,"E",2,2,"0","0","0",NA,2
44,2022-01-19,28,60,"E",2,3,"0","0","0",NA,2
44,2022-01-19,24,45,"C",2,1,"0","0","150",NA,2
44,2022-01-19,24,45,"C",2,2,"0","0","150",NA,2
44,2022-01-19,24,45,"C",2,3,"0","0","150",NA,2
44,2022-01-19,24,45,"E",2,1,"0","0","0",NA,2
44,2022-01-19,24,45,"E",2,2,"0","0","0",NA,2
44,2022-01-19,24,45,"E",2,3,"0","0","0",NA,2
44,2022-01-19,20,30,"C",2,1,"0","0","150",NA,2
44,2022-01-19,20,30,"C",2,2,"0","0","175",NA,2
44,2022-01-19,20,30,"C",2,3,"0","0","150",NA,2
44,2022-01-19,20,30,"E",2,1,"0","0","0",NA,2
44,2022-01-19,20,30,"E",2,2,"0","0","0",NA,2
44,2022-01-19,20,30,"E",2,3,"0","0","0",NA,2
44,2022-01-19,16,90,"C",2,1,"0","0","0",NA,2
44,2022-01-19,16,90,"C",2,2,"0","0","0",NA,2
44,2022-01-19,16,90,"C",2,3,"0","0","0",NA,2
44,2022-01-19,16,90,"E",2,1,"0","0","0",NA,2
44,2022-01-19,16,90,"E",2,2,"0","0","0",NA,2
44,2022-01-19,16,90,"E",2,3,"0","0","0",NA,2
45,2022-01-20,16,60,"C",1,2,"0","0","100",NA,3
45,2022-01-20,16,60,"C",1,3,"0","0","100",NA,3
45,2022-01-20,16,60,"C",1,4,"0","0","100",NA,3
45,2022-01-20,38,90,"C",2,1,"0","0","0",NA,3
45,2022-01-20,38,90,"C",2,2,"0","0","0",NA,3
45,2022-01-20,38,90,"C",2,3,"0","0","0",NA,3
45,2022-01-20,38,90,"E",2,1,"0","0","0",NA,3
45,2022-01-20,38,90,"E",2,2,"0","0","0",NA,3
45,2022-01-20,38,90,"E",2,3,"0","0","0",NA,3
45,2022-01-20,35,60,"C",2,1,"0","0","100",NA,3
45,2022-01-20,35,60,"C",2,2,"0","0","100",NA,3
45,2022-01-20,35,60,"C",2,3,"0","0","100",NA,3
45,2022-01-20,35,60,"E",2,1,"0","0","0",NA,3
45,2022-01-20,35,60,"E",2,2,"0","0","0",NA,3
45,2022-01-20,35,60,"E",2,3,"0","0","0",NA,3
45,2022-01-20,32,75,"C",2,1,"0","0","100",NA,3
45,2022-01-20,32,75,"C",2,2,"0","0","100",NA,3
45,2022-01-20,32,75,"C",2,3,"0","0","100",NA,3
45,2022-01-20,32,75,"E",2,1,"0","0","0",NA,3
45,2022-01-20,32,75,"E",2,2,"0","0","0",NA,3
45,2022-01-20,32,75,"E",2,3,"0","0","0",NA,3
45,2022-01-20,28,60,"C",2,1,"0","0","150",NA,3
45,2022-01-20,28,60,"C",2,2,"0","0","150",NA,3
45,2022-01-20,28,60,"C",2,3,"0","0","150",NA,3
45,2022-01-20,28,60,"E",2,1,"0","0","0",NA,3
45,2022-01-20,28,60,"E",2,2,"0","0","0",NA,3
45,2022-01-20,28,60,"E",2,3,"0","0","0",NA,3
45,2022-01-20,24,45,"C",2,1,"0","0","125",NA,3
45,2022-01-20,24,45,"C",2,2,"0","0","250",NA,3
45,2022-01-20,24,45,"C",2,3,"0","0","250",NA,3
45,2022-01-20,24,45,"E",2,1,"0","0","0",NA,3
45,2022-01-20,24,45,"E",2,2,"0","0","0",NA,3
45,2022-01-20,24,45,"E",2,3,"0","0","0",NA,3
45,2022-01-20,20,30,"C",2,1,"0","0","150",NA,3
45,2022-01-20,20,30,"C",2,2,"0","0","150",NA,3
45,2022-01-20,20,30,"C",2,3,"0","0","150",NA,3
45,2022-01-20,20,30,"E",2,1,"0","0","0",NA,3
45,2022-01-20,20,30,"E",2,2,"0","0","0",NA,3
45,2022-01-20,20,30,"E",2,3,"0","0","0",NA,3
45,2022-01-20,16,90,"C",2,1,"0","0","0",NA,3
45,2022-01-20,16,90,"C",2,2,"0","0","0",NA,3
45,2022-01-20,16,90,"C",2,3,"0","0","0",NA,3
45,2022-01-20,16,90,"E",2,1,"0","0","0",NA,3
45,2022-01-20,16,90,"E",2,2,"0","0","0",NA,3
45,2022-01-20,16,90,"E",2,3,"0","0","0",NA,3
46,2022-01-21,16,60,"C",1,2,"0","0","100",NA,4
46,2022-01-21,16,60,"C",1,3,"0","0","100","2 adults died during emergence",4
46,2022-01-21,16,60,"C",1,4,"0","0","100",NA,4
46,2022-01-21,38,90,"C",2,1,"0","0","0",NA,4
46,2022-01-21,38,90,"C",2,2,"0","0","0",NA,4
46,2022-01-21,38,90,"C",2,3,"0","0","0",NA,4
46,2022-01-21,38,90,"E",2,1,"0","0","0",NA,4
46,2022-01-21,38,90,"E",2,2,"0","0","0",NA,4
46,2022-01-21,38,90,"E",2,3,"0","0","0",NA,4
46,2022-01-21,35,60,"C",2,1,"0","0","100",NA,4
46,2022-01-21,35,60,"C",2,2,"0","0","100",NA,4
46,2022-01-21,35,60,"C",2,3,"0","0","100",NA,4
46,2022-01-21,35,60,"E",2,1,"0","0","0",NA,4
46,2022-01-21,35,60,"E",2,2,"0","0","0",NA,4
46,2022-01-21,35,60,"E",2,3,"0","0","0",NA,4
46,2022-01-21,32,75,"C",2,1,"0","0","100",NA,4
46,2022-01-21,32,75,"C",2,2,"0","0","50",NA,4
46,2022-01-21,32,75,"C",2,3,"0","0","100",NA,4
46,2022-01-21,32,75,"E",2,1,"0","0","0",NA,4
46,2022-01-21,32,75,"E",2,2,"0","0","0",NA,4
46,2022-01-21,32,75,"E",2,3,"0","0","0",NA,4
46,2022-01-21,28,60,"C",2,1,"0","0","150",NA,4
46,2022-01-21,28,60,"C",2,2,"0","0","200",NA,4
46,2022-01-21,28,60,"C",2,3,"0","0","150",NA,4
46,2022-01-21,28,60,"E",2,1,"0","0","0",NA,4
46,2022-01-21,28,60,"E",2,2,"0","0","0",NA,4
46,2022-01-21,28,60,"E",2,3,"0","0","0",NA,4
46,2022-01-21,24,45,"C",2,1,"0","0","200",NA,4
46,2022-01-21,24,45,"C",2,2,"0","0","100",NA,4
46,2022-01-21,24,45,"C",2,3,"0","0","150",NA,4
46,2022-01-21,24,45,"E",2,1,"0","0","0",NA,4
46,2022-01-21,24,45,"E",2,2,"0","0","0",NA,4
46,2022-01-21,24,45,"E",2,3,"0","0","0",NA,4
46,2022-01-21,20,30,"C",2,1,"0","0","100",NA,4
46,2022-01-21,20,30,"C",2,2,"0","0","100",NA,4
46,2022-01-21,20,30,"C",2,3,"0","0","100",NA,4
46,2022-01-21,20,30,"E",2,1,"0","0","0",NA,4
46,2022-01-21,20,30,"E",2,2,"0","0","0",NA,4
46,2022-01-21,20,30,"E",2,3,"0","0","0",NA,4
46,2022-01-21,16,90,"C",2,1,"0","0","0",NA,4
46,2022-01-21,16,90,"C",2,2,"0","0","0",NA,4
46,2022-01-21,16,90,"C",2,3,"0","0","0",NA,4
46,2022-01-21,16,90,"E",2,1,"0","0","0",NA,4
46,2022-01-21,16,90,"E",2,2,"0","0","0",NA,4
46,2022-01-21,16,90,"E",2,3,"0","0","0",NA,4
47,2022-01-22,16,60,"C",1,2,"0","0","0",NA,5
47,2022-01-22,16,60,"C",1,3,"0","0","0",NA,5
47,2022-01-22,16,60,"C",1,4,"0","0","0",NA,5
47,2022-01-22,38,90,"C",2,1,"0","0","0",NA,5
47,2022-01-22,38,90,"C",2,2,"0","0","0",NA,5
47,2022-01-22,38,90,"C",2,3,"0","0","0",NA,5
47,2022-01-22,38,90,"E",2,1,"0","0","0",NA,5
47,2022-01-22,38,90,"E",2,2,"0","0","0",NA,5
47,2022-01-22,38,90,"E",2,3,"0","0","0",NA,5
47,2022-01-22,35,60,"C",2,1,"26","0","100",NA,5
47,2022-01-22,35,60,"C",2,2,"27","0","100",NA,5
47,2022-01-22,35,60,"C",2,3,"11","0","150",NA,5
47,2022-01-22,35,60,"E",2,1,"37","0","0",NA,5
47,2022-01-22,35,60,"E",2,2,"33","0","0",NA,5
47,2022-01-22,35,60,"E",2,3,"39","0","0",NA,5
47,2022-01-22,32,75,"C",2,1,"32","0","100",NA,5
47,2022-01-22,32,75,"C",2,2,"2","0","100",NA,5
47,2022-01-22,32,75,"C",2,3,"2","0","100",NA,5
47,2022-01-22,32,75,"E",2,1,"16","0","0",NA,5
47,2022-01-22,32,75,"E",2,2,"4","0","0",NA,5
47,2022-01-22,32,75,"E",2,3,"29","0","0",NA,5
47,2022-01-22,28,60,"C",2,1,"0","0","100",NA,5
47,2022-01-22,28,60,"C",2,2,"0","0","100",NA,5
47,2022-01-22,28,60,"C",2,3,"0","0","100",NA,5
47,2022-01-22,28,60,"E",2,1,"0","0","0",NA,5
47,2022-01-22,28,60,"E",2,2,"0","0","0",NA,5
47,2022-01-22,28,60,"E",2,3,"0","0","0",NA,5
47,2022-01-22,24,45,"C",2,1,"0","0","200",NA,5
47,2022-01-22,24,45,"C",2,2,"0","0","300",NA,5
47,2022-01-22,24,45,"C",2,3,"0","0","150",NA,5
47,2022-01-22,24,45,"E",2,1,"na","na","na","Dead",5
47,2022-01-22,24,45,"E",2,2,"na","na","na","Dead",5
47,2022-01-22,24,45,"E",2,3,"na","na","na","Dead",5
47,2022-01-22,20,30,"C",2,1,"0","0","150",NA,5
47,2022-01-22,20,30,"C",2,2,"0","0","200",NA,5
47,2022-01-22,20,30,"C",2,3,"0","0","100",NA,5
47,2022-01-22,20,30,"E",2,1,"na","na","na","Dead",5
47,2022-01-22,20,30,"E",2,2,"na","na","na","Dead",5
47,2022-01-22,20,30,"E",2,3,"na","na","na","Dead",5
47,2022-01-22,16,90,"C",2,1,"0","0","0",NA,5
47,2022-01-22,16,90,"C",2,2,"0","0","0",NA,5
47,2022-01-22,16,90,"C",2,3,"0","0","0",NA,5
47,2022-01-22,16,90,"E",2,1,"0","0","0",NA,5
47,2022-01-22,16,90,"E",2,2,"0","0","0",NA,5
47,2022-01-22,16,90,"E",2,3,"0","0","0",NA,5
48,2022-01-23,16,60,"C",1,2,"0","0","0",NA,6
48,2022-01-23,16,60,"C",1,3,"0","0","0",NA,6
48,2022-01-23,16,60,"C",1,4,"0","0","0",NA,6
48,2022-01-23,38,90,"C",2,1,"0","0","0",NA,6
48,2022-01-23,38,90,"C",2,2,"0","0","0",NA,6
48,2022-01-23,38,90,"C",2,3,"0","0","0",NA,6
48,2022-01-23,38,90,"E",2,1,"0","0","0",NA,6
48,2022-01-23,38,90,"E",2,2,"0","0","0",NA,6
48,2022-01-23,38,90,"E",2,3,"0","0","0",NA,6
48,2022-01-23,35,60,"C",2,1,"38","33","100",NA,6
48,2022-01-23,35,60,"C",2,2,"31","27","200",NA,6
48,2022-01-23,35,60,"C",2,3,"59","11","150",NA,6
48,2022-01-23,35,60,"E",2,1,"39","44","0",NA,6
48,2022-01-23,35,60,"E",2,2,"37","37","0",NA,6
48,2022-01-23,35,60,"E",2,3,"7","39","0","plus3 and dead",6
48,2022-01-23,32,75,"C",2,1,"58","31","100",NA,6
48,2022-01-23,32,75,"C",2,2,"67","2","100",NA,6
48,2022-01-23,32,75,"C",2,3,"71","3","100",NA,6
48,2022-01-23,32,75,"E",2,1,"65","14","0",NA,6
48,2022-01-23,32,75,"E",2,2,"57","3","0",NA,6
48,2022-01-23,32,75,"E",2,3,"51","25","0",NA,6
48,2022-01-23,28,60,"C",2,1,"1","0","200",NA,6
48,2022-01-23,28,60,"C",2,2,"0","0","150",NA,6
48,2022-01-23,28,60,"C",2,3,"3","0","150",NA,6
48,2022-01-23,28,60,"E",2,1,"0","0","0","Dead",6
48,2022-01-23,28,60,"E",2,2,"0","0","0","Dead",6
48,2022-01-23,28,60,"E",2,3,"0","0","0","Dead",6
48,2022-01-23,24,45,"C",2,1,"0","0","200",NA,6
48,2022-01-23,24,45,"C",2,2,"0","0","350",NA,6
48,2022-01-23,24,45,"C",2,3,"0","0","300",NA,6
48,2022-01-23,20,30,"C",2,1,"0","0","150",NA,6
48,2022-01-23,20,30,"C",2,2,"0","0","150",NA,6
48,2022-01-23,20,30,"C",2,3,"0","0","250",NA,6
48,2022-01-23,16,90,"C",2,1,"0","0","0",NA,6
48,2022-01-23,16,90,"C",2,2,"0","0","0",NA,6
48,2022-01-23,16,90,"C",2,3,"0","0","0",NA,6
48,2022-01-23,16,90,"E",2,1,"0","0","0",NA,6
48,2022-01-23,16,90,"E",2,2,"0","0","0",NA,6
48,2022-01-23,16,90,"E",2,3,"0","0","0",NA,6
49,2022-01-24,16,60,"C",1,2,"0","0","0",NA,7
49,2022-01-24,16,60,"C",1,3,"0","0","0",NA,7
49,2022-01-24,16,60,"C",1,4,"0","0","0",NA,7
49,2022-01-24,38,90,"C",2,1,"0","0","100",NA,7
49,2022-01-24,38,90,"C",2,2,"0","0","100",NA,7
49,2022-01-24,38,90,"C",2,3,"0","0","100",NA,7
49,2022-01-24,38,90,"E",2,1,"0","0","0",NA,7
49,2022-01-24,38,90,"E",2,2,"0","0","0",NA,7
49,2022-01-24,38,90,"E",2,3,"0","0","0",NA,7
49,2022-01-24,35,60,"C",2,1,"4","32","100",NA,7
49,2022-01-24,35,60,"C",2,2,"0","29","300",NA,7
49,2022-01-24,35,60,"C",2,3,"1","52","150","2 dead",7
49,2022-01-24,35,60,"E",2,1,"na","35","0","Dead tray",7
49,2022-01-24,35,60,"E",2,2,"na","36","0","1 dead + dead tray",7
49,2022-01-24,35,60,"E",2,3,"na","4","0",NA,7
49,2022-01-24,32,75,"C",2,1,"5","53","100","Finished",7
49,2022-01-24,32,75,"C",2,2,"17","59","100",NA,7
49,2022-01-24,32,75,"C",2,3,"4","55","150","2 splat",7
49,2022-01-24,32,75,"E",2,1,"5","62","0",NA,7
49,2022-01-24,32,75,"E",2,2,"15","46","0",NA,7
49,2022-01-24,32,75,"E",2,3,"2","46","0","3 splat",7
49,2022-01-24,28,60,"C",2,1,"29","0","150",NA,7
49,2022-01-24,28,60,"C",2,2,"16","0","100",NA,7
49,2022-01-24,28,60,"C",2,3,"26","0","200",NA,7
49,2022-01-24,24,45,"C",2,1,"0","0","300",NA,7
49,2022-01-24,24,45,"C",2,2,"0","0","250",NA,7
49,2022-01-24,24,45,"C",2,3,"0","0","200",NA,7
49,2022-01-24,20,30,"C",2,1,"0","0","250",NA,7
49,2022-01-24,20,30,"C",2,2,"0","0","100",NA,7
49,2022-01-24,20,30,"C",2,3,"0","0","150",NA,7
49,2022-01-24,16,90,"C",2,1,"0","0","0",NA,7
49,2022-01-24,16,90,"C",2,2,"0","0","0",NA,7
49,2022-01-24,16,90,"C",2,3,"0","0","0",NA,7
49,2022-01-24,16,90,"E",2,1,"0","0","0",NA,7
49,2022-01-24,16,90,"E",2,2,"0","0","0",NA,7
49,2022-01-24,16,90,"E",2,3,"0","0","0",NA,7
50,2022-01-25,16,60,"C",1,2,"0","0","0",NA,8
50,2022-01-25,16,60,"C",1,3,"0","0","0",NA,8
50,2022-01-25,16,60,"C",1,4,"0","0","0",NA,8
50,2022-01-25,38,90,"C",2,1,"0","0","0",NA,8
50,2022-01-25,38,90,"C",2,2,"0","0","0",NA,8
50,2022-01-25,38,90,"C",2,3,"0","0","0",NA,8
50,2022-01-25,38,90,"E",2,1,"0","0","0",NA,8
50,2022-01-25,38,90,"E",2,2,"0","0","0",NA,8
50,2022-01-25,38,90,"E",2,3,"0","0","0",NA,8
50,2022-01-25,35,60,"C",2,1,"2","5","200",NA,8
50,2022-01-25,35,60,"C",2,2,"3","6","150",NA,8
50,2022-01-25,35,60,"C",2,3,"1","4","100",NA,8
50,2022-01-25,35,60,"E",2,1,"na","1","0","Finished",8
50,2022-01-25,35,60,"E",2,2,"na","1","0","Finished",8
50,2022-01-25,35,60,"E",2,3,"na","na","na","Finished",8
50,2022-01-25,32,75,"C",2,1,"na","11","na",NA,8
50,2022-01-25,32,75,"C",2,2,"2","20","100",NA,8
50,2022-01-25,32,75,"C",2,3,"2","17","100",NA,8
50,2022-01-25,32,75,"E",2,1,"1","7","0","Finished",8
50,2022-01-25,32,75,"E",2,2,"3","23","0",NA,8
50,2022-01-25,32,75,"E",2,3,"2","6","0",NA,8
50,2022-01-25,28,60,"C",2,1,"26","16","250",NA,8
50,2022-01-25,28,60,"C",2,2,"25","8","100",NA,8
50,2022-01-25,28,60,"C",2,3,"36","17","250",NA,8
50,2022-01-25,24,45,"C",2,1,"0","0","200",NA,8
50,2022-01-25,24,45,"C",2,2,"0","0","100",NA,8
50,2022-01-25,24,45,"C",2,3,"0","0","300",NA,8
50,2022-01-25,20,30,"C",2,1,"0","0","200",NA,8
50,2022-01-25,20,30,"C",2,2,"0","0","300",NA,8
50,2022-01-25,20,30,"C",2,3,"0","0","100",NA,8
50,2022-01-25,16,90,"C",2,1,"0","0","100",NA,8
50,2022-01-25,16,90,"C",2,2,"0","0","100",NA,8
50,2022-01-25,16,90,"C",2,3,"0","0","100",NA,8
50,2022-01-25,16,90,"E",2,1,"0","0","0",NA,8
50,2022-01-25,16,90,"E",2,2,"0","0","0",NA,8
50,2022-01-25,16,90,"E",2,3,"0","0","0",NA,8
51,2022-01-26,16,60,"C",1,2,"0","0","0",NA,9
51,2022-01-26,16,60,"C",1,3,"0","0","0",NA,9
51,2022-01-26,16,60,"C",1,4,"0","0","0",NA,9
51,2022-01-26,38,90,"C",2,1,"0","0","0",NA,9
51,2022-01-26,38,90,"C",2,2,"0","0","0",NA,9
51,2022-01-26,38,90,"C",2,3,"0","0","0",NA,9
51,2022-01-26,38,90,"E",2,1,"0","0","0",NA,9
51,2022-01-26,38,90,"E",2,2,"0","0","0",NA,9
51,2022-01-26,38,90,"E",2,3,"0","0","0",NA,9
51,2022-01-26,35,60,"C",2,1,"2","1","150",NA,9
51,2022-01-26,35,60,"C",2,2,"1","1","150",NA,9
51,2022-01-26,35,60,"C",2,3,"1","2","250",NA,9
51,2022-01-26,32,75,"C",2,1,"na","na","na","Finished",9
51,2022-01-26,32,75,"C",2,2,"0","5","150",NA,9
51,2022-01-26,32,75,"C",2,3,"1","1","100",NA,9
51,2022-01-26,32,75,"E",2,1,"na","1","na","Finished",9
51,2022-01-26,32,75,"E",2,2,"na","3","na","Dead tray",9
51,2022-01-26,32,75,"E",2,3,"4","3","0",NA,9
51,2022-01-26,28,60,"C",2,1,"10","32","150",NA,9
51,2022-01-26,28,60,"C",2,2,"16","32","250",NA,9
51,2022-01-26,28,60,"C",2,3,"5","42","200",NA,9
51,2022-01-26,24,45,"C",2,1,"0","0","200",NA,9
51,2022-01-26,24,45,"C",2,2,"0","0","350",NA,9
51,2022-01-26,24,45,"C",2,3,"0","0","250",NA,9
51,2022-01-26,20,30,"C",2,1,"0","0","150",NA,9
51,2022-01-26,20,30,"C",2,2,"0","0","200",NA,9
51,2022-01-26,20,30,"C",2,3,"0","0","300",NA,9
51,2022-01-26,16,90,"C",2,1,"0","0","0",NA,9
51,2022-01-26,16,90,"C",2,2,"0","0","0",NA,9
51,2022-01-26,16,90,"C",2,3,"0","0","0",NA,9
51,2022-01-26,16,90,"E",2,1,"0","0","0",NA,9
51,2022-01-26,16,90,"E",2,2,"0","0","0",NA,9
51,2022-01-26,16,90,"E",2,3,"0","0","0",NA,9
52,2022-01-27,16,60,"C",1,2,"0","0","0",NA,10
52,2022-01-27,16,60,"C",1,3,"0","0","0",NA,10
52,2022-01-27,16,60,"C",1,4,"0","0","0",NA,10
52,2022-01-27,38,90,"C",2,1,"0","0","0","DEAD",10
52,2022-01-27,38,90,"C",2,2,"0","0","0","DEAD",10
52,2022-01-27,38,90,"C",2,3,"0","0","0","DEAD",10
52,2022-01-27,38,90,"E",2,1,"0","0","0","DEAD",10
52,2022-01-27,38,90,"E",2,2,"0","0","0","DEAD",10
52,2022-01-27,38,90,"E",2,3,"0","0","0","DEAD",10
52,2022-01-27,35,60,"C",2,1,"0","1","150",NA,10
52,2022-01-27,35,60,"C",2,2,"0","0","150","2 dead adults",10
52,2022-01-27,35,60,"C",2,3,"0","1","150",NA,10
52,2022-01-27,32,75,"C",2,2,"2","0","100",NA,10
52,2022-01-27,32,75,"C",2,3,"3","1","100",NA,10
52,2022-01-27,32,75,"E",2,2,"na","1","na","Finished",10
52,2022-01-27,32,75,"E",2,3,"1","2","0","Finished tray",10
52,2022-01-27,28,60,"C",2,1,"4","12","200",NA,10
52,2022-01-27,28,60,"C",2,2,"5","10","200",NA,10
52,2022-01-27,28,60,"C",2,3,"2","9","150",NA,10
52,2022-01-27,24,45,"C",2,1,"10","0","200",NA,10
52,2022-01-27,24,45,"C",2,2,"8","0","350",NA,10
52,2022-01-27,24,45,"C",2,3,"0","0","250",NA,10
52,2022-01-27,20,30,"C",2,1,"0","0","250",NA,10
52,2022-01-27,20,30,"C",2,2,"0","0","100",NA,10
52,2022-01-27,20,30,"C",2,3,"0","0","150",NA,10
52,2022-01-27,16,90,"C",2,1,"0","0","0",NA,10
52,2022-01-27,16,90,"C",2,2,"0","0","0",NA,10
52,2022-01-27,16,90,"C",2,3,"0","0","0",NA,10
52,2022-01-27,16,90,"E",2,1,"0","0","0",NA,10
52,2022-01-27,16,90,"E",2,2,"0","0","0",NA,10
52,2022-01-27,16,90,"E",2,3,"0","0","0",NA,10
53,2022-01-28,16,60,"C",1,2,"0","0","0",NA,11
53,2022-01-28,16,60,"C",1,3,"0","0","0",NA,11
53,2022-01-28,16,60,"C",1,4,"0","0","0",NA,11
53,2022-01-28,35,60,"C",2,1,"0","0","200",NA,11
53,2022-01-28,35,60,"C",2,2,"0","0","200",NA,11
53,2022-01-28,35,60,"C",2,3,"0","0","250",NA,11
53,2022-01-28,32,75,"C",2,2,"1","2","100",NA,11
53,2022-01-28,32,75,"C",2,3,"0","2","100","1 dead",11
53,2022-01-28,32,75,"E",2,3,"na","1","na","Finished tray",11
53,2022-01-28,28,60,"C",2,1,"5","5","200",NA,11
53,2022-01-28,28,60,"C",2,2,"4","9","100",NA,11
53,2022-01-28,28,60,"C",2,3,"3","6","200",NA,11
53,2022-01-28,24,45,"C",2,1,"33","0","250",NA,11
53,2022-01-28,24,45,"C",2,2,"26","0","200",NA,11
53,2022-01-28,24,45,"C",2,3,"8","0","200",NA,11
53,2022-01-28,20,30,"C",2,1,"0","0","250",NA,11
53,2022-01-28,20,30,"C",2,2,"0","0","300",NA,11
53,2022-01-28,20,30,"C",2,3,"0","0","150",NA,11
53,2022-01-28,16,90,"C",2,1,"0","0","0",NA,11
53,2022-01-28,16,90,"C",2,2,"0","0","0",NA,11
53,2022-01-28,16,90,"C",2,3,"0","0","0",NA,11
53,2022-01-28,16,90,"E",2,1,"0","0","0",NA,11
53,2022-01-28,16,90,"E",2,2,"0","0","0",NA,11
53,2022-01-28,16,90,"E",2,3,"0","0","0",NA,11
54,2022-01-29,16,60,"C",1,2,"0","0","0",NA,12
54,2022-01-29,16,60,"C",1,3,"0","0","0","Dead",12
54,2022-01-29,16,60,"C",1,4,"0","0","0",NA,12
54,2022-01-29,35,60,"C",2,1,"0","0","200",NA,12
54,2022-01-29,35,60,"C",2,2,"0","0","200",NA,12
54,2022-01-29,35,60,"C",2,3,"0","0","250",NA,12
54,2022-01-29,32,75,"C",2,2,"na","2","na","Finished",12
54,2022-01-29,32,75,"C",2,3,"na","na","na","Dead/Finished",12
54,2022-01-29,32,75,"E",2,3,"na","1","na","Finished",12
54,2022-01-29,28,60,"C",2,1,"0","3","200",NA,12
54,2022-01-29,28,60,"C",2,2,"0","3","100",NA,12
54,2022-01-29,28,60,"C",2,3,"0","2","250",NA,12
54,2022-01-29,24,45,"C",2,1,"18","4","150",NA,12
54,2022-01-29,24,45,"C",2,2,"24","3","100",NA,12
54,2022-01-29,24,45,"C",2,3,"13","0","250",NA,12
54,2022-01-29,20,30,"C",2,1,"0","0","200",NA,12
54,2022-01-29,20,30,"C",2,2,"0","0","250",NA,12
54,2022-01-29,20,30,"C",2,3,"0","0","325",NA,12
54,2022-01-29,16,90,"C",2,1,"0","0","0",NA,12
54,2022-01-29,16,90,"C",2,2,"0","0","0",NA,12
54,2022-01-29,16,90,"C",2,3,"0","0","0",NA,12
54,2022-01-29,16,90,"E",2,1,"0","0","0",NA,12
54,2022-01-29,16,90,"E",2,2,"0","0","0",NA,12
54,2022-01-29,16,90,"E",2,3,"0","0","0",NA,12
55,2022-01-30,16,60,"C",1,2,"0","0","0",NA,13
55,2022-01-30,16,60,"C",1,4,"0","0","0",NA,13
55,2022-01-30,35,60,"C",2,1,"0","0","200",NA,13
55,2022-01-30,35,60,"C",2,2,"0","0","200",NA,13
55,2022-01-30,35,60,"C",2,3,"0","0","200",NA,13
55,2022-01-30,28,60,"C",2,1,"0","3","200",NA,13
55,2022-01-30,28,60,"C",2,2,"0","2","100",NA,13
55,2022-01-30,28,60,"C",2,3,"1","1","200",NA,13
55,2022-01-30,24,45,"C",2,1,"8","27","150",NA,13
55,2022-01-30,24,45,"C",2,2,"9","21","200",NA,13
55,2022-01-30,24,45,"C",2,3,"11","5","150",NA,13
55,2022-01-30,20,30,"C",2,1,"0","0","200",NA,13
55,2022-01-30,20,30,"C",2,2,"0","0","100",NA,13
55,2022-01-30,20,30,"C",2,3,"0","0","200",NA,13
55,2022-01-30,16,90,"C",2,1,"0","0","0",NA,13
55,2022-01-30,16,90,"C",2,2,"0","0","0",NA,13
55,2022-01-30,16,90,"C",2,3,"0","0","0",NA,13
55,2022-01-30,16,90,"E",2,1,"0","0","0",NA,13
55,2022-01-30,16,90,"E",2,2,"0","0","0",NA,13
55,2022-01-30,16,90,"E",2,3,"0","0","0",NA,13
56,2022-01-31,16,60,"C",1,2,"0","0","0",NA,14
56,2022-01-31,16,60,"C",1,4,"0","0","0",NA,14
56,2022-01-31,35,60,"C",2,1,"0","0","200",NA,14
56,2022-01-31,35,60,"C",2,2,"0","0","250",NA,14
56,2022-01-31,35,60,"C",2,3,"na","na","na","Dead",14
56,2022-01-31,28,60,"C",2,1,"0","0","100",NA,14
56,2022-01-31,28,60,"C",2,2,"0","0","250",NA,14
56,2022-01-31,28,60,"C",2,3,"0","0","150",NA,14
56,2022-01-31,24,45,"C",2,1,"9","27","100",NA,14
56,2022-01-31,24,45,"C",2,2,"6","32","150",NA,14
56,2022-01-31,24,45,"C",2,3,"6","13","100",NA,14
56,2022-01-31,20,30,"C",2,1,"0","0","250",NA,14
56,2022-01-31,20,30,"C",2,2,"0","0","250",NA,14
56,2022-01-31,20,30,"C",2,3,"0","0","100",NA,14
56,2022-01-31,16,90,"C",2,1,"0","0","100",NA,14
56,2022-01-31,16,90,"C",2,2,"0","0","100",NA,14
56,2022-01-31,16,90,"C",2,3,"0","0","100",NA,14
56,2022-01-31,16,90,"E",2,1,"0","0","0",NA,14
56,2022-01-31,16,90,"E",2,2,"0","0","0",NA,14
56,2022-01-31,16,90,"E",2,3,"0","0","0",NA,14
57,2022-02-01,16,60,"C",1,2,"0","0","0",NA,15
57,2022-02-01,16,60,"C",1,4,"na","na","na","Dead",15
57,2022-02-01,35,60,"C",2,1,"0","0","200",NA,15
57,2022-02-01,35,60,"C",2,2,"0","0","200",NA,15
57,2022-02-01,28,60,"C",2,1,"0","0","100",NA,15
57,2022-02-01,28,60,"C",2,2,"0","0","100",NA,15
57,2022-02-01,28,60,"C",2,3,"0","1","100",NA,15
57,2022-02-01,24,45,"C",2,1,"2","7","200",NA,15
57,2022-02-01,24,45,"C",2,2,"2","9","100",NA,15
57,2022-02-01,24,45,"C",2,3,"0","10","100",NA,15
57,2022-02-01,20,30,"C",2,1,"0","0","150",NA,15
57,2022-02-01,20,30,"C",2,2,"0","0","200",NA,15
57,2022-02-01,20,30,"C",2,3,"0","0","250",NA,15
57,2022-02-01,16,90,"C",2,1,"0","0","0",NA,15
57,2022-02-01,16,90,"C",2,2,"0","0","0",NA,15
57,2022-02-01,16,90,"C",2,3,"0","0","0",NA,15
57,2022-02-01,16,90,"E",2,1,"0","0","0",NA,15
57,2022-02-01,16,90,"E",2,2,"0","0","0",NA,15
57,2022-02-01,16,90,"E",2,3,"0","0","0",NA,15
58,2022-02-02,16,60,"C",1,2,"na","na","na","Dead",16
58,2022-02-02,35,60,"C",2,1,"0","0","150",NA,16
58,2022-02-02,35,60,"C",2,2,"0","0","150",NA,16
58,2022-02-02,28,60,"C",2,1,"0","0","150","1 splat",16
58,2022-02-02,28,60,"C",2,2,"3","0","100",NA,16
58,2022-02-02,28,60,"C",2,3,"1","0","250",NA,16
58,2022-02-02,24,45,"C",2,1,"1","11","100",NA,16
58,2022-02-02,24,45,"C",2,2,"1","6","200",NA,16
58,2022-02-02,24,45,"C",2,3,"0","9","300",NA,16
58,2022-02-02,20,30,"C",2,1,"0","0","300",NA,16
58,2022-02-02,20,30,"C",2,2,"0","0","150",NA,16
58,2022-02-02,20,30,"C",2,3,"0","0","200",NA,16
58,2022-02-02,16,90,"C",2,1,"0","0","0",NA,16
58,2022-02-02,16,90,"C",2,2,"0","0","0",NA,16
58,2022-02-02,16,90,"C",2,3,"0","0","0",NA,16
58,2022-02-02,16,90,"E",2,1,"0","0","0",NA,16
58,2022-02-02,16,90,"E",2,2,"0","0","0",NA,16
58,2022-02-02,16,90,"E",2,3,"0","0","0",NA,16
59,2022-02-03,35,60,"C",2,1,"0","0","200",NA,17
59,2022-02-03,35,60,"C",2,2,"0","0","200",NA,17
59,2022-02-03,28,60,"C",2,1,"0","0","200",NA,17
59,2022-02-03,28,60,"C",2,2,"0","0","150",NA,17
59,2022-02-03,28,60,"C",2,3,"0","1","300",NA,17
59,2022-02-03,24,45,"C",2,1,"1","2","100",NA,17
59,2022-02-03,24,45,"C",2,2,"0","2","250",NA,17
59,2022-02-03,24,45,"C",2,3,"0","0","150",NA,17
59,2022-02-03,20,30,"C",2,1,"0","0","300",NA,17
59,2022-02-03,20,30,"C",2,2,"0","0","300",NA,17
59,2022-02-03,20,30,"C",2,3,"5","0","200",NA,17
59,2022-02-03,16,90,"C",2,1,"0","0","100",NA,17
59,2022-02-03,16,90,"C",2,2,"0","0","100",NA,17
59,2022-02-03,16,90,"C",2,3,"0","0","100",NA,17
59,2022-02-03,16,90,"E",2,1,"0","0","0",NA,17
59,2022-02-03,16,90,"E",2,2,"0","0","0",NA,17
59,2022-02-03,16,90,"E",2,3,"0","0","0",NA,17
60,2022-02-04,35,60,"C",2,1,"0","0","0",NA,18
60,2022-02-04,35,60,"C",2,2,"0","0","0",NA,18
60,2022-02-04,28,60,"C",2,1,"0","0","0",NA,18
60,2022-02-04,28,60,"C",2,2,"0","0","0",NA,18
60,2022-02-04,28,60,"C",2,3,"0","0","0",NA,18
60,2022-02-04,24,45,"C",2,1,"0","0","0",NA,18
60,2022-02-04,24,45,"C",2,2,"0","0","0",NA,18
60,2022-02-04,24,45,"C",2,3,"0","0","0",NA,18
60,2022-02-04,20,30,"C",2,1,"0","0","0",NA,18
60,2022-02-04,20,30,"C",2,2,"0","0","0",NA,18
60,2022-02-04,20,30,"C",2,3,"0","0","0",NA,18
60,2022-02-04,16,90,"C",2,1,"0","0","0",NA,18
60,2022-02-04,16,90,"C",2,2,"0","0","0",NA,18
60,2022-02-04,16,90,"C",2,3,"0","0","0",NA,18
60,2022-02-04,16,90,"E",2,1,"0","0","0",NA,18
60,2022-02-04,16,90,"E",2,2,"0","0","0",NA,18
60,2022-02-04,16,90,"E",2,3,"0","0","0",NA,18
61,2022-02-05,35,60,"C",2,1,"na","na","na","Dead",19
61,2022-02-05,35,60,"C",2,2,"na","na","na","Dead",19
61,2022-02-05,28,60,"C",2,1,"0","0","100",NA,19
61,2022-02-05,28,60,"C",2,2,"0","0","350",NA,19
61,2022-02-05,28,60,"C",2,3,"0","0","200",NA,19
61,2022-02-05,24,45,"C",2,1,"2","1","150",NA,19
61,2022-02-05,24,45,"C",2,2,"5","1","na","Finished tray",19
61,2022-02-05,24,45,"C",2,3,"1","0","250",NA,19
61,2022-02-05,20,30,"C",2,1,"7","0","325",NA,19
61,2022-02-05,20,30,"C",2,2,"7","0","450",NA,19
61,2022-02-05,20,30,"C",2,3,"15","0","600",NA,19
61,2022-02-05,16,90,"C",2,1,"0","0","0",NA,19
61,2022-02-05,16,90,"C",2,2,"0","0","0",NA,19
61,2022-02-05,16,90,"C",2,3,"0","0","0",NA,19
61,2022-02-05,16,90,"E",2,1,"0","0","0",NA,19
61,2022-02-05,16,90,"E",2,2,"0","0","0",NA,19
61,2022-02-05,16,90,"E",2,3,"0","0","0",NA,19
62,2022-02-06,28,60,"C",2,1,"0","0","200",NA,20
62,2022-02-06,28,60,"C",2,2,"0","0","150",NA,20
62,2022-02-06,28,60,"C",2,3,"0","0","150",NA,20
62,2022-02-06,24,45,"C",2,1,"0","0","200",NA,20
62,2022-02-06,24,45,"C",2,2,"na","3","na","Finished tray",20
62,2022-02-06,24,45,"C",2,3,"0","0","150",NA,20
62,2022-02-06,20,30,"C",2,1,"3","0","300",NA,20
62,2022-02-06,20,30,"C",2,2,"1","0","100",NA,20
62,2022-02-06,20,30,"C",2,3,"4","0","250",NA,20
62,2022-02-06,16,90,"C",2,1,"0","0","0",NA,20
62,2022-02-06,16,90,"C",2,2,"0","0","0",NA,20
62,2022-02-06,16,90,"C",2,3,"0","0","0",NA,20
62,2022-02-06,16,90,"E",2,1,"0","0","0",NA,20
62,2022-02-06,16,90,"E",2,2,"0","0","0",NA,20
62,2022-02-06,16,90,"E",2,3,"0","0","0",NA,20
63,2022-02-07,28,60,"C",2,1,"1","0","100",NA,21
63,2022-02-07,28,60,"C",2,2,"0","0","100",NA,21
63,2022-02-07,28,60,"C",2,3,"0","0","100",NA,21
63,2022-02-07,24,45,"C",2,1,"0","0","300",NA,21
63,2022-02-07,24,45,"C",2,2,"na","1","na","Finished",21
63,2022-02-07,24,45,"C",2,3,"0","0","150",NA,21
63,2022-02-07,20,30,"C",2,1,"7","1","250",NA,21
63,2022-02-07,20,30,"C",2,2,"6","0","150",NA,21
63,2022-02-07,20,30,"C",2,3,"2","4","300",NA,21
63,2022-02-07,16,90,"C",2,1,"0","0","100",NA,21
63,2022-02-07,16,90,"C",2,2,"2","0","100",NA,21
63,2022-02-07,16,90,"C",2,3,"8","0","100",NA,21
63,2022-02-07,16,90,"E",2,1,"0","0","0",NA,21
63,2022-02-07,16,90,"E",2,2,"0","0","0",NA,21
63,2022-02-07,16,90,"E",2,3,"0","0","0",NA,21
63,2022-02-07,38,90,"C",2.5,4,"0","0","0",NA,21
63,2022-02-07,38,90,"C",2.5,5,"0","0","0",NA,0
63,2022-02-07,38,90,"C",2.5,6,"0","0","0",NA,0
63,2022-02-07,38,90,"C",2.5,7,"0","0","0",NA,0
63,2022-02-07,38,90,"C",2.5,8,"0","0","0",NA,0
63,2022-02-07,38,90,"C",2.5,9,"0","0","0",NA,0
63,2022-02-07,38,90,"E",2.5,4,"0","0","0",NA,0
63,2022-02-07,38,90,"E",2.5,5,"0","0","0",NA,0
63,2022-02-07,38,90,"E",2.5,6,"0","0","0",NA,0
64,2022-02-08,28,60,"C",2,1,"0","1","100",NA,22
64,2022-02-08,28,60,"C",2,2,"0","0","200",NA,22
64,2022-02-08,28,60,"C",2,3,"0","0","200",NA,22
64,2022-02-08,24,45,"C",2,1,"0","0","150",NA,22
64,2022-02-08,24,45,"C",2,3,"0","0","150",NA,22
64,2022-02-08,20,30,"C",2,1,"2","4","100",NA,22
64,2022-02-08,20,30,"C",2,2,"1","2","250",NA,22
64,2022-02-08,20,30,"C",2,3,"7","8","150",NA,22
64,2022-02-08,16,90,"C",2,1,"0","0","0",NA,22
64,2022-02-08,16,90,"C",2,2,"10","0","0",NA,22
64,2022-02-08,16,90,"C",2,3,"5","0","0",NA,22
64,2022-02-08,16,90,"E",2,1,"7","0","0",NA,22
64,2022-02-08,16,90,"E",2,2,"5","0","0",NA,22
64,2022-02-08,16,90,"E",2,3,"6","0","0",NA,22
64,2022-02-08,38,90,"C",2.5,4,"0","0","0",NA,1
64,2022-02-08,38,90,"C",2.5,5,"0","0","0",NA,1
64,2022-02-08,38,90,"C",2.5,6,"0","0","0",NA,1
64,2022-02-08,38,90,"C",2.5,7,"0","0","0",NA,1
64,2022-02-08,38,90,"C",2.5,8,"0","0","0",NA,1
64,2022-02-08,38,90,"C",2.5,9,"0","0","0",NA,1
64,2022-02-08,38,90,"E",2.5,4,"0","0","0",NA,1
64,2022-02-08,38,90,"E",2.5,5,"0","0","0",NA,1
64,2022-02-08,38,90,"E",2.5,6,"0","0","0",NA,1
65,2022-02-09,28,60,"C",2,1,"0","0","200",NA,23
65,2022-02-09,28,60,"C",2,2,"0","0","200",NA,23
65,2022-02-09,28,60,"C",2,3,"0","0","200",NA,23
65,2022-02-09,24,45,"C",2,1,"0","0","100",NA,23
65,2022-02-09,24,45,"C",2,3,"0","0","100",NA,23
65,2022-02-09,20,30,"C",2,1,"1","2","100",NA,23
65,2022-02-09,20,30,"C",2,2,"1","2","200",NA,23
65,2022-02-09,20,30,"C",2,3,"1","5","250",NA,23
65,2022-02-09,16,90,"C",2,1,"0","0","0",NA,23
65,2022-02-09,16,90,"C",2,2,"8","0","0",NA,23
65,2022-02-09,16,90,"C",2,3,"10","0","0",NA,23
65,2022-02-09,16,90,"E",2,1,"7","0","0",NA,23
65,2022-02-09,16,90,"E",2,2,"5","0","0",NA,23
65,2022-02-09,16,90,"E",2,3,"5","0","0",NA,23
65,2022-02-09,38,90,"C",2.5,4,"0","0","0",NA,2
65,2022-02-09,38,90,"C",2.5,5,"0","0","0",NA,2
65,2022-02-09,38,90,"C",2.5,6,"0","0","0",NA,2
65,2022-02-09,38,90,"C",2.5,7,"0","0","0",NA,2
65,2022-02-09,38,90,"C",2.5,8,"0","0","0",NA,2
65,2022-02-09,38,90,"C",2.5,9,"0","0","0",NA,2
65,2022-02-09,38,90,"E",2.5,4,"0","0","0",NA,2
65,2022-02-09,38,90,"E",2.5,5,"0","0","0",NA,2
65,2022-02-09,38,90,"E",2.5,6,"0","0","0",NA,2
66,2022-02-10,28,60,"C",2,1,"0","0","200",NA,24
66,2022-02-10,28,60,"C",2,2,"0","0","200",NA,24
66,2022-02-10,28,60,"C",2,3,"0","0","200",NA,24
66,2022-02-10,24,45,"C",2,1,"0","0","200",NA,24
66,2022-02-10,24,45,"C",2,3,"0","0","200",NA,24
66,2022-02-10,20,30,"C",2,1,"2","6","100",NA,24
66,2022-02-10,20,30,"C",2,2,"0","3","200",NA,24
66,2022-02-10,20,30,"C",2,3,"0","6","300",NA,24
66,2022-02-10,16,90,"C",2,1,"0","0","0",NA,24
66,2022-02-10,16,90,"C",2,2,"9","0","0",NA,24
66,2022-02-10,16,90,"C",2,3,"8","0","0",NA,24
66,2022-02-10,16,90,"E",2,1,"9","0","0",NA,24
66,2022-02-10,16,90,"E",2,2,"7","0","0",NA,24
66,2022-02-10,16,90,"E",2,3,"15","0","0",NA,24
66,2022-02-10,38,90,"C",2.5,4,"0","0","0",NA,3
66,2022-02-10,38,90,"C",2.5,5,"0","0","0",NA,3
66,2022-02-10,38,90,"C",2.5,6,"0","0","0",NA,3
66,2022-02-10,38,90,"C",2.5,7,"0","0","0",NA,3
66,2022-02-10,38,90,"C",2.5,8,"0","0","0",NA,3
66,2022-02-10,38,90,"C",2.5,9,"0","0","0",NA,3
66,2022-02-10,38,90,"E",2.5,4,"0","0","0",NA,3
66,2022-02-10,38,90,"E",2.5,5,"0","0","0",NA,3
66,2022-02-10,38,90,"E",2.5,6,"0","0","0",NA,3
67,2022-02-11,28,60,"C",2,1,"0","0","200",NA,25
67,2022-02-11,28,60,"C",2,2,"0","0","100",NA,25
67,2022-02-11,28,60,"C",2,3,"0","0","200",NA,25
67,2022-02-11,24,45,"C",2,1,"2","0","200",NA,25
67,2022-02-11,24,45,"C",2,3,"0","0","200",NA,25
67,2022-02-11,20,30,"C",2,1,"0","1","200",NA,25
67,2022-02-11,20,30,"C",2,2,"0","1","150",NA,25
67,2022-02-11,20,30,"C",2,3,"0","1","300",NA,25
67,2022-02-11,16,90,"C",2,1,"0","0","100",NA,25
67,2022-02-11,16,90,"C",2,2,"5","0","0",NA,25
67,2022-02-11,16,90,"C",2,3,"6","1","100",NA,25
67,2022-02-11,16,90,"E",2,1,"10","0","0",NA,25
67,2022-02-11,16,90,"E",2,2,"2","0","0",NA,25
67,2022-02-11,16,90,"E",2,3,"2","0","0",NA,25
67,2022-02-11,38,90,"C",2.5,4,"0","0","0",NA,4
67,2022-02-11,38,90,"C",2.5,5,"0","0","0",NA,4
67,2022-02-11,38,90,"C",2.5,6,"0","0","0",NA,4
67,2022-02-11,38,90,"C",2.5,7,"0","0","0",NA,4
67,2022-02-11,38,90,"C",2.5,8,"0","0","0",NA,4
67,2022-02-11,38,90,"C",2.5,9,"0","0","0",NA,4
67,2022-02-11,38,90,"E",2.5,4,"0","0","0",NA,4
67,2022-02-11,38,90,"E",2.5,5,"0","0","0",NA,4
67,2022-02-11,38,90,"E",2.5,6,"0","0","0",NA,4
68,2022-02-12,28,60,"C",2,1,"na","na","na","Dead",26
68,2022-02-12,28,60,"C",2,2,"0","0","200",NA,26
68,2022-02-12,28,60,"C",2,3,"na","na","na","Dead",26
68,2022-02-12,24,45,"C",2,1,"na","1","na","Dead tray",26
68,2022-02-12,24,45,"C",2,3,"0","0","100",NA,26
68,2022-02-12,20,30,"C",2,1,"0","0","250",NA,26
68,2022-02-12,20,30,"C",2,2,"0","0","300",NA,26
68,2022-02-12,20,30,"C",2,3,"0","2","150",NA,26
68,2022-02-12,16,90,"C",2,1,"0","0","0",NA,26
68,2022-02-12,16,90,"C",2,2,"4","5","0",NA,26
68,2022-02-12,16,90,"C",2,3,"5","8","0",NA,26
68,2022-02-12,16,90,"E",2,1,"7","1","0",NA,26
68,2022-02-12,16,90,"E",2,2,"5","1","0",NA,26
68,2022-02-12,16,90,"E",2,3,"5","2","0",NA,26
68,2022-02-12,38,90,"C",2.5,4,"0","0","0",NA,5
68,2022-02-12,38,90,"C",2.5,5,"0","0","0",NA,5
68,2022-02-12,38,90,"C",2.5,6,"0","0","0",NA,5
68,2022-02-12,38,90,"C",2.5,7,"0","0","0",NA,5
68,2022-02-12,38,90,"C",2.5,8,"0","0","0",NA,5
68,2022-02-12,38,90,"C",2.5,9,"0","0","0",NA,5
68,2022-02-12,38,90,"E",2.5,4,"0","0","0",NA,5
68,2022-02-12,38,90,"E",2.5,5,"0","0","0",NA,5
68,2022-02-12,38,90,"E",2.5,6,"0","0","0",NA,5
69,2022-02-13,28,60,"C",2,2,"0","0","150",NA,27
69,2022-02-13,24,45,"C",2,1,"na","1","na","Finished",27
69,2022-02-13,24,45,"C",2,3,"0","0","150",NA,27
69,2022-02-13,20,30,"C",2,1,"0","0","150",NA,27
69,2022-02-13,20,30,"C",2,2,"0","0","200",NA,27
69,2022-02-13,20,30,"C",2,3,"0","0","300",NA,27
69,2022-02-13,16,90,"C",2,1,"2","0","0",NA,27
69,2022-02-13,16,90,"C",2,2,"1","6","0",NA,27
69,2022-02-13,16,90,"C",2,3,"1","5","0",NA,27
69,2022-02-13,16,90,"E",2,1,"3","7","0",NA,27
69,2022-02-13,16,90,"E",2,2,"3","5","0",NA,27
69,2022-02-13,16,90,"E",2,3,"6","5","0",NA,27
69,2022-02-13,38,90,"C",2.5,4,"0","0","200",NA,6
69,2022-02-13,38,90,"C",2.5,5,"0","0","200",NA,6
69,2022-02-13,38,90,"C",2.5,6,"0","0","300",NA,6
69,2022-02-13,38,90,"C",2.5,7,"0","0","200",NA,6
69,2022-02-13,38,90,"C",2.5,8,"0","0","300",NA,6
69,2022-02-13,38,90,"C",2.5,9,"0","0","350",NA,6
69,2022-02-13,38,90,"E",2.5,4,"0","0","0",NA,6
69,2022-02-13,38,90,"E",2.5,5,"0","0","0",NA,6
69,2022-02-13,38,90,"E",2.5,6,"0","0","0",NA,6
70,2022-02-14,28,60,"C",2,2,"na","na","na","Dead",28
70,2022-02-14,24,45,"C",2,3,"0","0","100",NA,28
70,2022-02-14,20,30,"C",2,1,"0","0","300",NA,28
70,2022-02-14,20,30,"C",2,2,"0","0","100",NA,28
70,2022-02-14,20,30,"C",2,3,"0","0","150",NA,28
70,2022-02-14,16,90,"C",2,1,"0","0","100",NA,28
70,2022-02-14,16,90,"C",2,2,"2","11","100",NA,28
70,2022-02-14,16,90,"C",2,3,"1","9","100",NA,28
70,2022-02-14,16,90,"E",2,1,"2","9","0",NA,28
70,2022-02-14,16,90,"E",2,2,"2","7","0",NA,28
70,2022-02-14,16,90,"E",2,3,"4","7","0",NA,28
70,2022-02-14,38,90,"C",2.5,4,"0","0","0",NA,7
70,2022-02-14,38,90,"C",2.5,5,"0","0","0",NA,7
70,2022-02-14,38,90,"C",2.5,6,"0","0","0",NA,7
70,2022-02-14,38,90,"C",2.5,7,"0","0","0",NA,7
70,2022-02-14,38,90,"C",2.5,8,"0","0","0",NA,7
70,2022-02-14,38,90,"C",2.5,9,"0","0","0",NA,7
70,2022-02-14,38,90,"E",2.5,4,"0","0","0",NA,7
70,2022-02-14,38,90,"E",2.5,5,"0","0","0",NA,7
70,2022-02-14,38,90,"E",2.5,6,"0","0","0",NA,7
71,2022-02-15,24,45,"C",2,3,"na","na","na","Dead",29
71,2022-02-15,20,30,"C",2,1,"0","0","200",NA,29
71,2022-02-15,20,30,"C",2,2,"1","0","300",NA,29
71,2022-02-15,20,30,"C",2,3,"0","0","200",NA,29
71,2022-02-15,16,90,"C",2,1,"0","0","0",NA,29
71,2022-02-15,16,90,"C",2,2,"1","3","0",NA,29
71,2022-02-15,16,90,"C",2,3,"0","5","0",NA,29
71,2022-02-15,16,90,"E",2,1,"3","4","0",NA,29
71,2022-02-15,16,90,"E",2,2,"2","3","0",NA,29
71,2022-02-15,16,90,"E",2,3,"1","8","0",NA,29
71,2022-02-15,38,90,"C",2.5,4,"0","0","0","See notes",8
71,2022-02-15,38,90,"C",2.5,5,"0","0","0",NA,8
71,2022-02-15,38,90,"C",2.5,6,"0","0","0",NA,8
71,2022-02-15,38,90,"C",2.5,7,"0","0","0",NA,8
71,2022-02-15,38,90,"C",2.5,8,"0","0","0",NA,8
71,2022-02-15,38,90,"C",2.5,9,"0","0","0",NA,8
71,2022-02-15,38,90,"E",2.5,4,"0","0","0",NA,8
71,2022-02-15,38,90,"E",2.5,5,"0","0","0",NA,8
71,2022-02-15,38,90,"E",2.5,6,"0","0","0",NA,8
72,2022-02-16,20,30,"C",2,1,"0","0","50",NA,30
72,2022-02-16,20,30,"C",2,2,"0","0","150",NA,30
72,2022-02-16,20,30,"C",2,3,"0","0","200",NA,30
72,2022-02-16,16,90,"C",2,1,"1","0","0",NA,30
72,2022-02-16,16,90,"C",2,2,"0","4","0",NA,30
72,2022-02-16,16,90,"C",2,3,"3","7","0",NA,30
72,2022-02-16,16,90,"E",2,1,"2","10","0",NA,30
72,2022-02-16,16,90,"E",2,2,"5","3","0",NA,30
72,2022-02-16,16,90,"E",2,3,"2","7","0",NA,30
72,2022-02-16,38,90,"C",2.5,4,"0","0","0",NA,9
72,2022-02-16,38,90,"C",2.5,5,"0","0","0",NA,9
72,2022-02-16,38,90,"C",2.5,6,"0","0","0",NA,9
72,2022-02-16,38,90,"C",2.5,7,"0","0","0",NA,9
72,2022-02-16,38,90,"C",2.5,8,"0","0","0",NA,9
72,2022-02-16,38,90,"C",2.5,9,"0","0","0",NA,9
72,2022-02-16,38,90,"E",2.5,4,"0","0","0",NA,9
72,2022-02-16,38,90,"E",2.5,5,"0","0","0",NA,9
72,2022-02-16,38,90,"E",2.5,6,"0","0","0",NA,9
73,2022-02-17,20,30,"C",2,1,"0","0","200",NA,31
73,2022-02-17,20,30,"C",2,2,"0","0","100",NA,31
73,2022-02-17,20,30,"C",2,3,"0","0","250",NA,31
73,2022-02-17,16,90,"C",2,1,"1","0","0",NA,31
73,2022-02-17,16,90,"C",2,2,"1","4","0",NA,31
73,2022-02-17,16,90,"C",2,3,"4","4","0",NA,31
73,2022-02-17,16,90,"E",2,1,"1","6","0",NA,31
73,2022-02-17,16,90,"E",2,2,"2","4","0",NA,31
73,2022-02-17,16,90,"E",2,3,"1","4","0",NA,31
73,2022-02-17,38,90,"C",2.5,4,"na","na","na","4 adults died during emergence",10
73,2022-02-17,38,90,"C",2.5,5,"na","na","na","No pupae or adults",10
73,2022-02-17,38,90,"C",2.5,6,"na","na","na","8 adults died during emergence. 1 adult actually escaped puparium",10
73,2022-02-17,38,90,"C",2.5,7,"na","na","na","No pupae or adults",10
73,2022-02-17,38,90,"C",2.5,8,"na","na","na","No pupae or adults",10
73,2022-02-17,38,90,"C",2.5,9,"na","na","na","No pupae or adults",10
73,2022-02-17,38,90,"E",2.5,4,"na","na","na","No pupae or adults",10
73,2022-02-17,38,90,"E",2.5,5,"na","na","na","No pupae or adults",10
73,2022-02-17,38,90,"E",2.5,6,"na","na","na","No pupae or adults",10
74,2022-02-18,20,30,"C",2,1,"0","0","100",NA,32
74,2022-02-18,20,30,"C",2,2,"0","0","250",NA,32
74,2022-02-18,20,30,"C",2,3,"0","0","50",NA,32
74,2022-02-18,16,90,"C",2,1,"2","1","0",NA,32
74,2022-02-18,16,90,"C",2,2,"1","0","0",NA,32
74,2022-02-18,16,90,"C",2,3,"1","1","0",NA,32
74,2022-02-18,16,90,"E",2,1,"na","1","na","Tray finished",32
74,2022-02-18,16,90,"E",2,2,"na","2","na","Tray finished",32
74,2022-02-18,16,90,"E",2,3,"1","3","0",NA,32
75,2022-02-19,20,30,"C",2,1,"0","0","200",NA,33
75,2022-02-19,20,30,"C",2,2,"0","0","50",NA,33
75,2022-02-19,20,30,"C",2,3,"0","0","100",NA,33
75,2022-02-19,16,90,"C",2,1,"0","0","0",NA,33
75,2022-02-19,16,90,"C",2,2,"0","0","0",NA,33
75,2022-02-19,16,90,"C",2,3,"2","1","0",NA,33
75,2022-02-19,16,90,"E",2,1,"na","2","na",NA,33
75,2022-02-19,16,90,"E",2,2,"na","0","na",NA,33
75,2022-02-19,16,90,"E",2,3,"na","2","0","Tray finished",33
76,2022-02-20,20,30,"C",2,1,"0","0","150",NA,34
76,2022-02-20,20,30,"C",2,2,"0","0","100",NA,34
76,2022-02-20,20,30,"C",2,3,"na","na","na","Dead",34
76,2022-02-20,16,90,"C",2,1,"0","0","0",NA,34
76,2022-02-20,16,90,"C",2,2,"0","3","0",NA,34
76,2022-02-20,16,90,"C",2,3,"1","1","0",NA,34
76,2022-02-20,16,90,"E",2,1,"na","0","na","2 dead",34
76,2022-02-20,16,90,"E",2,2,"na","3","na",NA,34
76,2022-02-20,16,90,"E",2,3,"na","3","na",NA,34
77,2022-02-21,20,30,"C",2,1,"0","0","150",NA,35
77,2022-02-21,20,30,"C",2,2,"na","na","na","Dead",35
77,2022-02-21,16,90,"C",2,1,"1","0","150",NA,35
77,2022-02-21,16,90,"C",2,2,"0","0","150",NA,35
77,2022-02-21,16,90,"C",2,3,"na","1","na","Dead tray",35
77,2022-02-21,16,90,"E",2,1,"na","2","na",NA,35
77,2022-02-21,16,90,"E",2,2,"na","2","na",NA,35
77,2022-02-21,16,90,"E",2,3,"na","2","na",NA,35
78,2022-02-22,20,30,"C",2,1,"0","0","100",NA,36
78,2022-02-22,16,90,"C",2,1,"0","2","0",NA,36
78,2022-02-22,16,90,"C",2,2,"0","0","0",NA,36
78,2022-02-22,16,90,"C",2,3,"na","3","na",NA,36
78,2022-02-22,16,90,"E",2,1,"na","na","na","Finished",36
78,2022-02-22,16,90,"E",2,2,"na","2","na","Finished",36
78,2022-02-22,16,90,"E",2,3,"na","0","na",NA,36
79,2022-02-23,20,30,"C",2,1,"na","na","na","Dead",37
79,2022-02-23,16,90,"C",2,1,"0","2","0",NA,37
79,2022-02-23,16,90,"C",2,2,"0","0","0",NA,37
79,2022-02-23,16,90,"C",2,3,"na","1","na",NA,37
79,2022-02-23,16,90,"E",2,3,"na","1","na","Finished",37
80,2022-02-24,16,90,"C",2,1,"2","0","na","Finished tray",38
80,2022-02-24,16,90,"C",2,2,"na","na","na","Dead",38
80,2022-02-24,16,90,"C",2,3,"na","2","na",NA,38
81,2022-02-25,16,90,"C",2,1,"na","1","na",NA,39
81,2022-02-25,16,90,"C",2,3,"na","1","na",NA,39
84,2022-03-07,38,60,"C",3,1,"0","0","0",NA,0
84,2022-03-07,38,60,"C",3,2,"0","0","0",NA,0
84,2022-03-07,38,60,"C",3,3,"0","0","0",NA,0
84,2022-03-07,38,60,"E",3,1,"0","0","0",NA,0
84,2022-03-07,38,60,"E",3,2,"0","0","0",NA,0
84,2022-03-07,38,60,"E",3,3,"0","0","0",NA,0
84,2022-03-07,35,30,"C",3,1,"0","0","0",NA,0
84,2022-03-07,35,30,"C",3,2,"0","0","0",NA,0
84,2022-03-07,35,30,"C",3,3,"0","0","0",NA,0
84,2022-03-07,35,30,"E",3,1,"0","0","0",NA,0
84,2022-03-07,35,30,"E",3,2,"0","0","0",NA,0
84,2022-03-07,35,30,"E",3,3,"0","0","0",NA,0
84,2022-03-07,32,90,"C",3,1,"0","0","0",NA,0
84,2022-03-07,32,90,"C",3,2,"0","0","0",NA,0
84,2022-03-07,32,90,"C",3,3,"0","0","0",NA,0
84,2022-03-07,32,90,"E",3,1,"0","0","0",NA,0
84,2022-03-07,32,90,"E",3,2,"0","0","0",NA,0
84,2022-03-07,32,90,"E",3,3,"0","0","0",NA,0
84,2022-03-07,28,75,"C",3,1,"0","0","0",NA,0
84,2022-03-07,28,75,"C",3,2,"0","0","0",NA,0
84,2022-03-07,28,75,"C",3,3,"0","0","0",NA,0
84,2022-03-07,28,75,"E",3,1,"0","0","0",NA,0
84,2022-03-07,28,75,"E",3,2,"0","0","0",NA,0
84,2022-03-07,28,75,"E",3,3,"0","0","0",NA,0
84,2022-03-07,24,75,"C",3,1,"0","0","0",NA,0
84,2022-03-07,24,75,"C",3,2,"0","0","0",NA,0
84,2022-03-07,24,75,"C",3,3,"0","0","0",NA,0
84,2022-03-07,24,75,"E",3,1,"0","0","0",NA,0
84,2022-03-07,24,75,"E",3,2,"0","0","0",NA,0
84,2022-03-07,24,75,"E",3,3,"0","0","0",NA,0
84,2022-03-07,20,45,"C",3,1,"0","0","0",NA,0
84,2022-03-07,20,45,"C",3,2,"0","0","0",NA,0
84,2022-03-07,20,45,"C",3,3,"0","0","0",NA,0
84,2022-03-07,20,45,"E",3,1,"0","0","0",NA,0
84,2022-03-07,20,45,"E",3,2,"0","0","0",NA,0
84,2022-03-07,20,45,"E",3,3,"0","0","0",NA,0
84,2022-03-07,16,30,"C",3,1,"0","0","0",NA,0
84,2022-03-07,16,30,"C",3,2,"0","0","0",NA,0
84,2022-03-07,16,30,"C",3,3,"0","0","0",NA,0
84,2022-03-07,16,30,"E",3,1,"0","0","0",NA,0
84,2022-03-07,16,30,"E",3,2,"0","0","0",NA,0
84,2022-03-07,16,30,"E",3,3,"0","0","0",NA,0
85,2022-03-08,38,60,"C",3,1,"0","0","100",NA,1
85,2022-03-08,38,60,"C",3,2,"0","0","100",NA,1
85,2022-03-08,38,60,"C",3,3,"0","0","100",NA,1
85,2022-03-08,38,60,"E",3,1,"0","0","0",NA,1
85,2022-03-08,38,60,"E",3,2,"0","0","0",NA,1
85,2022-03-08,38,60,"E",3,3,"0","0","0",NA,1
85,2022-03-08,35,30,"C",3,1,"0","0","250",NA,1
85,2022-03-08,35,30,"C",3,2,"0","0","250",NA,1
85,2022-03-08,35,30,"C",3,3,"0","0","200",NA,1
85,2022-03-08,35,30,"E",3,1,"0","0","0",NA,1
85,2022-03-08,35,30,"E",3,2,"0","0","0",NA,1
85,2022-03-08,35,30,"E",3,3,"0","0","0",NA,1
85,2022-03-08,32,90,"C",3,1,"0","0","0",NA,1
85,2022-03-08,32,90,"C",3,2,"0","0","0",NA,1
85,2022-03-08,32,90,"C",3,3,"0","0","0",NA,1
85,2022-03-08,32,90,"E",3,1,"0","0","0",NA,1
85,2022-03-08,32,90,"E",3,2,"0","0","0",NA,1
85,2022-03-08,32,90,"E",3,3,"0","0","0",NA,1
85,2022-03-08,28,75,"C",3,1,"0","0","0",NA,1
85,2022-03-08,28,75,"C",3,2,"0","0","0",NA,1
85,2022-03-08,28,75,"C",3,3,"0","0","0",NA,1
85,2022-03-08,28,75,"E",3,1,"0","0","0",NA,1
85,2022-03-08,28,75,"E",3,2,"0","0","0",NA,1
85,2022-03-08,28,75,"E",3,3,"0","0","0",NA,1
85,2022-03-08,24,75,"C",3,1,"0","0","100",NA,1
85,2022-03-08,24,75,"C",3,2,"0","0","100",NA,1
85,2022-03-08,24,75,"C",3,3,"0","0","100",NA,1
85,2022-03-08,24,75,"E",3,1,"0","0","0",NA,1
85,2022-03-08,24,75,"E",3,2,"0","0","0",NA,1
85,2022-03-08,24,75,"E",3,3,"0","0","0",NA,1
85,2022-03-08,20,45,"C",3,1,"0","0","50",NA,1
85,2022-03-08,20,45,"C",3,2,"0","0","100",NA,1
85,2022-03-08,20,45,"C",3,3,"0","0","50",NA,1
85,2022-03-08,20,45,"E",3,1,"0","0","0",NA,1
85,2022-03-08,20,45,"E",3,2,"0","0","0",NA,1
85,2022-03-08,20,45,"E",3,3,"0","0","0",NA,1
85,2022-03-08,16,30,"C",3,1,"0","0","100",NA,1
85,2022-03-08,16,30,"C",3,2,"0","0","100",NA,1
85,2022-03-08,16,30,"C",3,3,"0","0","100",NA,1
85,2022-03-08,16,30,"E",3,1,"0","0","0",NA,1
85,2022-03-08,16,30,"E",3,2,"0","0","0",NA,1
85,2022-03-08,16,30,"E",3,3,"0","0","0",NA,1
86,2022-03-09,38,60,"C",3,1,"0","0","100",NA,2
86,2022-03-09,38,60,"C",3,2,"0","0","100",NA,2
86,2022-03-09,38,60,"C",3,3,"0","0","100",NA,2
86,2022-03-09,38,60,"E",3,1,"0","0","0",NA,2
86,2022-03-09,38,60,"E",3,2,"0","0","0",NA,2
86,2022-03-09,38,60,"E",3,3,"0","0","0",NA,2
86,2022-03-09,35,30,"C",3,1,"0","0","250",NA,2
86,2022-03-09,35,30,"C",3,2,"0","0","250",NA,2
86,2022-03-09,35,30,"C",3,3,"0","0","250",NA,2
86,2022-03-09,35,30,"E",3,1,"0","0","0",NA,2
86,2022-03-09,35,30,"E",3,2,"0","0","0",NA,2
86,2022-03-09,35,30,"E",3,3,"0","0","0",NA,2
86,2022-03-09,32,90,"C",3,1,"0","0","0",NA,2
86,2022-03-09,32,90,"C",3,2,"0","0","0",NA,2
86,2022-03-09,32,90,"C",3,3,"0","0","0",NA,2
86,2022-03-09,32,90,"E",3,1,"0","0","0",NA,2
86,2022-03-09,32,90,"E",3,2,"0","0","0",NA,2
86,2022-03-09,32,90,"E",3,3,"0","0","0",NA,2
86,2022-03-09,28,75,"C",3,1,"0","0","100",NA,2
86,2022-03-09,28,75,"C",3,2,"0","0","100",NA,2
86,2022-03-09,28,75,"C",3,3,"0","0","100",NA,2
86,2022-03-09,28,75,"E",3,1,"0","0","0",NA,2
86,2022-03-09,28,75,"E",3,2,"0","0","0",NA,2
86,2022-03-09,28,75,"E",3,3,"0","0","0",NA,2
86,2022-03-09,24,75,"C",3,1,"0","0","0",NA,2
86,2022-03-09,24,75,"C",3,2,"0","0","100",NA,2
86,2022-03-09,24,75,"C",3,3,"0","0","0",NA,2
86,2022-03-09,24,75,"E",3,1,"0","0","0",NA,2
86,2022-03-09,24,75,"E",3,2,"0","0","0",NA,2
86,2022-03-09,24,75,"E",3,3,"0","0","0",NA,2
86,2022-03-09,20,45,"C",3,1,"0","0","100",NA,2
86,2022-03-09,20,45,"C",3,2,"0","0","100",NA,2
86,2022-03-09,20,45,"C",3,3,"0","0","100",NA,2
86,2022-03-09,20,45,"E",3,1,"0","0","0",NA,2
86,2022-03-09,20,45,"E",3,2,"0","0","0",NA,2
86,2022-03-09,20,45,"E",3,3,"0","0","0",NA,2
86,2022-03-09,16,30,"C",3,1,"0","0","100",NA,2
86,2022-03-09,16,30,"C",3,2,"0","0","100",NA,2
86,2022-03-09,16,30,"C",3,3,"0","0","100",NA,2
86,2022-03-09,16,30,"E",3,1,"0","0","0",NA,2
86,2022-03-09,16,30,"E",3,2,"0","0","0",NA,2
86,2022-03-09,16,30,"E",3,3,"0","0","0",NA,2
87,2022-03-10,38,60,"C",3,1,"0","0","200",NA,3
87,2022-03-10,38,60,"C",3,2,"0","0","200",NA,3
87,2022-03-10,38,60,"C",3,3,"0","0","250",NA,3
87,2022-03-10,38,60,"E",3,1,"0","0","0",NA,3
87,2022-03-10,38,60,"E",3,2,"0","0","0",NA,3
87,2022-03-10,38,60,"E",3,3,"0","0","0",NA,3
87,2022-03-10,35,30,"C",3,1,"0","0","300",NA,3
87,2022-03-10,35,30,"C",3,2,"0","0","200",NA,3
87,2022-03-10,35,30,"C",3,3,"0","0","250",NA,3
87,2022-03-10,35,30,"E",3,1,"na","na","na","Dead",3
87,2022-03-10,35,30,"E",3,2,"na","na","na","Dead",3
87,2022-03-10,35,30,"E",3,3,"0","0","0",NA,3
87,2022-03-10,32,90,"C",3,1,"0","0","0",NA,3
87,2022-03-10,32,90,"C",3,2,"0","0","0",NA,3
87,2022-03-10,32,90,"C",3,3,"0","0","0",NA,3
87,2022-03-10,32,90,"E",3,1,"0","0","0",NA,3
87,2022-03-10,32,90,"E",3,2,"0","0","0",NA,3
87,2022-03-10,32,90,"E",3,3,"0","0","0",NA,3
87,2022-03-10,28,75,"C",3,1,"0","0","50",NA,3
87,2022-03-10,28,75,"C",3,2,"0","0","50",NA,3
87,2022-03-10,28,75,"C",3,3,"0","0","50",NA,3
87,2022-03-10,28,75,"E",3,1,"0","0","0",NA,3
87,2022-03-10,28,75,"E",3,2,"0","0","0",NA,3
87,2022-03-10,28,75,"E",3,3,"0","0","0",NA,3
87,2022-03-10,24,75,"C",3,1,"0","0","50",NA,3
87,2022-03-10,24,75,"C",3,2,"0","0","50",NA,3
87,2022-03-10,24,75,"C",3,3,"0","0","100",NA,3
87,2022-03-10,24,75,"E",3,1,"0","0","0",NA,3
87,2022-03-10,24,75,"E",3,2,"0","0","0",NA,3
87,2022-03-10,24,75,"E",3,3,"0","0","0",NA,3
87,2022-03-10,20,45,"C",3,1,"0","0","200",NA,3
87,2022-03-10,20,45,"C",3,2,"0","0","150",NA,3
87,2022-03-10,20,45,"C",3,3,"0","0","100",NA,3
87,2022-03-10,20,45,"E",3,1,"0","0","0",NA,3
87,2022-03-10,20,45,"E",3,2,"0","0","0",NA,3
87,2022-03-10,20,45,"E",3,3,"0","0","0",NA,3
87,2022-03-10,16,30,"C",3,1,"0","0","50",NA,3
87,2022-03-10,16,30,"C",3,2,"0","0","50",NA,3
87,2022-03-10,16,30,"C",3,3,"0","0","50",NA,3
87,2022-03-10,16,30,"E",3,1,"0","0","0",NA,3
87,2022-03-10,16,30,"E",3,2,"0","0","0",NA,3
87,2022-03-10,16,30,"E",3,3,"0","0","0",NA,3
88,2022-03-11,38,60,"C",3,1,"0","0","200",NA,4
88,2022-03-11,38,60,"C",3,2,"0","0","200",NA,4
88,2022-03-11,38,60,"C",3,3,"0","0","300",NA,4
88,2022-03-11,38,60,"E",3,1,"0","0","0",NA,4
88,2022-03-11,38,60,"E",3,2,"0","0","0",NA,4
88,2022-03-11,38,60,"E",3,3,"0","0","0",NA,4
88,2022-03-11,35,30,"C",3,1,"0","0","300",NA,4
88,2022-03-11,35,30,"C",3,2,"0","0","350",NA,4
88,2022-03-11,35,30,"C",3,3,"0","0","400",NA,4
88,2022-03-11,35,30,"E",3,3,"na","na","na",NA,4
88,2022-03-11,32,90,"C",3,1,"0","0","0",NA,4
88,2022-03-11,32,90,"C",3,2,"0","0","0",NA,4
88,2022-03-11,32,90,"C",3,3,"0","0","0",NA,4
88,2022-03-11,32,90,"E",3,1,"0","0","0",NA,4
88,2022-03-11,32,90,"E",3,2,"0","0","0",NA,4
88,2022-03-11,32,90,"E",3,3,"0","0","0",NA,4
88,2022-03-11,28,75,"C",3,1,"0","0","100",NA,4
88,2022-03-11,28,75,"C",3,2,"0","0","100",NA,4
88,2022-03-11,28,75,"C",3,3,"0","0","100",NA,4
88,2022-03-11,28,75,"E",3,1,"0","0","0",NA,4
88,2022-03-11,28,75,"E",3,2,"0","0","0",NA,4
88,2022-03-11,28,75,"E",3,3,"0","0","0",NA,4
88,2022-03-11,24,75,"C",3,1,"0","0","50",NA,4
88,2022-03-11,24,75,"C",3,2,"0","0","100",NA,4
88,2022-03-11,24,75,"C",3,3,"0","0","100",NA,4
88,2022-03-11,24,75,"E",3,1,"0","0","0",NA,4
88,2022-03-11,24,75,"E",3,2,"0","0","0",NA,4
88,2022-03-11,24,75,"E",3,3,"0","0","0",NA,4
88,2022-03-11,20,45,"C",3,1,"0","0","200",NA,4
88,2022-03-11,20,45,"C",3,2,"0","0","100",NA,4
88,2022-03-11,20,45,"C",3,3,"0","0","250",NA,4
88,2022-03-11,20,45,"E",3,1,"0","0","0",NA,4
88,2022-03-11,20,45,"E",3,2,"0","0","0",NA,4
88,2022-03-11,20,45,"E",3,3,"0","0","0",NA,4
88,2022-03-11,16,30,"C",3,1,"0","0","100",NA,4
88,2022-03-11,16,30,"C",3,2,"0","0","100",NA,4
88,2022-03-11,16,30,"C",3,3,"0","0","100",NA,4
88,2022-03-11,16,30,"E",3,1,"0","0","0",NA,4
88,2022-03-11,16,30,"E",3,2,"0","0","0",NA,4
88,2022-03-11,16,30,"E",3,3,"0","0","0",NA,4
89,2022-03-12,38,60,"C",3,1,"40","0","200",NA,5
89,2022-03-12,38,60,"C",3,2,"46","0","400",NA,5
89,2022-03-12,38,60,"C",3,3,"37","0","275",NA,5
89,2022-03-12,38,60,"E",3,1,"na","na","na","Dead",5
89,2022-03-12,38,60,"E",3,2,"na","na","na","Dead",5
89,2022-03-12,38,60,"E",3,3,"na","na","na","Dead",5
89,2022-03-12,35,30,"C",3,1,"14","0","200",NA,5
89,2022-03-12,35,30,"C",3,2,"30","0","550",NA,5
89,2022-03-12,35,30,"C",3,3,"21","0","300",NA,5
89,2022-03-12,32,90,"C",3,1,"22","0","0",NA,5
89,2022-03-12,32,90,"C",3,2,"35","0","0",NA,5
89,2022-03-12,32,90,"C",3,3,"5","0","0",NA,5
89,2022-03-12,32,90,"E",3,1,"61","0","0",NA,5
89,2022-03-12,32,90,"E",3,2,"18","0","0",NA,5
89,2022-03-12,32,90,"E",3,3,"58","0","0",NA,5
89,2022-03-12,28,75,"C",3,1,"0","0","100",NA,5
89,2022-03-12,28,75,"C",3,2,"0","0","200",NA,5
89,2022-03-12,28,75,"C",3,3,"0","0","200",NA,5
89,2022-03-12,28,75,"E",3,1,"0","0","0",NA,5
89,2022-03-12,28,75,"E",3,2,"0","0","0",NA,5
89,2022-03-12,28,75,"E",3,3,"0","0","0",NA,5
89,2022-03-12,24,75,"C",3,1,"0","0","100",NA,5
89,2022-03-12,24,75,"C",3,2,"0","0","100",NA,5
89,2022-03-12,24,75,"C",3,3,"0","0","100",NA,5
89,2022-03-12,24,75,"E",3,1,"0","0","0",NA,5
89,2022-03-12,24,75,"E",3,2,"0","0","0",NA,5
89,2022-03-12,24,75,"E",3,3,"0","0","0",NA,5
89,2022-03-12,20,45,"C",3,1,"0","0","100",NA,5
89,2022-03-12,20,45,"C",3,2,"0","0","300",NA,5
89,2022-03-12,20,45,"C",3,3,"0","0","250",NA,5
89,2022-03-12,20,45,"E",3,1,"0","0","0",NA,5
89,2022-03-12,20,45,"E",3,2,"0","0","0",NA,5
89,2022-03-12,20,45,"E",3,3,"0","0","0",NA,5
89,2022-03-12,16,30,"C",3,1,"0","0","50",NA,5
89,2022-03-12,16,30,"C",3,2,"0","0","50",NA,5
89,2022-03-12,16,30,"C",3,3,"0","0","50",NA,5
89,2022-03-12,16,30,"E",3,1,"0","0","0",NA,5
89,2022-03-12,16,30,"E",3,2,"0","0","0",NA,5
89,2022-03-12,16,30,"E",3,3,"0","0","0",NA,5
90,2022-03-13,38,60,"C",3,1,"6","15","100",NA,6
90,2022-03-13,38,60,"C",3,2,"8","14","50",NA,6
90,2022-03-13,38,60,"C",3,3,"5","4","50",NA,6
90,2022-03-13,35,30,"C",3,1,"16","2","300",NA,6
90,2022-03-13,35,30,"C",3,2,"15","2","300",NA,6
90,2022-03-13,35,30,"C",3,3,"40","0","100",NA,6
90,2022-03-13,32,90,"C",3,1,"53","3","100",NA,6
90,2022-03-13,32,90,"C",3,2,"39","4","100",NA,6
90,2022-03-13,32,90,"C",3,3,"45","0","150",NA,6
90,2022-03-13,32,90,"E",3,1,"22","12","0",NA,6
90,2022-03-13,32,90,"E",3,2,"57","3","0",NA,6
90,2022-03-13,32,90,"E",3,3,"24","13","0",NA,6
90,2022-03-13,28,75,"C",3,1,"1","0","125",NA,6
90,2022-03-13,28,75,"C",3,2,"10","0","100",NA,6
90,2022-03-13,28,75,"C",3,3,"10","0","100",NA,6
90,2022-03-13,28,75,"E",3,1,"4","0","0",NA,6
90,2022-03-13,28,75,"E",3,2,"15","0","0",NA,6
90,2022-03-13,28,75,"E",3,3,"22","0","0",NA,6
90,2022-03-13,24,75,"C",3,1,"0","0","100",NA,6
90,2022-03-13,24,75,"C",3,2,"0","0","150",NA,6
90,2022-03-13,24,75,"C",3,3,"0","0","100",NA,6
90,2022-03-13,24,75,"E",3,1,"0","0","0",NA,6
90,2022-03-13,24,75,"E",3,2,"0","0","0",NA,6
90,2022-03-13,24,75,"E",3,3,"0","0","0",NA,6
90,2022-03-13,20,45,"C",3,1,"0","0","200",NA,6
90,2022-03-13,20,45,"C",3,2,"0","0","100",NA,6
90,2022-03-13,20,45,"C",3,3,"0","0","100",NA,6
90,2022-03-13,20,45,"E",3,1,"na","na","na",NA,6
90,2022-03-13,20,45,"E",3,2,"na","na","na",NA,6
90,2022-03-13,20,45,"E",3,3,"na","na","na",NA,6
90,2022-03-13,16,30,"C",3,1,"0","0","100",NA,6
90,2022-03-13,16,30,"C",3,2,"0","0","100",NA,6
90,2022-03-13,16,30,"C",3,3,"0","0","100",NA,6
90,2022-03-13,16,30,"E",3,1,"0","0","0",NA,6
90,2022-03-13,16,30,"E",3,2,"0","0","0",NA,6
89,2022-03-12,16,30,"E",3,3,"0","0","0",NA,5
91,2022-03-14,38,60,"C",3,1,"10","36","200",NA,7
91,2022-03-14,38,60,"C",3,2,"0","34","100",NA,7
91,2022-03-14,38,60,"C",3,3,"4","31","0",NA,7
91,2022-03-14,35,30,"C",3,1,"15","22","300",NA,7
91,2022-03-14,35,30,"C",3,2,"8","39","200",NA,7
91,2022-03-14,35,30,"C",3,3,"12","45","600",NA,7
91,2022-03-14,32,90,"C",3,1,"9","72","na","Finished tray",7
91,2022-03-14,32,90,"C",3,2,"8","54","0",NA,7
91,2022-03-14,32,90,"C",3,3,"21","50","0",NA,7
91,2022-03-14,32,90,"E",3,1,"7","69","0",NA,7
91,2022-03-14,32,90,"E",3,2,"10","68","0",NA,7
91,2022-03-14,32,90,"E",3,3,"11","53","0",NA,7
91,2022-03-14,28,75,"C",3,1,"33","0","150",NA,7
91,2022-03-14,28,75,"C",3,2,"48","1","100",NA,7
91,2022-03-14,28,75,"C",3,3,"37","1","200",NA,7
91,2022-03-14,28,75,"E",3,1,"44","0","0",NA,7
91,2022-03-14,28,75,"E",3,2,"58","0","0",NA,7
91,2022-03-14,28,75,"E",3,3,"39","3","0",NA,7
91,2022-03-14,24,75,"C",3,1,"0","0","200",NA,7
91,2022-03-14,24,75,"C",3,2,"0","0","100",NA,7
91,2022-03-14,24,75,"C",3,3,"0","0","200",NA,7
91,2022-03-14,24,75,"E",3,1,"0","0","0",NA,7
91,2022-03-14,24,75,"E",3,2,"0","0","0",NA,7
91,2022-03-14,24,75,"E",3,3,"0","0","0",NA,7
91,2022-03-14,20,45,"C",3,1,"0","0","150",NA,7
91,2022-03-14,20,45,"C",3,2,"0","0","100",NA,7
91,2022-03-14,20,45,"C",3,3,"0","0","250",NA,7
91,2022-03-14,16,30,"C",3,1,"0","0","0",NA,7
91,2022-03-14,16,30,"C",3,2,"0","0","50",NA,7
91,2022-03-14,16,30,"C",3,3,"0","0","100",NA,7
91,2022-03-14,16,30,"E",3,1,"0","0","0",NA,7
91,2022-03-14,16,30,"E",3,2,"0","0","0",NA,7
91,2022-03-14,16,30,"E",3,3,"0","0","0",NA,7
92,2022-03-15,38,60,"C",3,1,"4","10","150",NA,8
92,2022-03-15,38,60,"C",3,2,"1","3","150",NA,8
92,2022-03-15,38,60,"C",3,3,"0","5","300",NA,8
92,2022-03-15,35,30,"C",3,1,"3","21","150",NA,8
92,2022-03-15,35,30,"C",3,2,"0","13","500",NA,8
92,2022-03-15,35,30,"C",3,3,"2","24","150",NA,8
92,2022-03-15,32,90,"C",3,1,"na","9","na","Finished",8
92,2022-03-15,32,90,"C",3,2,"3","22","na","Finished tray",8
92,2022-03-15,32,90,"C",3,3,"0","18","0","2 died during emergence",8
92,2022-03-15,32,90,"E",3,1,"1","7","0","1 died during emergence",8
92,2022-03-15,32,90,"E",3,2,"2","10","0",NA,8
92,2022-03-15,32,90,"E",3,3,"0","24","0",NA,8
92,2022-03-15,28,75,"C",3,1,"26","21","150",NA,8
92,2022-03-15,28,75,"C",3,2,"15","46","150",NA,8
92,2022-03-15,28,75,"C",3,3,"12","35","150",NA,8
92,2022-03-15,28,75,"E",3,1,"20","29","0",NA,8
92,2022-03-15,28,75,"E",3,2,"13","69","0",NA,8
92,2022-03-15,28,75,"E",3,3,"15","52","0",NA,8
92,2022-03-15,24,75,"C",3,1,"0","0","100",NA,8
92,2022-03-15,24,75,"C",3,2,"0","0","200",NA,8
92,2022-03-15,24,75,"C",3,3,"0","0","100",NA,8
92,2022-03-15,24,75,"E",3,1,"0","0","0",NA,8
92,2022-03-15,24,75,"E",3,2,"0","0","0",NA,8
92,2022-03-15,24,75,"E",3,3,"0","0","0",NA,8
92,2022-03-15,20,45,"C",3,1,"0","0","200",NA,8
92,2022-03-15,20,45,"C",3,2,"0","0","350",NA,8
92,2022-03-15,20,45,"C",3,3,"0","0","300",NA,8
92,2022-03-15,16,30,"C",3,1,"0","0","100",NA,8
92,2022-03-15,16,30,"C",3,2,"0","0","100",NA,8
92,2022-03-15,16,30,"C",3,3,"0","0","100",NA,8
92,2022-03-15,16,30,"E",3,1,"0","0","0",NA,8
92,2022-03-15,16,30,"E",3,2,"0","0","0",NA,8
92,2022-03-15,16,30,"E",3,3,"0","0","0",NA,8
93,2022-03-16,38,60,"C",3,1,"1","0","300","3 dead",9
93,2022-03-16,38,60,"C",3,2,"1","1","450",NA,9
93,2022-03-16,38,60,"C",3,3,"3","0","250","1 dead",9
93,2022-03-16,35,30,"C",3,1,"3","3","450",NA,9
93,2022-03-16,35,30,"C",3,2,"4","0","150",NA,9
93,2022-03-16,35,30,"C",3,3,"3","2","150",NA,9
93,2022-03-16,32,90,"C",3,2,"na","3","na","Finished",9
93,2022-03-16,32,90,"C",3,3,"10","0","0",NA,9
93,2022-03-16,32,90,"E",3,1,"4","1","na","Finished tray",9
93,2022-03-16,32,90,"E",3,2,"6","2","na","Finished tray",9
93,2022-03-16,32,90,"E",3,3,"1","1","na","Finished tray",9
93,2022-03-16,28,75,"C",3,1,"11","37","150",NA,9
93,2022-03-16,28,75,"C",3,2,"1","24","150",NA,9
93,2022-03-16,28,75,"C",3,3,"5","23","100",NA,9
93,2022-03-16,28,75,"E",3,1,"13","38","0",NA,9
93,2022-03-16,28,75,"E",3,2,"5","16","0",NA,9
93,2022-03-16,28,75,"E",3,3,"4","18","0",NA,9
93,2022-03-16,24,75,"C",3,1,"11","0","200",NA,9
93,2022-03-16,24,75,"C",3,2,"5","0","100",NA,9
93,2022-03-16,24,75,"C",3,3,"21","0","100",NA,9
93,2022-03-16,24,75,"E",3,1,"25","0","0",NA,9
93,2022-03-16,24,75,"E",3,2,"18","0","0",NA,9
93,2022-03-16,24,75,"E",3,3,"26","0","0",NA,9
93,2022-03-16,20,45,"C",3,1,"0","0","400",NA,9
93,2022-03-16,20,45,"C",3,2,"0","0","300",NA,9
93,2022-03-16,20,45,"C",3,3,"0","0","250",NA,9
93,2022-03-16,16,30,"C",3,1,"0","0","100",NA,9
93,2022-03-16,16,30,"C",3,2,"0","0","100",NA,9
93,2022-03-16,16,30,"C",3,3,"0","0","100",NA,9
93,2022-03-16,16,30,"E",3,1,"0","0","0",NA,9
93,2022-03-16,16,30,"E",3,2,"0","0","0",NA,9
93,2022-03-16,16,30,"E",3,3,"0","0","0",NA,9
94,2022-03-17,38,60,"C",3,1,"na","2","na","Finished",10
94,2022-03-17,38,60,"C",3,2,"na","0","na",NA,10
94,2022-03-17,38,60,"C",3,3,"0","0","100",NA,10
94,2022-03-17,35,30,"C",3,1,"10","2","200",NA,10
94,2022-03-17,35,30,"C",3,2,"28","1","100",NA,10
94,2022-03-17,35,30,"C",3,3,"7","0","300",NA,10
94,2022-03-17,32,90,"C",3,3,"8","5","50",NA,10
94,2022-03-17,32,90,"E",3,1,"na","1","na","Finished tray",10
94,2022-03-17,32,90,"E",3,2,"na","2","na","Finished tray",10
94,2022-03-17,32,90,"E",3,3,"na","na","na","Finished",10
94,2022-03-17,28,75,"C",3,1,"0","11","100",NA,10
94,2022-03-17,28,75,"C",3,2,"2","0","100",NA,10
94,2022-03-17,28,75,"C",3,3,"2","2","150",NA,10
94,2022-03-17,28,75,"E",3,1,"na","5","na","Finished tray",10
94,2022-03-17,28,75,"E",3,2,"na","2","na","Finished tray",10
94,2022-03-17,28,75,"E",3,3,"na","2","na","Finished tray",10
94,2022-03-17,24,75,"C",3,1,"21","0","100",NA,10
94,2022-03-17,24,75,"C",3,2,"14","0","150",NA,10
94,2022-03-17,24,75,"C",3,3,"27","0","100",NA,10
94,2022-03-17,24,75,"E",3,1,"17","0","0",NA,10
94,2022-03-17,24,75,"E",3,2,"na","0","na","Finished tray",10
94,2022-03-17,24,75,"E",3,3,"31","0","0",NA,10
94,2022-03-17,20,45,"C",3,1,"0","0","200",NA,10
94,2022-03-17,20,45,"C",3,2,"0","0","100",NA,10
94,2022-03-17,20,45,"C",3,3,"0","0","200",NA,10
94,2022-03-17,16,30,"C",3,1,"0","0","100",NA,10
94,2022-03-17,16,30,"C",3,2,"0","0","100",NA,10
94,2022-03-17,16,30,"C",3,3,"0","0","100",NA,10
94,2022-03-17,16,30,"E",3,1,"na","na","na","Dead",10
94,2022-03-17,16,30,"E",3,2,"na","na","na","Dead",10
94,2022-03-17,16,30,"E",3,3,"na","na","na","Dead",10
95,2022-03-18,38,60,"C",3,2,"na","1","na","Finished",11
95,2022-03-18,38,60,"C",3,3,"0","1","0",NA,11
95,2022-03-18,35,30,"C",3,1,"6","7","100",NA,11
95,2022-03-18,35,30,"C",3,2,"3","19","250",NA,11
95,2022-03-18,35,30,"C",3,3,"3","6","250","Finished tray",11
95,2022-03-18,32,90,"C",3,3,"na","5","na",NA,11
95,2022-03-18,32,90,"E",3,1,"na","3","na","1 died during emergence + finished",11
95,2022-03-18,32,90,"E",3,2,"na","4","na","Finished",11
95,2022-03-18,28,75,"C",3,1,"4","2","50",NA,11
95,2022-03-18,28,75,"C",3,2,"4","3","50",NA,11
95,2022-03-18,28,75,"C",3,3,"4","4","50",NA,11
95,2022-03-18,28,75,"E",3,1,"na","1","na","4 died during emergence + finished",11
95,2022-03-18,28,75,"E",3,2,"na","na","na","2 died during emergence + finished",11
95,2022-03-18,28,75,"E",3,3,"na","na","na","Finished",11
95,2022-03-18,24,75,"C",3,1,"18","6","100",NA,11
95,2022-03-18,24,75,"C",3,2,"27","3","50",NA,11
95,2022-03-18,24,75,"C",3,3,"5","11","100",NA,11
95,2022-03-18,24,75,"E",3,1,"na","17","na","Finished tray",11
95,2022-03-18,24,75,"E",3,2,"na","12","na","Finished tray",11
95,2022-03-18,24,75,"E",3,3,"17","9","0",NA,11
95,2022-03-18,20,45,"C",3,1,"0","0","100",NA,11
95,2022-03-18,20,45,"C",3,2,"0","0","300",NA,11
95,2022-03-18,20,45,"C",3,3,"0","0","150",NA,11
95,2022-03-18,16,30,"C",3,1,"0","0","100",NA,11
95,2022-03-18,16,30,"C",3,2,"0","0","100",NA,11
95,2022-03-18,16,30,"C",3,3,"0","0","50",NA,11
96,2022-03-19,38,60,"C",3,3,"0","0","300",NA,12
96,2022-03-19,35,30,"C",3,1,"5","7","300",NA,12
96,2022-03-19,35,30,"C",3,2,"na","10","na","Finished",12
96,2022-03-19,35,30,"C",3,3,"na","5","na","Finished",12
96,2022-03-19,32,90,"C",3,3,"na","6","na",NA,12
96,2022-03-19,28,75,"C",3,1,"1","3","100",NA,12
96,2022-03-19,28,75,"C",3,2,"2","2","200",NA,12
96,2022-03-19,28,75,"C",3,3,"2","3","150",NA,12
96,2022-03-19,24,75,"C",3,1,"23","31","150",NA,12
96,2022-03-19,24,75,"C",3,2,"9","23","200",NA,12
96,2022-03-19,24,75,"C",3,3,"4","37","50",NA,12
96,2022-03-19,24,75,"E",3,1,"na","34","na","Finished",12
96,2022-03-19,24,75,"E",3,2,"na","5","na","Finished",12
96,2022-03-19,24,75,"E",3,3,"na","50","na","1 dead",12
96,2022-03-19,20,45,"C",3,1,"0","0","200",NA,12
96,2022-03-19,20,45,"C",3,2,"0","0","200",NA,12
96,2022-03-19,20,45,"C",3,3,"0","0","200",NA,12
96,2022-03-19,16,30,"C",3,1,"0","0","50",NA,12
96,2022-03-19,16,30,"C",3,2,"0","0","50",NA,12
96,2022-03-19,16,30,"C",3,3,"0","0","75",NA,12
97,2022-03-20,38,60,"C",3,3,"0","0","200",NA,13
97,2022-03-20,35,30,"C",3,1,"1","3","150",NA,13
97,2022-03-20,32,90,"C",3,3,"na","na","na","Finished",13
97,2022-03-20,28,75,"C",3,1,"6","2","150",NA,13
97,2022-03-20,28,75,"C",3,2,"5","4","100",NA,13
97,2022-03-20,28,75,"C",3,3,"7","2","100","1 dead",13
97,2022-03-20,24,75,"C",3,1,"7","17","100",NA,13
97,2022-03-20,24,75,"C",3,2,"2","22","100","1 dead",13
97,2022-03-20,24,75,"C",3,3,"0","3","100",NA,13
97,2022-03-20,24,75,"E",3,3,"na","13","na","Finished",13
97,2022-03-20,20,45,"C",3,1,"0","0","400",NA,13
97,2022-03-20,20,45,"C",3,2,"0","0","300",NA,13
97,2022-03-20,20,45,"C",3,3,"0","0","100",NA,13
97,2022-03-20,16,30,"C",3,1,"0","0","100",NA,13
97,2022-03-20,16,30,"C",3,2,"0","0","100",NA,13
97,2022-03-20,16,30,"C",3,3,"0","0","100",NA,13
98,2022-03-21,38,60,"C",3,3,"0","0","50",NA,14
98,2022-03-21,35,30,"C",3,1,"na","na","na","Finished",14
98,2022-03-21,28,75,"C",3,1,"5","2","50",NA,14
98,2022-03-21,28,75,"C",3,2,"2","0","na","Tray finished",14
98,2022-03-21,28,75,"C",3,3,"6","0","25",NA,14
98,2022-03-21,24,75,"C",3,1,"2","15","100",NA,14
98,2022-03-21,24,75,"C",3,2,"4","6","0",NA,14
98,2022-03-21,24,75,"C",3,3,"0","4","50",NA,14
98,2022-03-21,20,45,"C",3,1,"0","0","50",NA,14
98,2022-03-21,20,45,"C",3,2,"0","0","100",NA,14
98,2022-03-21,20,45,"C",3,3,"0","0","150",NA,14
98,2022-03-21,16,30,"C",3,1,"0","0","0",NA,14
98,2022-03-21,16,30,"C",3,2,"0","0","0",NA,14
98,2022-03-21,16,30,"C",3,3,"0","0","0",NA,14
99,2022-03-22,38,60,"C",3,3,"na","na","na","Finished",15
99,2022-03-22,28,75,"C",3,1,"1","6","na","Finished tray",15
99,2022-03-22,28,75,"C",3,2,"na","5","na","Finished",15
99,2022-03-22,28,75,"C",3,3,"5","8","100",NA,15
99,2022-03-22,24,75,"C",3,1,"1","8","0",NA,15
99,2022-03-22,24,75,"C",3,2,"5","2","0",NA,15
99,2022-03-22,24,75,"C",3,3,"5","0","na","Finished tray",15
99,2022-03-22,20,45,"C",3,1,"0","0","100",NA,15
99,2022-03-22,20,45,"C",3,2,"0","0","100",NA,15
99,2022-03-22,20,45,"C",3,3,"0","0","50",NA,15
99,2022-03-22,16,30,"C",3,1,"0","0","50",NA,15
99,2022-03-22,16,30,"C",3,2,"0","0","100",NA,15
99,2022-03-22,16,30,"C",3,3,"0","0","100",NA,15
100,2022-03-23,28,75,"C",3,1,"na","1","na","Finished",16
100,2022-03-23,28,75,"C",3,3,"0","6","0",NA,16
100,2022-03-23,24,75,"C",3,1,"1","2","100",NA,16
100,2022-03-23,24,75,"C",3,2,"5","4","100",NA,16
100,2022-03-23,24,75,"C",3,3,"na","0","na",NA,16
100,2022-03-23,20,45,"C",3,1,"0","0","100",NA,16
100,2022-03-23,20,45,"C",3,2,"0","0","50",NA,16
100,2022-03-23,20,45,"C",3,3,"0","0","50",NA,16
100,2022-03-23,16,30,"C",3,1,"0","0","100",NA,16
100,2022-03-23,16,30,"C",3,2,"0","0","50",NA,16
100,2022-03-23,16,30,"C",3,3,"0","0","100",NA,16
101,2022-03-24,28,75,"C",3,3,"1","2","na","Finished tray",17
101,2022-03-24,24,75,"C",3,1,"4","1","na","Finished tray",17
101,2022-03-24,24,75,"C",3,2,"4","4","25",NA,17
101,2022-03-24,24,75,"C",3,3,"na","1","na",NA,17
101,2022-03-24,20,45,"C",3,1,"5","0","100",NA,17
101,2022-03-24,20,45,"C",3,2,"0","0","100",NA,17
101,2022-03-24,20,45,"C",3,3,"2","0","200",NA,17
101,2022-03-24,16,30,"C",3,1,"0","0","0",NA,17
101,2022-03-24,16,30,"C",3,2,"0","0","0",NA,17
101,2022-03-24,16,30,"C",3,3,"0","0","0",NA,17
102,2022-03-25,28,75,"C",3,3,"na","1","na","Finished",18
102,2022-03-25,24,75,"C",3,1,"na","1","na",NA,18
102,2022-03-25,24,75,"C",3,2,"2","4","0",NA,18
102,2022-03-25,24,75,"C",3,3,"na","1","na",NA,18
102,2022-03-25,20,45,"C",3,1,"17","0","0",NA,18
102,2022-03-25,20,45,"C",3,2,"6","0","150",NA,18
102,2022-03-25,20,45,"C",3,3,"4","0","100",NA,18
102,2022-03-25,16,30,"C",3,1,"0","0","100",NA,18
102,2022-03-25,16,30,"C",3,2,"0","0","100",NA,18
102,2022-03-25,16,30,"C",3,3,"0","0","100",NA,18
103,2022-03-26,24,75,"C",3,1,"na","3","na",NA,19
103,2022-03-26,24,75,"C",3,2,"2","3","100",NA,19
103,2022-03-26,24,75,"C",3,3,"na","0","na",NA,19
103,2022-03-26,20,45,"C",3,1,"11","0","250",NA,19
103,2022-03-26,20,45,"C",3,2,"8","0","100",NA,19
103,2022-03-26,20,45,"C",3,3,"5","0","100",NA,19
103,2022-03-26,16,30,"C",3,1,"0","0","0",NA,19
103,2022-03-26,16,30,"C",3,2,"0","0","0",NA,19
103,2022-03-26,16,30,"C",3,3,"0","0","0",NA,19
104,2022-03-27,24,75,"C",3,1,"na","na","na","Finished",20
104,2022-03-27,24,75,"C",3,2,"4","2","na","Finished tray",20
104,2022-03-27,24,75,"C",3,3,"na","na","na","Finished",20
104,2022-03-27,20,45,"C",3,1,"10","2","150",NA,20
104,2022-03-27,20,45,"C",3,2,"7","0","100",NA,20
104,2022-03-27,20,45,"C",3,3,"4","0","200",NA,20
104,2022-03-27,16,30,"C",3,1,"0","0","0",NA,20
104,2022-03-27,16,30,"C",3,2,"0","0","0",NA,20
104,2022-03-27,16,30,"C",3,3,"0","0","0",NA,20
105,2022-03-28,24,75,"C",3,2,"na","2","na",NA,21
105,2022-03-28,20,45,"C",3,1,"5","9","100",NA,21
105,2022-03-28,20,45,"C",3,2,"11","2","0",NA,21
105,2022-03-28,20,45,"C",3,3,"9","2","200",NA,21
105,2022-03-28,16,30,"C",3,1,"0","0","200",NA,21
105,2022-03-28,16,30,"C",3,2,"0","0","150",NA,21
105,2022-03-28,16,30,"C",3,3,"0","0","100",NA,21
106,2022-03-29,24,75,"C",3,2,"na","0","na",NA,22
106,2022-03-29,20,45,"C",3,1,"6","19","100",NA,22
106,2022-03-29,20,45,"C",3,2,"7","7","200","1 dead",22
106,2022-03-29,20,45,"C",3,3,"4","3","100","1 dead",22
106,2022-03-29,16,30,"C",3,1,"0","0","100",NA,22
106,2022-03-29,16,30,"C",3,2,"0","0","100",NA,22
106,2022-03-29,16,30,"C",3,3,"0","0","100",NA,22
107,2022-03-30,24,75,"C",3,2,"na","2","na","Finished",23
107,2022-03-30,20,45,"C",3,1,"3","6","150",NA,23
107,2022-03-30,20,45,"C",3,2,"7","5","100",NA,23
107,2022-03-30,20,45,"C",3,3,"9","5","100",NA,23
107,2022-03-30,16,30,"C",3,1,"0","0","100",NA,23
107,2022-03-30,16,30,"C",3,2,"0","0","100",NA,23
107,2022-03-30,16,30,"C",3,3,"0","0","100",NA,23
108,2022-03-31,20,45,"C",3,1,"5","8","100",NA,24
108,2022-03-31,20,45,"C",3,2,"2","7","100",NA,24
108,2022-03-31,20,45,"C",3,3,"5","7","100",NA,24
108,2022-03-31,16,30,"C",3,1,"0","0","0",NA,24
108,2022-03-31,16,30,"C",3,2,"0","0","0",NA,24
108,2022-03-31,16,30,"C",3,3,"0","0","0",NA,24
109,2022-04-01,20,45,"C",3,1,"5","11","na","Finished tray",25
109,2022-04-01,20,45,"C",3,2,"3","7","200",NA,25
109,2022-04-01,20,45,"C",3,3,"2","6","100",NA,25
109,2022-04-01,16,30,"C",3,1,"0","0","100",NA,25
109,2022-04-01,16,30,"C",3,2,"0","0","100",NA,25
109,2022-04-01,16,30,"C",3,3,"0","0","100",NA,25
110,2022-04-02,20,45,"C",3,1,"na","5","na","Finished tray",26
110,2022-04-02,20,45,"C",3,2,"4","5","100",NA,26
110,2022-04-02,20,45,"C",3,3,"6","7","150",NA,26
110,2022-04-02,16,30,"C",3,1,"0","0","100",NA,26
110,2022-04-02,16,30,"C",3,2,"0","0","100",NA,26
110,2022-04-02,16,30,"C",3,3,"0","0","100",NA,26
111,2022-04-03,20,45,"C",3,1,"na","3","na","Finished tray",27
111,2022-04-03,20,45,"C",3,2,"5","2","200",NA,27
111,2022-04-03,20,45,"C",3,3,"4","3","100",NA,27
111,2022-04-03,16,30,"C",3,1,"0","0","100",NA,27
111,2022-04-03,16,30,"C",3,2,"0","0","100",NA,27
111,2022-04-03,16,30,"C",3,3,"0","0","100",NA,27
112,2022-04-04,20,45,"C",3,1,"na","2","na","Finished tray",28
112,2022-04-04,20,45,"C",3,2,"4","5","100",NA,28
112,2022-04-04,20,45,"C",3,3,"3","2","200",NA,28
112,2022-04-04,16,30,"C",3,1,"0","0","100",NA,28
112,2022-04-04,16,30,"C",3,2,"0","0","100",NA,28
112,2022-04-04,16,30,"C",3,3,"0","0","100",NA,28
113,2022-04-05,20,45,"C",3,1,"na","2","na","Finished",29
113,2022-04-05,20,45,"C",3,2,"0","2","100",NA,29
113,2022-04-05,20,45,"C",3,3,"2","1","100",NA,29
113,2022-04-05,16,30,"C",3,1,"0","0","100",NA,29
113,2022-04-05,16,30,"C",3,2,"0","0","100",NA,29
113,2022-04-05,16,30,"C",3,3,"0","0","100",NA,29
114,2022-04-06,20,45,"C",3,2,"na","2","na","Finished tray",30
114,2022-04-06,20,45,"C",3,3,"1","3","100",NA,30
114,2022-04-06,16,30,"C",3,1,"0","0","100",NA,30
114,2022-04-06,16,30,"C",3,2,"0","0","100",NA,30
114,2022-04-06,16,30,"C",3,3,"0","0","100",NA,30
115,2022-04-07,20,45,"C",3,2,"na","5","na","Finished tray",31
115,2022-04-07,20,45,"C",3,3,"1","3","100",NA,31
115,2022-04-07,16,30,"C",3,1,"0","0","100",NA,31
115,2022-04-07,16,30,"C",3,2,"0","0","100",NA,31
115,2022-04-07,16,30,"C",3,3,"0","0","100",NA,31
116,2022-04-08,20,45,"C",3,2,"na","4","na","Finished tray",32
116,2022-04-08,20,45,"C",3,3,"2","2","100",NA,32
116,2022-04-08,16,30,"C",3,1,"0","0","100",NA,32
116,2022-04-08,16,30,"C",3,2,"0","0","100",NA,32
116,2022-04-08,16,30,"C",3,3,"0","0","100",NA,32
117,2022-04-09,20,45,"C",3,2,"na","2","na","Finished tray",33
117,2022-04-09,20,45,"C",3,3,"0","0","150",NA,33
117,2022-04-09,16,30,"C",3,1,"0","0","100",NA,33
117,2022-04-09,16,30,"C",3,2,"0","0","100",NA,33
117,2022-04-09,16,30,"C",3,3,"0","0","100",NA,33
118,2022-04-10,20,45,"C",3,2,"na","na","na","Finished",34
118,2022-04-10,20,45,"C",3,3,"na","2","na","Finished tray",34
118,2022-04-10,16,30,"C",3,1,"0","0","100",NA,34
118,2022-04-10,16,30,"C",3,2,"0","0","100",NA,34
118,2022-04-10,16,30,"C",3,3,"0","0","100",NA,34
119,2022-04-11,20,45,"C",3,3,"na","2","na","Finished",35
119,2022-04-11,16,30,"C",3,1,"0","0","100",NA,35
119,2022-04-11,16,30,"C",3,2,"0","0","100",NA,35
119,2022-04-11,16,30,"C",3,3,"0","0","100",NA,35
119,2022-04-11,38,75,"C",4,1,"0","0","0",NA,0
119,2022-04-11,38,75,"C",4,2,"0","0","0",NA,0
119,2022-04-11,38,75,"C",4,3,"0","0","0",NA,0
119,2022-04-11,38,75,"E",4,1,"0","0","0",NA,0
119,2022-04-11,38,75,"E",4,2,"0","0","0",NA,0
119,2022-04-11,38,75,"E",4,3,"0","0","0",NA,0
119,2022-04-11,35,90,"C",4,1,"0","0","0",NA,0
119,2022-04-11,35,90,"C",4,2,"0","0","0",NA,0
119,2022-04-11,35,90,"C",4,3,"0","0","0",NA,0
119,2022-04-11,35,90,"E",4,1,"0","0","0",NA,0
119,2022-04-11,35,90,"E",4,2,"0","0","0",NA,0
119,2022-04-11,35,90,"E",4,3,"0","0","0",NA,0
119,2022-04-11,32,60,"C",4,1,"0","0","0",NA,0
119,2022-04-11,32,60,"C",4,2,"0","0","0",NA,0
119,2022-04-11,32,60,"C",4,3,"0","0","0",NA,0
119,2022-04-11,32,60,"E",4,1,"0","0","0",NA,0
119,2022-04-11,32,60,"E",4,2,"0","0","0",NA,0
119,2022-04-11,32,60,"E",4,3,"0","0","0",NA,0
119,2022-04-11,28,30,"C",4,1,"0","0","0",NA,0
119,2022-04-11,28,30,"C",4,2,"0","0","0",NA,0
119,2022-04-11,28,30,"C",4,3,"0","0","0",NA,0
119,2022-04-11,28,30,"E",4,1,"0","0","0",NA,0
119,2022-04-11,28,30,"E",4,2,"0","0","0",NA,0
119,2022-04-11,28,30,"E",4,3,"0","0","0",NA,0
119,2022-04-11,24,30,"C",4,1,"0","0","0",NA,0
119,2022-04-11,24,30,"C",4,2,"0","0","0",NA,0
119,2022-04-11,24,30,"C",4,3,"0","0","0",NA,0
119,2022-04-11,24,30,"E",4,1,"0","0","0",NA,0
119,2022-04-11,24,30,"E",4,2,"0","0","0",NA,0
119,2022-04-11,24,30,"E",4,3,"0","0","0",NA,0
119,2022-04-11,20,90,"C",4,1,"0","0","0",NA,0
119,2022-04-11,20,90,"C",4,2,"0","0","0",NA,0
119,2022-04-11,20,90,"C",4,3,"0","0","0",NA,0
119,2022-04-11,20,90,"E",4,1,"0","0","0",NA,0
119,2022-04-11,20,90,"E",4,2,"0","0","0",NA,0
119,2022-04-11,20,90,"E",4,3,"0","0","0",NA,0
119,2022-04-11,16,45,"C",4,1,"0","0","0",NA,0
119,2022-04-11,16,45,"C",4,2,"0","0","0",NA,0
119,2022-04-11,16,45,"C",4,3,"0","0","0",NA,0
119,2022-04-11,16,45,"E",4,1,"0","0","0",NA,0
119,2022-04-11,16,45,"E",4,2,"0","0","0",NA,0
119,2022-04-11,16,45,"E",4,3,"0","0","0",NA,0
120,2022-04-12,16,30,"C",3,1,"0","0","100",NA,36
120,2022-04-12,16,30,"C",3,2,"0","0","100",NA,36
120,2022-04-12,16,30,"C",3,3,"0","0","100",NA,36
120,2022-04-12,38,75,"C",4,1,"0","0","50",NA,1
120,2022-04-12,38,75,"C",4,2,"0","0","50",NA,1
120,2022-04-12,38,75,"C",4,3,"0","0","100",NA,1
120,2022-04-12,38,75,"E",4,1,"0","0","0",NA,1
120,2022-04-12,38,75,"E",4,2,"0","0","0",NA,1
120,2022-04-12,38,75,"E",4,3,"0","0","0",NA,1
120,2022-04-12,35,90,"C",4,1,"0","0","0",NA,1
120,2022-04-12,35,90,"C",4,2,"0","0","0",NA,1
120,2022-04-12,35,90,"C",4,3,"0","0","0",NA,1
120,2022-04-12,35,90,"E",4,1,"0","0","0",NA,1
120,2022-04-12,35,90,"E",4,2,"0","0","0",NA,1
120,2022-04-12,35,90,"E",4,3,"0","0","0",NA,1
120,2022-04-12,32,60,"C",4,1,"0","0","50",NA,1
120,2022-04-12,32,60,"C",4,2,"0","0","50",NA,1
120,2022-04-12,32,60,"C",4,3,"0","0","50",NA,1
120,2022-04-12,32,60,"E",4,1,"0","0","0",NA,1
120,2022-04-12,32,60,"E",4,2,"0","0","0",NA,1
120,2022-04-12,32,60,"E",4,3,"0","0","0",NA,1
120,2022-04-12,28,30,"C",4,1,"0","0","200",NA,1
120,2022-04-12,28,30,"C",4,2,"0","0","200",NA,1
120,2022-04-12,28,30,"C",4,3,"0","0","200",NA,1
120,2022-04-12,28,30,"E",4,1,"0","0","0",NA,1
120,2022-04-12,28,30,"E",4,2,"0","0","0",NA,1
120,2022-04-12,28,30,"E",4,3,"0","0","0",NA,1
120,2022-04-12,24,30,"C",4,1,"0","0","100",NA,1
120,2022-04-12,24,30,"C",4,2,"0","0","150",NA,1
120,2022-04-12,24,30,"C",4,3,"0","0","200",NA,1
120,2022-04-12,24,30,"E",4,1,"0","0","0",NA,1
120,2022-04-12,24,30,"E",4,2,"0","0","0",NA,1
120,2022-04-12,24,30,"E",4,3,"0","0","0",NA,1
120,2022-04-12,20,90,"C",4,1,"0","0","0",NA,1
120,2022-04-12,20,90,"C",4,2,"0","0","0",NA,1
120,2022-04-12,20,90,"C",4,3,"0","0","0",NA,1
120,2022-04-12,20,90,"E",4,1,"0","0","0",NA,1
120,2022-04-12,20,90,"E",4,2,"0","0","0",NA,1
120,2022-04-12,20,90,"E",4,3,"0","0","0",NA,1
120,2022-04-12,16,45,"C",4,1,"0","0","0",NA,1
120,2022-04-12,16,45,"C",4,2,"0","0","0",NA,1
120,2022-04-12,16,45,"C",4,3,"0","0","0",NA,1
120,2022-04-12,16,45,"E",4,1,"0","0","0",NA,1
120,2022-04-12,16,45,"E",4,2,"0","0","0",NA,1
120,2022-04-12,16,45,"E",4,3,"0","0","0",NA,1
121,2022-04-13,16,30,"C",3,1,"0","0","100",NA,37
121,2022-04-13,16,30,"C",3,2,"0","0","100",NA,37
121,2022-04-13,16,30,"C",3,3,"0","0","100",NA,37
121,2022-04-13,38,75,"C",4,1,"0","0","150",NA,2
121,2022-04-13,38,75,"C",4,2,"0","0","150",NA,2
121,2022-04-13,38,75,"C",4,3,"0","0","150",NA,2
121,2022-04-13,38,75,"E",4,1,"0","0","0",NA,2
121,2022-04-13,38,75,"E",4,2,"0","0","0",NA,2
121,2022-04-13,38,75,"E",4,3,"0","0","0",NA,2
121,2022-04-13,35,90,"C",4,1,"0","0","0",NA,2
121,2022-04-13,35,90,"C",4,2,"0","0","0",NA,2
121,2022-04-13,35,90,"C",4,3,"0","0","0",NA,2
121,2022-04-13,35,90,"E",4,1,"0","0","0",NA,2
121,2022-04-13,35,90,"E",4,2,"0","0","0",NA,2
121,2022-04-13,35,90,"E",4,3,"0","0","0",NA,2
121,2022-04-13,32,60,"C",4,1,"0","0","100",NA,2
121,2022-04-13,32,60,"C",4,2,"0","0","100",NA,2
121,2022-04-13,32,60,"C",4,3,"0","0","100",NA,2
121,2022-04-13,32,60,"E",4,1,"0","0","0",NA,2
121,2022-04-13,32,60,"E",4,2,"0","0","0",NA,2
121,2022-04-13,32,60,"E",4,3,"0","0","0",NA,2
121,2022-04-13,28,30,"C",4,1,"0","0","100",NA,2
121,2022-04-13,28,30,"C",4,2,"0","0","250",NA,2
121,2022-04-13,28,30,"C",4,3,"0","0","300",NA,2
121,2022-04-13,28,30,"E",4,1,"0","0","0",NA,2
121,2022-04-13,28,30,"E",4,2,"0","0","0",NA,2
121,2022-04-13,28,30,"E",4,3,"0","0","0",NA,2
121,2022-04-13,24,30,"C",4,1,"0","0","100",NA,2
121,2022-04-13,24,30,"C",4,2,"0","0","250",NA,2
121,2022-04-13,24,30,"C",4,3,"0","0","250",NA,2
121,2022-04-13,24,30,"E",4,1,"0","0","0",NA,2
121,2022-04-13,24,30,"E",4,2,"0","0","0",NA,2
121,2022-04-13,24,30,"E",4,3,"0","0","0",NA,2
121,2022-04-13,20,90,"C",4,1,"0","0","0",NA,2
121,2022-04-13,20,90,"C",4,2,"0","0","0",NA,2
121,2022-04-13,20,90,"C",4,3,"0","0","0",NA,2
121,2022-04-13,20,90,"E",4,1,"0","0","0",NA,2
121,2022-04-13,20,90,"E",4,2,"0","0","0",NA,2
121,2022-04-13,20,90,"E",4,3,"0","0","0",NA,2
121,2022-04-13,16,45,"C",4,1,"0","0","100",NA,2
121,2022-04-13,16,45,"C",4,2,"0","0","100",NA,2
121,2022-04-13,16,45,"C",4,3,"0","0","100",NA,2
121,2022-04-13,16,45,"E",4,1,"0","0","0",NA,2
121,2022-04-13,16,45,"E",4,2,"0","0","0",NA,2
121,2022-04-13,16,45,"E",4,3,"0","0","0",NA,2
122,2022-04-14,16,30,"C",3,1,"0","0","100",NA,38
122,2022-04-14,16,30,"C",3,2,"1","0","100",NA,38
122,2022-04-14,16,30,"C",3,3,"0","0","100",NA,38
122,2022-04-14,38,75,"C",4,1,"0","0","200",NA,3
122,2022-04-14,38,75,"C",4,2,"0","0","100",NA,3
122,2022-04-14,38,75,"C",4,3,"0","0","150",NA,3
122,2022-04-14,38,75,"E",4,1,"0","0","0",NA,3
122,2022-04-14,38,75,"E",4,2,"0","0","0",NA,3
122,2022-04-14,38,75,"E",4,3,"0","0","0",NA,3
122,2022-04-14,35,90,"C",4,1,"0","0","0",NA,3
122,2022-04-14,35,90,"C",4,2,"0","0","0",NA,3
122,2022-04-14,35,90,"C",4,3,"0","0","0",NA,3
122,2022-04-14,35,90,"E",4,1,"0","0","0",NA,3
122,2022-04-14,35,90,"E",4,2,"0","0","0",NA,3
122,2022-04-14,35,90,"E",4,3,"0","0","0",NA,3
122,2022-04-14,32,60,"C",4,1,"0","0","100",NA,3
122,2022-04-14,32,60,"C",4,2,"0","0","100",NA,3
122,2022-04-14,32,60,"C",4,3,"0","0","100",NA,3
122,2022-04-14,32,60,"E",4,1,"0","0","0",NA,3
122,2022-04-14,32,60,"E",4,2,"0","0","0",NA,3
122,2022-04-14,32,60,"E",4,3,"0","0","0",NA,3
122,2022-04-14,28,30,"C",4,1,"0","0","150",NA,3
122,2022-04-14,28,30,"C",4,2,"0","0","200",NA,3
122,2022-04-14,28,30,"C",4,3,"0","0","200",NA,3
122,2022-04-14,28,30,"E",4,1,"0","0","0",NA,3
122,2022-04-14,28,30,"E",4,2,"0","0","0",NA,3
122,2022-04-14,28,30,"E",4,3,"0","0","0",NA,3
122,2022-04-14,24,30,"C",4,1,"0","0","200",NA,3
122,2022-04-14,24,30,"C",4,2,"0","0","200",NA,3
122,2022-04-14,24,30,"C",4,3,"0","0","150",NA,3
122,2022-04-14,24,30,"E",4,1,"0","0","0",NA,3
122,2022-04-14,24,30,"E",4,2,"0","0","0",NA,3
122,2022-04-14,24,30,"E",4,3,"0","0","0",NA,3
122,2022-04-14,20,90,"C",4,1,"0","0","0",NA,3
122,2022-04-14,20,90,"C",4,2,"0","0","0",NA,3
122,2022-04-14,20,90,"C",4,3,"0","0","0",NA,3
122,2022-04-14,20,90,"E",4,1,"0","0","0",NA,3
122,2022-04-14,20,90,"E",4,2,"0","0","0",NA,3
122,2022-04-14,20,90,"E",4,3,"0","0","0",NA,3
122,2022-04-14,16,45,"C",4,1,"0","0","100",NA,3
122,2022-04-14,16,45,"C",4,2,"0","0","100",NA,3
122,2022-04-14,16,45,"C",4,3,"0","0","100",NA,3
122,2022-04-14,16,45,"E",4,1,"0","0","0",NA,3
122,2022-04-14,16,45,"E",4,2,"0","0","0",NA,3
122,2022-04-14,16,45,"E",4,3,"0","0","0",NA,3
123,2022-04-15,16,30,"C",3,1,"0","0","100",NA,39
123,2022-04-15,16,30,"C",3,2,"0","0","100",NA,39
123,2022-04-15,16,30,"C",3,3,"0","0","100",NA,39
123,2022-04-15,38,75,"C",4,1,"0","0","100",NA,4
123,2022-04-15,38,75,"C",4,2,"0","0","150",NA,4
123,2022-04-15,38,75,"C",4,3,"0","0","200",NA,4
123,2022-04-15,38,75,"E",4,1,"0","0","0",NA,4
123,2022-04-15,38,75,"E",4,2,"0","0","0",NA,4
123,2022-04-15,38,75,"E",4,3,"0","0","0",NA,4
123,2022-04-15,35,90,"C",4,1,"0","0","0",NA,4
123,2022-04-15,35,90,"C",4,2,"0","0","0",NA,4
123,2022-04-15,35,90,"C",4,3,"0","0","0",NA,4
123,2022-04-15,35,90,"E",4,1,"0","0","0",NA,4
123,2022-04-15,35,90,"E",4,2,"0","0","0",NA,4
123,2022-04-15,35,90,"E",4,3,"0","0","0",NA,4
123,2022-04-15,32,60,"C",4,1,"0","0","100",NA,4
123,2022-04-15,32,60,"C",4,2,"0","0","100",NA,4
123,2022-04-15,32,60,"C",4,3,"0","0","150",NA,4
123,2022-04-15,32,60,"E",4,1,"0","0","0",NA,4
123,2022-04-15,32,60,"E",4,2,"0","0","0",NA,4
123,2022-04-15,32,60,"E",4,3,"0","0","0",NA,4
123,2022-04-15,28,30,"C",4,1,"0","0","150",NA,4
123,2022-04-15,28,30,"C",4,2,"0","0","250",NA,4
123,2022-04-15,28,30,"C",4,3,"0","0","350",NA,4
123,2022-04-15,28,30,"E",4,1,"na","na","na","Evaporated",4
123,2022-04-15,28,30,"E",4,2,"na","na","na","Evaporated",4
123,2022-04-15,28,30,"E",4,3,"na","na","na","Evaporated",4
123,2022-04-15,24,30,"C",4,1,"0","0","150",NA,4
123,2022-04-15,24,30,"C",4,2,"0","0","150",NA,4
123,2022-04-15,24,30,"C",4,3,"0","0","300",NA,4
123,2022-04-15,24,30,"E",4,1,"0","0","0",NA,4
123,2022-04-15,24,30,"E",4,2,"0","0","0",NA,4
123,2022-04-15,24,30,"E",4,3,"na","na","na","Evaporated",4
123,2022-04-15,20,90,"C",4,1,"0","0","0",NA,4
123,2022-04-15,20,90,"C",4,2,"0","0","0",NA,4
123,2022-04-15,20,90,"C",4,3,"0","0","0",NA,4
123,2022-04-15,20,90,"E",4,1,"0","0","0",NA,4
123,2022-04-15,20,90,"E",4,2,"0","0","0",NA,4
123,2022-04-15,20,90,"E",4,3,"0","0","0",NA,4
123,2022-04-15,16,45,"C",4,1,"0","0","100",NA,4
123,2022-04-15,16,45,"C",4,2,"0","0","100",NA,4
123,2022-04-15,16,45,"C",4,3,"0","0","100",NA,4
123,2022-04-15,16,45,"E",4,1,"0","0","0",NA,4
123,2022-04-15,16,45,"E",4,2,"0","0","0",NA,4
123,2022-04-15,16,45,"E",4,3,"0","0","0",NA,4
124,2022-04-16,16,30,"C",3,1,"0","0","100",NA,40
124,2022-04-16,16,30,"C",3,2,"0","0","100",NA,40
124,2022-04-16,16,30,"C",3,3,"0","0","100",NA,40
124,2022-04-16,38,75,"C",4,1,"5","0","100",NA,5
124,2022-04-16,38,75,"C",4,2,"11","0","100",NA,5
124,2022-04-16,38,75,"C",4,3,"0","0","100",NA,5
124,2022-04-16,38,75,"E",4,1,"8","0","0",NA,5
124,2022-04-16,38,75,"E",4,2,"16","0","0",NA,5
124,2022-04-16,38,75,"E",4,3,"13","0","0",NA,5
124,2022-04-16,35,90,"C",4,1,"5","0","0",NA,5
124,2022-04-16,35,90,"C",4,2,"23","0","0",NA,5
124,2022-04-16,35,90,"C",4,3,"22","0","0",NA,5
124,2022-04-16,35,90,"E",4,1,"22","0","0",NA,5
124,2022-04-16,35,90,"E",4,2,"32","0","0",NA,5
124,2022-04-16,35,90,"E",4,3,"18","0","0",NA,5
124,2022-04-16,32,60,"C",4,1,"1","0","100",NA,5
124,2022-04-16,32,60,"C",4,2,"2","0","100",NA,5
124,2022-04-16,32,60,"C",4,3,"4","0","100",NA,5
124,2022-04-16,32,60,"E",4,1,"0","0","0",NA,5
124,2022-04-16,32,60,"E",4,2,"4","0","0",NA,5
124,2022-04-16,32,60,"E",4,3,"2","0","0",NA,5
124,2022-04-16,28,30,"C",4,1,"0","0","200",NA,5
124,2022-04-16,28,30,"C",4,2,"0","0","300",NA,5
124,2022-04-16,28,30,"C",4,3,"0","0","200",NA,5
124,2022-04-16,24,30,"C",4,1,"0","0","150",NA,5
124,2022-04-16,24,30,"C",4,2,"0","0","350",NA,5
124,2022-04-16,24,30,"C",4,3,"0","0","200",NA,5
124,2022-04-16,24,30,"E",4,1,"0","0","0",NA,5
124,2022-04-16,24,30,"E",4,2,"0","0","0",NA,5
124,2022-04-16,20,90,"C",4,1,"0","0","0",NA,5
124,2022-04-16,20,90,"C",4,2,"0","0","0",NA,5
124,2022-04-16,20,90,"C",4,3,"0","0","0",NA,5
124,2022-04-16,20,90,"E",4,1,"0","0","0",NA,5
124,2022-04-16,20,90,"E",4,2,"0","0","0",NA,5
124,2022-04-16,20,90,"E",4,3,"0","0","0",NA,5
124,2022-04-16,16,45,"C",4,1,"0","0","100",NA,5
124,2022-04-16,16,45,"C",4,2,"0","0","100",NA,5
124,2022-04-16,16,45,"C",4,3,"0","0","100",NA,5
124,2022-04-16,16,45,"E",4,1,"0","0","0",NA,5
124,2022-04-16,16,45,"E",4,2,"0","0","0",NA,5
124,2022-04-16,16,45,"E",4,3,"0","0","0",NA,5
125,2022-04-17,16,30,"C",3,1,"1","0","na","End",41
125,2022-04-17,16,30,"C",3,2,"1","0","na","End",41
125,2022-04-17,16,30,"C",3,3,"0","0","na","End",41
125,2022-04-17,38,75,"C",4,1,"38","22","150",NA,6
125,2022-04-17,38,75,"C",4,2,"37","18","100","4",6
125,2022-04-17,38,75,"C",4,3,"28","4","100",NA,6
125,2022-04-17,38,75,"E",4,1,"21","3","0","11 dead",6
125,2022-04-17,38,75,"E",4,2,"27","18","0","14",6
125,2022-04-17,38,75,"E",4,3,"26","27","0","4",6
125,2022-04-17,35,90,"C",4,1,"40","22","0",NA,6
125,2022-04-17,35,90,"C",4,2,"30","37","0","1 escape",6
125,2022-04-17,35,90,"C",4,3,"39","33","0",NA,6
125,2022-04-17,35,90,"E",4,1,"26","53","0",NA,6
125,2022-04-17,35,90,"E",4,2,"25","43","0","2 escape/dead",6
125,2022-04-17,35,90,"E",4,3,"41","31","0",NA,6
125,2022-04-17,32,60,"C",4,1,"65","1","200",NA,6
125,2022-04-17,32,60,"C",4,2,"59","2","200",NA,6
125,2022-04-17,32,60,"C",4,3,"67","4","200",NA,6
125,2022-04-17,32,60,"E",4,1,"68","0","0",NA,6
125,2022-04-17,32,60,"E",4,2,"71","4","0",NA,6
125,2022-04-17,32,60,"E",4,3,"69","2","0",NA,6
125,2022-04-17,28,30,"C",4,1,"0","0","400",NA,6
125,2022-04-17,28,30,"C",4,2,"0","0","200",NA,6
125,2022-04-17,28,30,"C",4,3,"0","0","300",NA,6
125,2022-04-17,24,30,"C",4,1,"0","0","350",NA,6
125,2022-04-17,24,30,"C",4,2,"0","0","200",NA,6
125,2022-04-17,24,30,"C",4,3,"0","0","200",NA,6
125,2022-04-17,20,90,"C",4,1,"0","0","0",NA,6
125,2022-04-17,20,90,"C",4,2,"0","0","0",NA,6
125,2022-04-17,20,90,"C",4,3,"0","0","0",NA,6
125,2022-04-17,20,90,"E",4,1,"0","0","0",NA,6
125,2022-04-17,20,90,"E",4,2,"0","0","0",NA,6
125,2022-04-17,20,90,"E",4,3,"0","0","0",NA,6
125,2022-04-17,16,45,"C",4,1,"0","0","150",NA,6
125,2022-04-17,16,45,"C",4,2,"0","0","100",NA,6
125,2022-04-17,16,45,"C",4,3,"0","0","100",NA,6
125,2022-04-17,16,45,"E",4,1,"0","0","0",NA,6
125,2022-04-17,16,45,"E",4,2,"0","0","0",NA,6
125,2022-04-17,16,45,"E",4,3,"0","0","0",NA,6
126,2022-04-18,38,75,"C",4,1,"6","24","150",NA,7
126,2022-04-18,38,75,"C",4,2,"2","29","200",NA,7
126,2022-04-18,38,75,"C",4,3,"1","15","150","3",7
126,2022-04-18,38,75,"E",4,1,"4","17","na","7 + finished tray",7
126,2022-04-18,38,75,"E",4,2,"2","15","na","finished tray",7
126,2022-04-18,38,75,"E",4,3,"1","16","na","4 dead + finished tray",7
126,2022-04-18,35,90,"C",4,1,"4","25","100",NA,7
126,2022-04-18,35,90,"C",4,2,"5","23","100",NA,7
126,2022-04-18,35,90,"C",4,3,"8","23","200",NA,7
126,2022-04-18,35,90,"E",4,1,"4","18","0",NA,7
126,2022-04-18,35,90,"E",4,2,"0","25","0",NA,7
126,2022-04-18,35,90,"E",4,3,"7","32","0",NA,7
126,2022-04-18,32,60,"C",4,1,"10","47","150",NA,7
126,2022-04-18,32,60,"C",4,2,"13","47","100",NA,7
126,2022-04-18,32,60,"C",4,3,"8","52","200",NA,7
126,2022-04-18,32,60,"E",4,1,"4","48","na","finished tray",7
126,2022-04-18,32,60,"E",4,2,"7","59","na","finished tray",7
126,2022-04-18,32,60,"E",4,3,"4","60","na","finished tray",7
126,2022-04-18,28,30,"C",4,1,"0","0","200",NA,7
126,2022-04-18,28,30,"C",4,2,"0","0","100",NA,7
126,2022-04-18,28,30,"C",4,3,"0","0","400",NA,7
126,2022-04-18,24,30,"C",4,1,"0","0","100",NA,7
126,2022-04-18,24,30,"C",4,2,"0","0","100",NA,7
126,2022-04-18,24,30,"C",4,3,"0","0","200",NA,7
126,2022-04-18,20,90,"C",4,1,"0","0","0",NA,7
126,2022-04-18,20,90,"C",4,2,"0","0","0",NA,7
126,2022-04-18,20,90,"C",4,3,"0","0","0",NA,7
126,2022-04-18,20,90,"E",4,1,"0","0","0",NA,7
126,2022-04-18,20,90,"E",4,2,"0","0","0",NA,7
126,2022-04-18,20,90,"E",4,3,"0","0","0",NA,7
126,2022-04-18,16,45,"C",4,1,"0","0","100",NA,7
126,2022-04-18,16,45,"C",4,2,"0","0","100",NA,7
126,2022-04-18,16,45,"C",4,3,"0","0","100",NA,7
126,2022-04-18,16,45,"E",4,1,"na","na","na","Evaporated",7
126,2022-04-18,16,45,"E",4,2,"na","na","na","Evaporated",7
126,2022-04-18,16,45,"E",4,3,"na","na","na","Evaporated",7
127,2022-04-19,38,75,"C",4,1,"1","13","50",NA,8
127,2022-04-19,38,75,"C",4,2,"0","9","200","2 died during emergence. All 9 were hanging out on side of the cup",8
127,2022-04-19,38,75,"C",4,3,"2","0","150","3",8
127,2022-04-19,38,75,"E",4,1,"na","1","na","Finished + 1 dead",8
127,2022-04-19,38,75,"E",4,2,"na","2","na","5 died during emergence + finished",8
127,2022-04-19,38,75,"E",4,3,"na","1","na","5 died during emergence + finished",8
127,2022-04-19,35,90,"C",4,1,"2","15","0",NA,8
127,2022-04-19,35,90,"C",4,2,"2","10","0",NA,8
127,2022-04-19,35,90,"C",4,3,"2","17","0",NA,8
127,2022-04-19,35,90,"E",4,1,"6","11","0",NA,8
127,2022-04-19,35,90,"E",4,2,"0","0","0",NA,8
127,2022-04-19,35,90,"E",4,3,"0","11","0",NA,8
127,2022-04-19,32,60,"C",4,1,"2","27","50",NA,8
127,2022-04-19,32,60,"C",4,2,"2","19","100",NA,8
127,2022-04-19,32,60,"C",4,3,"2","22","100",NA,8
127,2022-04-19,32,60,"E",4,1,"na","16","na","Finished",8
127,2022-04-19,32,60,"E",4,2,"na","16","na",NA,8
127,2022-04-19,32,60,"E",4,3,"na","11","na",NA,8
127,2022-04-19,28,30,"C",4,1,"16","0","150",NA,8
127,2022-04-19,28,30,"C",4,2,"35","0","250",NA,8
127,2022-04-19,28,30,"C",4,3,"16","0","250",NA,8
127,2022-04-19,24,30,"C",4,1,"0","0","150",NA,8
127,2022-04-19,24,30,"C",4,2,"0","0","400",NA,8
127,2022-04-19,24,30,"C",4,3,"0","0","200",NA,8
127,2022-04-19,20,90,"C",4,1,"0","0","0",NA,8
127,2022-04-19,20,90,"C",4,2,"0","0","0",NA,8
127,2022-04-19,20,90,"C",4,3,"0","0","0",NA,8
127,2022-04-19,20,90,"E",4,1,"0","0","0",NA,8
127,2022-04-19,20,90,"E",4,2,"0","0","0",NA,8
127,2022-04-19,20,90,"E",4,3,"0","0","0",NA,8
127,2022-04-19,16,45,"C",4,1,"0","0","50",NA,8
127,2022-04-19,16,45,"C",4,2,"0","0","150",NA,8
127,2022-04-19,16,45,"C",4,3,"0","0","100",NA,8
128,2022-04-20,38,75,"C",4,1,"1","0","200",NA,9
128,2022-04-20,38,75,"C",4,2,"1","0","100",NA,9
128,2022-04-20,38,75,"C",4,3,"0","0","100",NA,9
128,2022-04-20,35,90,"C",4,1,"1","1","100",NA,9
128,2022-04-20,35,90,"C",4,2,"6","2","100",NA,9
128,2022-04-20,35,90,"C",4,3,"0","5","100",NA,9
128,2022-04-20,35,90,"E",4,1,"4","5","0",NA,9
128,2022-04-20,35,90,"E",4,2,"0","0","0",NA,9
128,2022-04-20,35,90,"E",4,3,"0","2","0",NA,9
128,2022-04-20,32,60,"C",4,1,"1","2","200",NA,9
128,2022-04-20,32,60,"C",4,2,"1","7","100",NA,9
128,2022-04-20,32,60,"C",4,3,"2","2","100",NA,9
128,2022-04-20,32,60,"E",4,2,"na","1","na","Finished",9
128,2022-04-20,32,60,"E",4,3,"na","1","na","Finished",9
128,2022-04-20,28,30,"C",4,1,"35","1","400",NA,9
128,2022-04-20,28,30,"C",4,2,"28","1","300",NA,9
128,2022-04-20,28,30,"C",4,3,"34","1","300",NA,9
128,2022-04-20,24,30,"C",4,1,"0","0","400",NA,9
128,2022-04-20,24,30,"C",4,2,"0","0","150",NA,9
128,2022-04-20,24,30,"C",4,3,"0","0","100",NA,9
128,2022-04-20,20,90,"C",4,1,"0","0","0",NA,9
128,2022-04-20,20,90,"C",4,2,"0","0","0",NA,9
128,2022-04-20,20,90,"C",4,3,"0","0","0",NA,9
128,2022-04-20,20,90,"E",4,1,"0","0","0",NA,9
128,2022-04-20,20,90,"E",4,2,"0","0","0",NA,9
128,2022-04-20,20,90,"E",4,3,"0","0","0",NA,9
128,2022-04-20,16,45,"C",4,1,"0","0","150",NA,9
128,2022-04-20,16,45,"C",4,2,"0","0","100",NA,9
128,2022-04-20,16,45,"C",4,3,"0","0","100",NA,9
129,2022-04-21,38,75,"C",4,1,"2","0","150",NA,10
129,2022-04-21,38,75,"C",4,2,"6","1","na","finished tray",10
129,2022-04-21,38,75,"C",4,3,"1","1","100",NA,10
129,2022-04-21,35,90,"C",4,1,"0","0","0",NA,10
129,2022-04-21,35,90,"C",4,2,"5","1","na","finished tray",10
129,2022-04-21,35,90,"C",4,3,"1","1","0",NA,10
129,2022-04-21,35,90,"E",4,1,"5","2","na","finished tray",10
129,2022-04-21,35,90,"E",4,2,"1","0","0",NA,10
129,2022-04-21,35,90,"E",4,3,"5","0","0",NA,10
129,2022-04-21,32,60,"C",4,1,"6","2","100",NA,10
129,2022-04-21,32,60,"C",4,2,"6","2","100",NA,10
129,2022-04-21,32,60,"C",4,3,"4","2","200",NA,10
129,2022-04-21,28,30,"C",4,1,"16","22","200",NA,10
129,2022-04-21,28,30,"C",4,2,"12","42","300",NA,10
129,2022-04-21,28,30,"C",4,3,"11","28","100",NA,10
129,2022-04-21,24,30,"C",4,1,"0","0","200",NA,10
129,2022-04-21,24,30,"C",4,2,"1","0","100",NA,10
129,2022-04-21,24,30,"C",4,3,"0","0","350",NA,10
129,2022-04-21,20,90,"C",4,1,"0","0","100",NA,10
129,2022-04-21,20,90,"C",4,2,"0","0","100",NA,10
129,2022-04-21,20,90,"C",4,3,"0","0","50",NA,10
129,2022-04-21,20,90,"E",4,1,"0","0","0",NA,10
129,2022-04-21,20,90,"E",4,2,"0","0","0",NA,10
129,2022-04-21,20,90,"E",4,3,"0","0","0",NA,10
129,2022-04-21,16,45,"C",4,1,"0","0","100",NA,10
129,2022-04-21,16,45,"C",4,2,"0","0","100",NA,10
129,2022-04-21,16,45,"C",4,3,"0","0","100",NA,10
130,2022-04-22,38,75,"C",4,1,"0","0","100",NA,11
130,2022-04-22,38,75,"C",4,2,"na","4","na",NA,11
130,2022-04-22,38,75,"C",4,3,"0","1","100",NA,11
130,2022-04-22,35,90,"C",4,1,"0","1","0",NA,11
130,2022-04-22,35,90,"C",4,2,"na","7","na",NA,11
130,2022-04-22,35,90,"C",4,3,"0","2","na","Finished",11
130,2022-04-22,35,90,"E",4,1,"na","3","na","Finished",11
130,2022-04-22,35,90,"E",4,2,"na","0","na","Finished",11
130,2022-04-22,35,90,"E",4,3,"na","4","na","Finished",11
130,2022-04-22,32,60,"C",4,1,"2","6","100",NA,11
130,2022-04-22,32,60,"C",4,2,"0","6","150",NA,11
130,2022-04-22,32,60,"C",4,3,"2","4","100",NA,11
130,2022-04-22,28,30,"C",4,1,"10","40","300",NA,11
130,2022-04-22,28,30,"C",4,2,"13","28","200",NA,11
130,2022-04-22,28,30,"C",4,3,"3","30","200",NA,11
130,2022-04-22,24,30,"C",4,1,"10","0","200",NA,11
130,2022-04-22,24,30,"C",4,2,"22","0","350",NA,11
130,2022-04-22,24,30,"C",4,3,"2","0","200",NA,11
130,2022-04-22,20,90,"C",4,1,"0","0","0",NA,11
130,2022-04-22,20,90,"C",4,2,"0","0","0",NA,11
130,2022-04-22,20,90,"C",4,3,"1","0","0",NA,11
130,2022-04-22,20,90,"E",4,1,"0","0","0",NA,11
130,2022-04-22,20,90,"E",4,2,"0","0","0",NA,11
130,2022-04-22,20,90,"E",4,3,"0","0","0",NA,11
130,2022-04-22,16,45,"C",4,1,"0","0","50",NA,11
130,2022-04-22,16,45,"C",4,2,"0","0","200",NA,11
130,2022-04-22,16,45,"C",4,3,"0","0","150",NA,11
131,2022-04-23,38,75,"C",4,1,"na","1","na","Finished",12
131,2022-04-23,38,75,"C",4,2,"na","na","na","Finished",12
131,2022-04-23,38,75,"C",4,3,"na","na","na","Finished",12
131,2022-04-23,35,90,"C",4,1,"0","0","0",NA,12
131,2022-04-23,35,90,"C",4,2,"na","0","na",NA,12
131,2022-04-23,32,60,"C",4,1,"1","2","100",NA,12
131,2022-04-23,32,60,"C",4,2,"0","0","100",NA,12
131,2022-04-23,32,60,"C",4,3,"0","2","100",NA,12
131,2022-04-23,28,30,"C",4,1,"4","9","150",NA,12
131,2022-04-23,28,30,"C",4,2,"1","6","150",NA,12
131,2022-04-23,28,30,"C",4,3,"4","4","250",NA,12
131,2022-04-23,24,30,"C",4,1,"14","0","150",NA,12
131,2022-04-23,24,30,"C",4,2,"14","1","150",NA,12
131,2022-04-23,24,30,"C",4,3,"3","0","150",NA,12
131,2022-04-23,20,90,"C",4,1,"3","0","0",NA,12
131,2022-04-23,20,90,"C",4,2,"1","0","0",NA,12
131,2022-04-23,20,90,"C",4,3,"14","0","0",NA,12
131,2022-04-23,20,90,"E",4,1,"3","0","0",NA,12
131,2022-04-23,20,90,"E",4,2,"4","0","0",NA,12
131,2022-04-23,20,90,"E",4,3,"12","0","0",NA,12
131,2022-04-23,16,45,"C",4,1,"0","0","100",NA,12
131,2022-04-23,16,45,"C",4,2,"0","0","100",NA,12
131,2022-04-23,16,45,"C",4,3,"0","0","100",NA,12
132,2022-04-24,35,90,"C",4,1,"1","0","150",NA,13
132,2022-04-24,35,90,"C",4,2,"na","na","na","Finished",13
132,2022-04-24,32,60,"C",4,1,"1","1","100",NA,13
132,2022-04-24,32,60,"C",4,2,"1","0","100",NA,13
132,2022-04-24,32,60,"C",4,3,"1","0","150",NA,13
132,2022-04-24,28,30,"C",4,1,"5","4","100",NA,13
132,2022-04-24,28,30,"C",4,2,"1","9","200",NA,13
132,2022-04-24,28,30,"C",4,3,"1","1","200",NA,13
132,2022-04-24,24,30,"C",4,1,"7","1","250",NA,13
132,2022-04-24,24,30,"C",4,2,"10","3","200",NA,13
132,2022-04-24,24,30,"C",4,3,"11","0","100",NA,13
132,2022-04-24,20,90,"C",4,1,"24","0","100",NA,13
132,2022-04-24,20,90,"C",4,2,"13","0","100",NA,13
132,2022-04-24,20,90,"C",4,3,"29","0","100",NA,13
132,2022-04-24,20,90,"E",4,1,"13","0","0",NA,13
132,2022-04-24,20,90,"E",4,2,"22","0","0",NA,13
132,2022-04-24,20,90,"E",4,3,"32","0","0",NA,13
132,2022-04-24,16,45,"C",4,1,"0","0","100",NA,13
132,2022-04-24,16,45,"C",4,2,"0","0","100",NA,13
132,2022-04-24,16,45,"C",4,3,"0","0","100",NA,13
133,2022-04-25,35,90,"C",4,1,"4","0","100",NA,14
133,2022-04-25,32,60,"C",4,1,"1","0","100",NA,14
133,2022-04-25,32,60,"C",4,2,"3","0","na","finished tray",14
133,2022-04-25,32,60,"C",4,3,"2","1","na","finished tray",14
133,2022-04-25,28,30,"C",4,1,"3","5","200",NA,14
133,2022-04-25,28,30,"C",4,2,"1","2","200",NA,14
133,2022-04-25,28,30,"C",4,3,"3","4","200",NA,14
133,2022-04-25,24,30,"C",4,1,"10","12","150",NA,14
133,2022-04-25,24,30,"C",4,2,"10","26","100",NA,14
133,2022-04-25,24,30,"C",4,3,"16","2","250",NA,14
133,2022-04-25,20,90,"C",4,1,"34","0","0",NA,14
133,2022-04-25,20,90,"C",4,2,"35","0","0",NA,14
133,2022-04-25,20,90,"C",4,3,"24","1","0",NA,14
133,2022-04-25,20,90,"E",4,1,"32","0","0",NA,14
133,2022-04-25,20,90,"E",4,2,"21","0","0",NA,14
133,2022-04-25,20,90,"E",4,3,"16","0","0",NA,14
133,2022-04-25,16,45,"C",4,1,"0","0","100",NA,14
133,2022-04-25,16,45,"C",4,2,"0","0","100",NA,14
133,2022-04-25,16,45,"C",4,3,"0","0","100",NA,14
134,2022-04-26,35,90,"C",4,1,"0","2","0",NA,15
134,2022-04-26,32,60,"C",4,1,"0","2","100",NA,15
134,2022-04-26,32,60,"C",4,2,"na","4","na","Finished",15
134,2022-04-26,32,60,"C",4,3,"na","0","na","finished tray",15
134,2022-04-26,28,30,"C",4,1,"3","5","250",NA,15
134,2022-04-26,28,30,"C",4,2,"2","0","200",NA,15
134,2022-04-26,28,30,"C",4,3,"5","2","200",NA,15
134,2022-04-26,24,30,"C",4,1,"11","14","100",NA,15
134,2022-04-26,24,30,"C",4,2,"6","17","300",NA,15
134,2022-04-26,24,30,"C",4,3,"14","13","150",NA,15
134,2022-04-26,20,90,"C",4,1,"13","7","0",NA,15
134,2022-04-26,20,90,"C",4,2,"12","3","0",NA,15
134,2022-04-26,20,90,"C",4,3,"13","19","0",NA,15
134,2022-04-26,20,90,"E",4,1,"7","5","0",NA,15
134,2022-04-26,20,90,"E",4,2,"8","8","0",NA,15
134,2022-04-26,20,90,"E",4,3,"12","21","0",NA,15
134,2022-04-26,16,45,"C",4,1,"0","0","150",NA,15
134,2022-04-26,16,45,"C",4,2,"0","0","100",NA,15
134,2022-04-26,16,45,"C",4,3,"0","0","100",NA,15
135,2022-04-27,35,90,"C",4,1,"0","0","0",NA,16
135,2022-04-27,32,60,"C",4,1,"na","na","na","Finished",16
135,2022-04-27,32,60,"C",4,3,"na","2","na","Finished",16
135,2022-04-27,28,30,"C",4,1,"1","2","150",NA,16
135,2022-04-27,28,30,"C",4,2,"2","3","na","finished tray",16
135,2022-04-27,28,30,"C",4,3,"2","4","300",NA,16
135,2022-04-27,24,30,"C",4,1,"5","8","100",NA,16
135,2022-04-27,24,30,"C",4,2,"2","9","300",NA,16
135,2022-04-27,24,30,"C",4,3,"3","15","200",NA,16
135,2022-04-27,20,90,"C",4,1,"4","39","0",NA,16
135,2022-04-27,20,90,"C",4,2,"5","23","0",NA,16
135,2022-04-27,20,90,"C",4,3,"0","38","0",NA,16
135,2022-04-27,20,90,"E",4,1,"2","25","0",NA,16
135,2022-04-27,20,90,"E",4,2,"2","26","0",NA,16
135,2022-04-27,20,90,"E",4,3,"4","31","0",NA,16
135,2022-04-27,16,45,"C",4,1,"0","0","100",NA,16
135,2022-04-27,16,45,"C",4,2,"0","0","50",NA,16
135,2022-04-27,16,45,"C",4,3,"0","0","150",NA,16
136,2022-04-28,35,90,"C",4,1,"na","na","na","Finished",17
136,2022-04-28,28,30,"C",4,1,"2","3","150",NA,17
136,2022-04-28,28,30,"C",4,2,"na","0","na","finished tray",17
136,2022-04-28,28,30,"C",4,3,"5","3","100",NA,17
136,2022-04-28,24,30,"C",4,1,"1","6","150",NA,17
136,2022-04-28,24,30,"C",4,2,"2","3","150",NA,17
136,2022-04-28,24,30,"C",4,3,"2","11","100",NA,17
136,2022-04-28,20,90,"C",4,1,"2","20","0",NA,17
136,2022-04-28,20,90,"C",4,2,"0","25","0",NA,17
136,2022-04-28,20,90,"C",4,3,"1","12","0",NA,17
136,2022-04-28,20,90,"E",4,1,"3","16","0",NA,17
136,2022-04-28,20,90,"E",4,2,"2","13","0",NA,17
136,2022-04-28,20,90,"E",4,3,"2","12","0",NA,17
136,2022-04-28,16,45,"C",4,1,"0","0","25",NA,17
136,2022-04-28,16,45,"C",4,2,"0","0","100",NA,17
136,2022-04-28,16,45,"C",4,3,"0","0","25",NA,17
137,2022-04-29,28,30,"C",4,1,"na","1","na","finished tray",18
137,2022-04-29,28,30,"C",4,2,"na","2","na","Finished",18
137,2022-04-29,28,30,"C",4,3,"6","3","150",NA,18
137,2022-04-29,24,30,"C",4,1,"6","7","100",NA,18
137,2022-04-29,24,30,"C",4,2,"11","4","100",NA,18
137,2022-04-29,24,30,"C",4,3,"6","7","300",NA,18
137,2022-04-29,20,90,"C",4,1,"1","9","100",NA,18
137,2022-04-29,20,90,"C",4,2,"2","10","100",NA,18
137,2022-04-29,20,90,"C",4,3,"3","10","100",NA,18
137,2022-04-29,20,90,"E",4,1,"1","6","0",NA,18
137,2022-04-29,20,90,"E",4,2,"2","8","0",NA,18
137,2022-04-29,20,90,"E",4,3,"2","8","na","finished tray",18
137,2022-04-29,16,45,"C",4,1,"0","0","100",NA,18
137,2022-04-29,16,45,"C",4,2,"0","0","100",NA,18
137,2022-04-29,16,45,"C",4,3,"0","0","100",NA,18
138,2022-04-30,28,30,"C",4,1,"na","2","na","Finished",19
138,2022-04-30,28,30,"C",4,3,"1","9","na","finished tray",19
138,2022-04-30,24,30,"C",4,1,"4","2","100",NA,19
138,2022-04-30,24,30,"C",4,2,"6","2","400",NA,19
138,2022-04-30,24,30,"C",4,3,"7","1","300",NA,19
138,2022-04-30,20,90,"C",4,1,"4","6","0",NA,19
138,2022-04-30,20,90,"C",4,2,"7","5","0",NA,19
138,2022-04-30,20,90,"C",4,3,"2","0","0",NA,19
138,2022-04-30,20,90,"E",4,1,"5","3","0",NA,19
138,2022-04-30,20,90,"E",4,2,"10","3","0",NA,19
138,2022-04-30,20,90,"E",4,3,"na","5","na","finished tray",19
138,2022-04-30,16,45,"C",4,1,"0","0","50",NA,19
138,2022-04-30,16,45,"C",4,2,"0","0","50",NA,19
138,2022-04-30,16,45,"C",4,3,"0","0","50",NA,19
139,2022-05-01,28,30,"C",4,3,"na","1","na","finished tray",20
139,2022-05-01,24,30,"C",4,1,"2","6","150",NA,20
139,2022-05-01,24,30,"C",4,2,"3","11","100",NA,20
139,2022-05-01,24,30,"C",4,3,"2","5","150",NA,20
139,2022-05-01,20,90,"C",4,1,"1","0","0",NA,20
139,2022-05-01,20,90,"C",4,2,"4","0","0",NA,20
139,2022-05-01,20,90,"C",4,3,"3","2","0",NA,20
139,2022-05-01,20,90,"E",4,1,"5","2","0",NA,20
139,2022-05-01,20,90,"E",4,2,"5","2","0",NA,20
139,2022-05-01,20,90,"E",4,3,"na","1","na","finished tray",20
139,2022-05-01,16,45,"C",4,1,"0","0","100",NA,20
139,2022-05-01,16,45,"C",4,2,"0","0","100",NA,20
139,2022-05-01,16,45,"C",4,3,"0","0","100",NA,20
140,2022-05-02,28,30,"C",4,3,"na","1","na","Finished",21
140,2022-05-02,24,30,"C",4,1,"1","2","50",NA,21
140,2022-05-02,24,30,"C",4,2,"0","2","50",NA,21
140,2022-05-02,24,30,"C",4,3,"0","3","150",NA,21
140,2022-05-02,20,90,"C",4,1,"na","0","na","finished tray",21
140,2022-05-02,20,90,"C",4,2,"na","0","na","finished tray",21
140,2022-05-02,20,90,"C",4,3,"0","2","0",NA,21
140,2022-05-02,20,90,"E",4,1,"1","2","0",NA,21
140,2022-05-02,20,90,"E",4,2,"5","2","0",NA,21
140,2022-05-02,20,90,"E",4,3,"na","1","na","finished tray",21
140,2022-05-02,16,45,"C",4,1,"0","0","100",NA,21
140,2022-05-02,16,45,"C",4,2,"0","0","50",NA,21
140,2022-05-02,16,45,"C",4,3,"0","0","100",NA,21
141,2022-05-03,24,30,"C",4,1,"0","2","na","finished tray",22
141,2022-05-03,24,30,"C",4,2,"0","3","200",NA,22
141,2022-05-03,24,30,"C",4,3,"1","5","na","finished tray",22
141,2022-05-03,20,90,"C",4,1,"na","2","na","finished tray",22
141,2022-05-03,20,90,"C",4,2,"na","9","na","finished tray",22
141,2022-05-03,20,90,"C",4,3,"0","1","0",NA,22
141,2022-05-03,20,90,"E",4,1,"2","4","0","finished tray",22
141,2022-05-03,20,90,"E",4,2,"2","6","0",NA,22
141,2022-05-03,20,90,"E",4,3,"na","na","na","Finished",22
141,2022-05-03,16,45,"C",4,1,"0","0","50",NA,22
141,2022-05-03,16,45,"C",4,2,"0","0","50",NA,22
141,2022-05-03,16,45,"C",4,3,"0","0","150",NA,22
142,2022-05-04,24,30,"C",4,1,"na","2","na","Finished",23
142,2022-05-04,24,30,"C",4,2,"1","3","na","finished tray",23
142,2022-05-04,24,30,"C",4,3,"na","1","na","finished tray",23
142,2022-05-04,20,90,"C",4,1,"na","1","na","finished tray",23
142,2022-05-04,20,90,"C",4,2,"na","4","na","Finished",23
142,2022-05-04,20,90,"C",4,3,"na","3","na","Finished",23
142,2022-05-04,20,90,"E",4,1,"na","6","na","finished tray",23
142,2022-05-04,20,90,"E",4,2,"na","11","na",NA,23
142,2022-05-04,16,45,"C",4,1,"0","0","100",NA,23
142,2022-05-04,16,45,"C",4,2,"0","0","200",NA,23
142,2022-05-04,16,45,"C",4,3,"0","0","50",NA,23
143,2022-05-05,24,30,"C",4,2,"na","0","na","finished tray",24
143,2022-05-05,24,30,"C",4,3,"na","0","na","finished tray",24
143,2022-05-05,20,90,"C",4,1,"na","0","na","finished tray",24
143,2022-05-05,20,90,"E",4,1,"na","1","na","finished tray",24
143,2022-05-05,20,90,"E",4,2,"na","2","na",NA,24
143,2022-05-05,16,45,"C",4,1,"0","0","100",NA,24
143,2022-05-05,16,45,"C",4,2,"0","0","50",NA,24
143,2022-05-05,16,45,"C",4,3,"0","0","50",NA,24
144,2022-05-06,24,30,"C",4,2,"na","1","na","Finished",25
144,2022-05-06,24,30,"C",4,3,"na","1","na","Finished",25
144,2022-05-06,20,90,"C",4,1,"na","0","na","Finished",25
144,2022-05-06,20,90,"E",4,1,"na","1","na","Finished",25
144,2022-05-06,20,90,"E",4,2,"na","2","na","Finished",25
144,2022-05-06,16,45,"C",4,1,"0","0","50",NA,25
144,2022-05-06,16,45,"C",4,2,"0","0","50",NA,25
144,2022-05-06,16,45,"C",4,3,"0","0","100",NA,25
145,2022-05-07,16,45,"C",4,1,"0","0","50",NA,26
145,2022-05-07,16,45,"C",4,2,"0","0","50",NA,26
145,2022-05-07,16,45,"C",4,3,"0","0","100",NA,26
146,2022-05-08,16,45,"C",4,1,"0","0","200",NA,27
146,2022-05-08,16,45,"C",4,2,"0","0","400",NA,27
146,2022-05-08,16,45,"C",4,3,"0","0","350",NA,27
147,2022-05-09,16,45,"C",4,1,"0","0","100",NA,28
147,2022-05-09,16,45,"C",4,2,"0","0","100",NA,28
147,2022-05-09,16,45,"C",4,3,"0","0","100",NA,28
148,2022-05-10,16,45,"C",4,1,"0","0","50",NA,29
148,2022-05-10,16,45,"C",4,2,"0","0","0",NA,29
148,2022-05-10,16,45,"C",4,3,"0","0","100",NA,29
149,2022-05-11,16,45,"C",4,1,"0","0","100",NA,30
149,2022-05-11,16,45,"C",4,2,"0","0","100",NA,30
149,2022-05-11,16,45,"C",4,3,"0","0","100",NA,30
150,2022-05-12,16,45,"C",4,1,"0","0","100",NA,31
150,2022-05-12,16,45,"C",4,2,"0","0","100",NA,31
150,2022-05-12,16,45,"C",4,3,"0","0","50",NA,31
151,2022-05-13,16,45,"C",4,1,"0","0","0",NA,32
151,2022-05-13,16,45,"C",4,2,"0","0","0",NA,32
151,2022-05-13,16,45,"C",4,3,"0","0","0",NA,32
152,2022-05-14,16,45,"C",4,1,"0","0","400",NA,33
152,2022-05-14,16,45,"C",4,2,"0","0","200",NA,33
152,2022-05-14,16,45,"C",4,3,"6","0","600",NA,33
153,2022-05-15,16,45,"C",4,1,"0","0","100",NA,34
153,2022-05-15,16,45,"C",4,2,"1","0","100",NA,34
153,2022-05-15,16,45,"C",4,3,"3","0","100","1 pupae in cup (removed)",34
154,2022-05-16,16,45,"C",4,1,"0","0","200",NA,35
154,2022-05-16,16,45,"C",4,2,"5","0","200",NA,35
154,2022-05-16,16,45,"C",4,3,"3","0","200",NA,35
155,2022-05-17,16,45,"C",4,1,"0","0","100",NA,36
155,2022-05-17,16,45,"C",4,2,"4","0","100",NA,36
155,2022-05-17,16,45,"C",4,3,"6","0","100",NA,36
156,2022-05-18,16,45,"C",4,1,"0","0","100",NA,37
156,2022-05-18,16,45,"C",4,2,"8","0","100","1 pupae in tray (removed)",37
156,2022-05-18,16,45,"C",4,3,"4","0","100","6 larva, 2 pupae in tray (removed)",37
157,2022-05-19,16,45,"C",4,1,"0","0","100",NA,38
157,2022-05-19,16,45,"C",4,2,"7","0","100","1 pupae in cup (removed)",38
157,2022-05-19,16,45,"C",4,3,"7","1","100","2 pupae in cup (removed)",38
158,2022-05-20,16,45,"C",4,1,"0","0","200","3 larvae in tray",39
158,2022-05-20,16,45,"C",4,2,"4","0","200",NA,39
158,2022-05-20,16,45,"C",4,3,"1","2","100","3 larvae, 2 pupae in tray",39
159,2022-05-21,16,45,"C",4,1,"0","0","0",NA,40
159,2022-05-21,16,45,"C",4,2,"1","1","200",NA,40
159,2022-05-21,16,45,"C",4,3,"1","2","200",NA,40
160,2022-05-22,16,45,"C",4,1,"0","0","200",NA,41
160,2022-05-22,16,45,"C",4,2,"0","1","200",NA,41
160,2022-05-22,16,45,"C",4,3,"0","2","200",NA,41
0,2022-06-13,38,45,"C",5,1,"0","0","0",NA,0
0,2022-06-13,38,45,"C",5,2,"0","0","0",NA,0
0,2022-06-13,38,45,"C",5,3,"0","0","0",NA,0
0,2022-06-13,38,45,"E",5,1,"0","0","0",NA,0
0,2022-06-13,38,45,"E",5,2,"0","0","0",NA,0
0,2022-06-13,38,45,"E",5,3,"0","0","0",NA,0
0,2022-06-13,35,45,"C",5,1,"0","0","0",NA,0
0,2022-06-13,35,45,"C",5,2,"0","0","0",NA,0
0,2022-06-13,35,45,"C",5,3,"0","0","0",NA,0
0,2022-06-13,35,45,"E",5,1,"0","0","0",NA,0
0,2022-06-13,35,45,"E",5,2,"0","0","0",NA,0
0,2022-06-13,35,45,"E",5,3,"0","0","0",NA,0
0,2022-06-13,32,30,"C",5,1,"0","0","0",NA,0
0,2022-06-13,32,30,"C",5,2,"0","0","0",NA,0
0,2022-06-13,32,30,"C",5,3,"0","0","0",NA,0
0,2022-06-13,32,30,"E",5,1,"0","0","0",NA,0
0,2022-06-13,32,30,"E",5,2,"0","0","0",NA,0
0,2022-06-13,32,30,"E",5,3,"0","0","0",NA,0
0,2022-06-13,28,90,"C",5,1,"0","0","0",NA,0
0,2022-06-13,28,90,"C",5,2,"0","0","0",NA,0
0,2022-06-13,28,90,"C",5,3,"0","0","0",NA,0
0,2022-06-13,28,90,"E",5,1,"0","0","0",NA,0
0,2022-06-13,28,90,"E",5,2,"0","0","0",NA,0
0,2022-06-13,28,90,"E",5,3,"0","0","0",NA,0
0,2022-06-13,24,90,"C",5,1,"0","0","0",NA,0
0,2022-06-13,24,90,"C",5,2,"0","0","0",NA,0
0,2022-06-13,24,90,"C",5,3,"0","0","0",NA,0
0,2022-06-13,24,90,"E",5,1,"0","0","0",NA,0
0,2022-06-13,24,90,"E",5,2,"0","0","0",NA,0
0,2022-06-13,24,90,"E",5,3,"0","0","0",NA,0
0,2022-06-13,20,75,"C",5,1,"0","0","0",NA,0
0,2022-06-13,20,75,"C",5,2,"0","0","0",NA,0
0,2022-06-13,20,75,"C",5,3,"0","0","0",NA,0
0,2022-06-13,20,75,"E",5,1,"0","0","0",NA,0
0,2022-06-13,20,75,"E",5,2,"0","0","0",NA,0
0,2022-06-13,20,75,"E",5,3,"0","0","0",NA,0
0,2022-06-13,16,75,"C",5,1,"0","0","0",NA,0
0,2022-06-13,16,75,"C",5,2,"0","0","0",NA,0
0,2022-06-13,16,75,"C",5,3,"0","0","0",NA,0
0,2022-06-13,16,75,"E",5,1,"0","0","0",NA,0
0,2022-06-13,16,75,"E",5,2,"0","0","0",NA,0
0,2022-06-13,16,75,"E",5,3,"0","0","0",NA,0
1,2022-06-14,38,45,"C",5,1,"0","0","300",NA,1
1,2022-06-14,38,45,"C",5,2,"0","0","200",NA,1
1,2022-06-14,38,45,"C",5,3,"0","0","400",NA,1
1,2022-06-14,38,45,"E",5,1,"0","0","0",NA,1
1,2022-06-14,38,45,"E",5,2,"0","0","0",NA,1
1,2022-06-14,38,45,"E",5,3,"0","0","0",NA,1
1,2022-06-14,35,45,"C",5,1,"0","0","200",NA,1
1,2022-06-14,35,45,"C",5,2,"0","0","200",NA,1
1,2022-06-14,35,45,"C",5,3,"0","0","350",NA,1
1,2022-06-14,35,45,"E",5,1,"0","0","0",NA,1
1,2022-06-14,35,45,"E",5,2,"0","0","0",NA,1
1,2022-06-14,35,45,"E",5,3,"0","0","0",NA,1
1,2022-06-14,32,30,"C",5,1,"0","0","200",NA,1
1,2022-06-14,32,30,"C",5,2,"0","0","300",NA,1
1,2022-06-14,32,30,"C",5,3,"0","0","450",NA,1
1,2022-06-14,32,30,"E",5,1,"0","0","0",NA,1
1,2022-06-14,32,30,"E",5,2,"0","0","0",NA,1
1,2022-06-14,32,30,"E",5,3,"0","0","0",NA,1
1,2022-06-14,28,90,"C",5,1,"0","0","0",NA,1
1,2022-06-14,28,90,"C",5,2,"0","0","0",NA,1
1,2022-06-14,28,90,"C",5,3,"0","0","0",NA,1
1,2022-06-14,28,90,"E",5,1,"0","0","0",NA,1
1,2022-06-14,28,90,"E",5,2,"0","0","0",NA,1
1,2022-06-14,28,90,"E",5,3,"0","0","0",NA,1
1,2022-06-14,24,90,"C",5,1,"0","0","0",NA,1
1,2022-06-14,24,90,"C",5,2,"0","0","0",NA,1
1,2022-06-14,24,90,"C",5,3,"0","0","0",NA,1
1,2022-06-14,24,90,"E",5,1,"0","0","0",NA,1
1,2022-06-14,24,90,"E",5,2,"0","0","0",NA,1
1,2022-06-14,24,90,"E",5,3,"0","0","0",NA,1
1,2022-06-14,20,75,"C",5,1,"0","0","0",NA,1
1,2022-06-14,20,75,"C",5,2,"0","0","0",NA,1
1,2022-06-14,20,75,"C",5,3,"0","0","0",NA,1
1,2022-06-14,20,75,"E",5,1,"0","0","0",NA,1
1,2022-06-14,20,75,"E",5,2,"0","0","0",NA,1
1,2022-06-14,20,75,"E",5,3,"0","0","0",NA,1
1,2022-06-14,16,75,"C",5,1,"0","0","0",NA,1
1,2022-06-14,16,75,"C",5,2,"0","0","0",NA,1
1,2022-06-14,16,75,"C",5,3,"0","0","0",NA,1
1,2022-06-14,16,75,"E",5,1,"0","0","0",NA,1
1,2022-06-14,16,75,"E",5,2,"0","0","0",NA,1
1,2022-06-14,16,75,"E",5,3,"0","0","0",NA,1
2,2022-06-15,38,45,"C",5,1,"0","0","100",NA,2
2,2022-06-15,38,45,"C",5,2,"0","0","450",NA,2
2,2022-06-15,38,45,"C",5,3,"0","0","150",NA,2
2,2022-06-15,38,45,"E",5,1,"0","0","0",NA,2
2,2022-06-15,38,45,"E",5,2,"0","0","0",NA,2
2,2022-06-15,38,45,"E",5,3,"0","0","0",NA,2
2,2022-06-15,35,45,"C",5,1,"0","0","150",NA,2
2,2022-06-15,35,45,"C",5,2,"0","0","300",NA,2
2,2022-06-15,35,45,"C",5,3,"0","0","50",NA,2
2,2022-06-15,35,45,"E",5,1,"0","0","0",NA,2
2,2022-06-15,35,45,"E",5,2,"0","0","0",NA,2
2,2022-06-15,35,45,"E",5,3,"0","0","0",NA,2
2,2022-06-15,32,30,"C",5,1,"0","0","200",NA,2
2,2022-06-15,32,30,"C",5,2,"0","0","400",NA,2
2,2022-06-15,32,30,"C",5,3,"0","0","150",NA,2
2,2022-06-15,32,30,"E",5,1,"0","0","0",NA,2
2,2022-06-15,32,30,"E",5,2,"0","0","0",NA,2
2,2022-06-15,32,30,"E",5,3,"0","0","0",NA,2
2,2022-06-15,28,90,"C",5,1,"0","0","0",NA,2
2,2022-06-15,28,90,"C",5,2,"0","0","0",NA,2
2,2022-06-15,28,90,"C",5,3,"0","0","0",NA,2
2,2022-06-15,28,90,"E",5,1,"0","0","0",NA,2
2,2022-06-15,28,90,"E",5,2,"0","0","0",NA,2
2,2022-06-15,28,90,"E",5,3,"0","0","0",NA,2
2,2022-06-15,24,90,"C",5,1,"0","0","0",NA,2
2,2022-06-15,24,90,"C",5,2,"0","0","0",NA,2
2,2022-06-15,24,90,"C",5,3,"0","0","0",NA,2
2,2022-06-15,24,90,"E",5,1,"0","0","0",NA,2
2,2022-06-15,24,90,"E",5,2,"0","0","0",NA,2
2,2022-06-15,24,90,"E",5,3,"0","0","0",NA,2
2,2022-06-15,20,75,"C",5,1,"0","0","50",NA,2
2,2022-06-15,20,75,"C",5,2,"0","0","50",NA,2
2,2022-06-15,20,75,"C",5,3,"0","0","100",NA,2
2,2022-06-15,20,75,"E",5,1,"0","0","0",NA,2
2,2022-06-15,20,75,"E",5,2,"0","0","0",NA,2
2,2022-06-15,20,75,"E",5,3,"0","0","0",NA,2
2,2022-06-15,16,75,"C",5,1,"0","0","0",NA,2
2,2022-06-15,16,75,"C",5,2,"0","0","0",NA,2
2,2022-06-15,16,75,"C",5,3,"0","0","0",NA,2
2,2022-06-15,16,75,"E",5,1,"0","0","0",NA,2
2,2022-06-15,16,75,"E",5,2,"0","0","0",NA,2
2,2022-06-15,16,75,"E",5,3,"0","0","0",NA,2
3,2022-06-16,38,45,"C",5,1,"0","0","450",NA,3
3,2022-06-16,38,45,"C",5,2,"0","0","100",NA,3
3,2022-06-16,38,45,"C",5,3,"0","0","200",NA,3
3,2022-06-16,38,45,"E",5,1,"x","x","x","Evaporated",3
3,2022-06-16,38,45,"E",5,2,"x","x","x","Evaporated",3
3,2022-06-16,38,45,"E",5,3,"x","x","x","Evaporated",3
3,2022-06-16,35,45,"C",5,1,"0","0","350",NA,3
3,2022-06-16,35,45,"C",5,2,"0","0","150",NA,3
3,2022-06-16,35,45,"C",5,3,"0","0","150",NA,3
3,2022-06-16,35,45,"E",5,1,"0","0","0",NA,3
3,2022-06-16,35,45,"E",5,2,"0","0","0",NA,3
3,2022-06-16,35,45,"E",5,3,"0","0","0",NA,3
3,2022-06-16,32,30,"C",5,1,"0","0","400",NA,3
3,2022-06-16,32,30,"C",5,2,"0","0","300",NA,3
3,2022-06-16,32,30,"C",5,3,"0","0","300",NA,3
3,2022-06-16,32,30,"E",5,1,"0","0","0",NA,3
3,2022-06-16,32,30,"E",5,2,"0","0","0",NA,3
3,2022-06-16,32,30,"E",5,3,"0","0","0",NA,3
3,2022-06-16,28,90,"C",5,1,"0","0","0",NA,3
3,2022-06-16,28,90,"C",5,2,"0","0","0",NA,3
3,2022-06-16,28,90,"C",5,3,"0","0","0",NA,3
3,2022-06-16,28,90,"E",5,1,"0","0","0",NA,3
3,2022-06-16,28,90,"E",5,2,"0","0","0",NA,3
3,2022-06-16,28,90,"E",5,3,"0","0","0",NA,3
3,2022-06-16,24,90,"C",5,1,"0","0","0",NA,3
3,2022-06-16,24,90,"C",5,2,"0","0","0",NA,3
3,2022-06-16,24,90,"C",5,3,"0","0","0",NA,3
3,2022-06-16,24,90,"E",5,1,"0","0","0",NA,3
3,2022-06-16,24,90,"E",5,2,"0","0","0",NA,3
3,2022-06-16,24,90,"E",5,3,"0","0","0",NA,3
3,2022-06-16,20,75,"C",5,1,"0","0","50",NA,3
3,2022-06-16,20,75,"C",5,2,"0","0","0",NA,3
3,2022-06-16,20,75,"C",5,3,"0","0","0",NA,3
3,2022-06-16,20,75,"E",5,1,"0","0","0",NA,3
3,2022-06-16,20,75,"E",5,2,"0","0","0",NA,3
3,2022-06-16,20,75,"E",5,3,"0","0","0",NA,3
3,2022-06-16,16,75,"C",5,1,"0","0","0",NA,3
3,2022-06-16,16,75,"C",5,2,"0","0","0",NA,3
3,2022-06-16,16,75,"C",5,3,"0","0","0",NA,3
3,2022-06-16,16,75,"E",5,1,"0","0","0",NA,3
3,2022-06-16,16,75,"E",5,2,"0","0","0",NA,3
3,2022-06-16,16,75,"E",5,3,"0","0","0",NA,3
4,2022-06-17,38,45,"C",5,1,"0","0","150",NA,4
4,2022-06-17,38,45,"C",5,2,"0","0","100",NA,4
4,2022-06-17,38,45,"C",5,3,"0","0","450",NA,4
4,2022-06-17,35,45,"C",5,1,"0","0","150",NA,4
4,2022-06-17,35,45,"C",5,2,"0","0","100",NA,4
4,2022-06-17,35,45,"C",5,3,"0","0","350",NA,4
4,2022-06-17,35,45,"E",5,1,"x","x","x","Evaporated",4
4,2022-06-17,35,45,"E",5,2,"x","x","x","Evaporated",4
4,2022-06-17,35,45,"E",5,3,"x","x","x","Evaporated",4
4,2022-06-17,32,30,"C",5,1,"0","0","150",NA,4
4,2022-06-17,32,30,"C",5,2,"0","0","200",NA,4
4,2022-06-17,32,30,"C",5,3,"0","0","350",NA,4
4,2022-06-17,32,30,"E",5,1,"x","x","x","Evaporated",4
4,2022-06-17,32,30,"E",5,2,"x","x","x","Evaporated",4
4,2022-06-17,32,30,"E",5,3,"x","x","x","Evaporated",4
4,2022-06-17,28,90,"C",5,1,"0","0","0",NA,4
4,2022-06-17,28,90,"C",5,2,"0","0","0",NA,4
4,2022-06-17,28,90,"C",5,3,"0","0","0",NA,4
4,2022-06-17,28,90,"E",5,1,"0","0","0",NA,4
4,2022-06-17,28,90,"E",5,2,"0","0","0",NA,4
4,2022-06-17,28,90,"E",5,3,"0","0","0",NA,4
4,2022-06-17,24,90,"C",5,1,"0","0","0",NA,4
4,2022-06-17,24,90,"C",5,2,"0","0","0",NA,4
4,2022-06-17,24,90,"C",5,3,"0","0","0",NA,4
4,2022-06-17,24,90,"E",5,1,"0","0","0",NA,4
4,2022-06-17,24,90,"E",5,2,"0","0","0",NA,4
4,2022-06-17,24,90,"E",5,3,"0","0","0",NA,4
4,2022-06-17,20,75,"C",5,1,"0","0","50",NA,4
4,2022-06-17,20,75,"C",5,2,"0","0","0",NA,4
4,2022-06-17,20,75,"C",5,3,"0","0","50",NA,4
4,2022-06-17,20,75,"E",5,1,"0","0","0",NA,4
4,2022-06-17,20,75,"E",5,2,"0","0","0",NA,4
4,2022-06-17,20,75,"E",5,3,"0","0","0",NA,4
4,2022-06-17,16,75,"C",5,1,"0","0","100",NA,4
4,2022-06-17,16,75,"C",5,2,"0","0","100",NA,4
4,2022-06-17,16,75,"C",5,3,"0","0","100",NA,4
4,2022-06-17,16,75,"E",5,1,"0","0","0",NA,4
4,2022-06-17,16,75,"E",5,2,"0","0","0",NA,4
4,2022-06-17,16,75,"E",5,3,"0","0","0",NA,4
5,2022-06-18,38,45,"C",5,1,"19","0","100",NA,5
5,2022-06-18,38,45,"C",5,2,"12","0","450",NA,5
5,2022-06-18,38,45,"C",5,3,"20","0","150",NA,5
5,2022-06-18,35,45,"C",5,1,"12","0","100",NA,5
5,2022-06-18,35,45,"C",5,2,"10","0","300",NA,5
5,2022-06-18,35,45,"C",5,3,"2","0","100",NA,5
5,2022-06-18,32,30,"C",5,1,"0","0","250",NA,5
5,2022-06-18,32,30,"C",5,2,"0","0","450",NA,5
5,2022-06-18,32,30,"C",5,3,"0","0","200",NA,5
5,2022-06-18,28,90,"C",5,1,"0","0","0",NA,5
5,2022-06-18,28,90,"C",5,2,"0","0","0",NA,5
5,2022-06-18,28,90,"C",5,3,"0","0","0",NA,5
5,2022-06-18,28,90,"E",5,1,"0","0","0",NA,5
5,2022-06-18,28,90,"E",5,2,"0","0","0",NA,5
5,2022-06-18,28,90,"E",5,3,"0","0","0",NA,5
5,2022-06-18,24,90,"C",5,1,"0","0","0",NA,5
5,2022-06-18,24,90,"C",5,2,"0","0","0",NA,5
5,2022-06-18,24,90,"C",5,3,"0","0","0",NA,5
5,2022-06-18,24,90,"E",5,1,"0","0","0",NA,5
5,2022-06-18,24,90,"E",5,2,"0","0","0",NA,5
5,2022-06-18,24,90,"E",5,3,"0","0","0",NA,5
5,2022-06-18,20,75,"C",5,1,"0","0","0",NA,5
5,2022-06-18,20,75,"C",5,2,"0","0","100",NA,5
5,2022-06-18,20,75,"C",5,3,"0","0","50",NA,5
5,2022-06-18,20,75,"E",5,1,"0","0","0",NA,5
5,2022-06-18,20,75,"E",5,2,"0","0","0",NA,5
5,2022-06-18,20,75,"E",5,3,"0","0","0",NA,5
5,2022-06-18,16,75,"C",5,1,"0","0","0",NA,5
5,2022-06-18,16,75,"C",5,2,"0","0","0",NA,5
5,2022-06-18,16,75,"C",5,3,"0","0","0",NA,5
5,2022-06-18,16,75,"E",5,1,"0","0","0",NA,5
5,2022-06-18,16,75,"E",5,2,"0","0","0",NA,5
5,2022-06-18,16,75,"E",5,3,"0","0","0",NA,5
6,2022-06-19,38,45,"C",5,1,"39","19","600",NA,6
6,2022-06-19,38,45,"C",5,2,"35","14","100",NA,6
6,2022-06-19,38,45,"C",5,3,"16","31","200",NA,6
6,2022-06-19,35,45,"C",5,1,"39","11","500",NA,6
6,2022-06-19,35,45,"C",5,2,"60","10","400",NA,6
6,2022-06-19,35,45,"C",5,3,"41","6","200",NA,6
6,2022-06-19,32,30,"C",5,1,"2","0","300",NA,6
6,2022-06-19,32,30,"C",5,2,"0","0","200",NA,6
6,2022-06-19,32,30,"C",5,3,"3","0","150",NA,6
6,2022-06-19,28,90,"C",5,1,"8","0","100",NA,6
6,2022-06-19,28,90,"C",5,2,"6","0","100",NA,6
6,2022-06-19,28,90,"C",5,3,"17","0","100",NA,6
6,2022-06-19,28,90,"E",5,1,"15","0","0",NA,6
6,2022-06-19,28,90,"E",5,2,"7","0","0",NA,6
6,2022-06-19,28,90,"E",5,3,"17","0","0",NA,6
6,2022-06-19,24,90,"C",5,1,"0","0","0",NA,6
6,2022-06-19,24,90,"C",5,2,"0","0","0",NA,6
6,2022-06-19,24,90,"C",5,3,"0","0","0",NA,6
6,2022-06-19,24,90,"E",5,1,"0","0","0",NA,6
6,2022-06-19,24,90,"E",5,2,"0","0","0",NA,6
6,2022-06-19,24,90,"E",5,3,"0","0","0",NA,6
6,2022-06-19,20,75,"C",5,1,"0","0","50",NA,6
6,2022-06-19,20,75,"C",5,2,"0","0","50",NA,6
6,2022-06-19,20,75,"C",5,3,"0","0","0",NA,6
6,2022-06-19,20,75,"E",5,1,"0","0","0",NA,6
6,2022-06-19,20,75,"E",5,2,"0","0","0",NA,6
6,2022-06-19,20,75,"E",5,3,"0","0","0",NA,6
6,2022-06-19,16,75,"C",5,1,"0","0","100",NA,6
6,2022-06-19,16,75,"C",5,2,"0","0","100",NA,6
6,2022-06-19,16,75,"C",5,3,"0","0","100",NA,6
6,2022-06-19,16,75,"E",5,1,"0","0","0",NA,6
6,2022-06-19,16,75,"E",5,2,"0","0","0",NA,6
6,2022-06-19,16,75,"E",5,3,"0","0","0",NA,6
7,2022-06-20,38,45,"C",5,1,"3","21","100",NA,7
7,2022-06-20,38,45,"C",5,2,"2","25","100",NA,7
7,2022-06-20,38,45,"C",5,3,"1","10","300",NA,7
7,2022-06-20,35,45,"C",5,1,"17","28","100",NA,7
7,2022-06-20,35,45,"C",5,2,"7","58","100",NA,7
7,2022-06-20,35,45,"C",5,3,"2","23","300",NA,7
7,2022-06-20,32,30,"C",5,1,"47","0","200",NA,7
7,2022-06-20,32,30,"C",5,2,"37","0","200",NA,7
7,2022-06-20,32,30,"C",5,3,"39","0","450",NA,7
7,2022-06-20,28,90,"C",5,1,"32","0","0",NA,7
7,2022-06-20,28,90,"C",5,2,"36","0","0",NA,7
7,2022-06-20,28,90,"C",5,3,"37","0","0",NA,7
7,2022-06-20,28,90,"E",5,1,"30","1","0",NA,7
7,2022-06-20,28,90,"E",5,2,"54","1","0",NA,7
7,2022-06-20,28,90,"E",5,3,"48","0","0",NA,7
7,2022-06-20,24,90,"C",5,1,"0","0","150",NA,7
7,2022-06-20,24,90,"C",5,2,"0","0","150",NA,7
7,2022-06-20,24,90,"C",5,3,"0","0","150",NA,7
7,2022-06-20,24,90,"E",5,1,"0","0","0",NA,7
7,2022-06-20,24,90,"E",5,2,"0","0","0",NA,7
7,2022-06-20,24,90,"E",5,3,"0","0","0",NA,7
7,2022-06-20,20,75,"C",5,1,"0","0","100",NA,7
7,2022-06-20,20,75,"C",5,2,"0","0","50",NA,7
7,2022-06-20,20,75,"C",5,3,"0","0","100",NA,7
7,2022-06-20,20,75,"E",5,1,"0","0","0",NA,7
7,2022-06-20,20,75,"E",5,2,"0","0","0",NA,7
7,2022-06-20,20,75,"E",5,3,"0","0","0",NA,7
7,2022-06-20,16,75,"C",5,1,"0","0","0",NA,7
7,2022-06-20,16,75,"C",5,2,"0","0","0",NA,7
7,2022-06-20,16,75,"C",5,3,"0","0","0",NA,7
7,2022-06-20,16,75,"E",5,1,"0","0","0",NA,7
7,2022-06-20,16,75,"E",5,2,"0","0","0",NA,7
7,2022-06-20,16,75,"E",5,3,"0","0","0",NA,7
8,2022-06-21,38,45,"C",5,1,"1","19","150",NA,8
8,2022-06-21,38,45,"C",5,2,"3","11","400",NA,8
8,2022-06-21,38,45,"C",5,3,"10","3","350","1 dead",8
8,2022-06-21,35,45,"C",5,1,"2","26","200",NA,8
8,2022-06-21,35,45,"C",5,2,"1","9","400",NA,8
8,2022-06-21,35,45,"C",5,3,"5","20","250",NA,8
8,2022-06-21,32,30,"C",5,1,"18","42","100",NA,8
8,2022-06-21,32,30,"C",5,2,"26","25","350",NA,8
8,2022-06-21,32,30,"C",5,3,"16","23","100",NA,8
8,2022-06-21,28,90,"C",5,1,"24","18","150",NA,8
8,2022-06-21,28,90,"C",5,2,"8","22","150",NA,8
8,2022-06-21,28,90,"C",5,3,"6","36","200",NA,8
8,2022-06-21,28,90,"E",5,1,"8","28","0",NA,8
8,2022-06-21,28,90,"E",5,2,"12","32","0",NA,8
8,2022-06-21,28,90,"E",5,3,"7","44","0",NA,8
8,2022-06-21,24,90,"C",5,1,"0","0","0",NA,8
8,2022-06-21,24,90,"C",5,2,"0","0","0",NA,8
8,2022-06-21,24,90,"C",5,3,"0","0","0",NA,8
8,2022-06-21,24,90,"E",5,1,"0","0","0",NA,8
8,2022-06-21,24,90,"E",5,2,"0","0","0",NA,8
8,2022-06-21,24,90,"E",5,3,"0","0","0",NA,8
8,2022-06-21,20,75,"C",5,1,"0","0","50",NA,8
8,2022-06-21,20,75,"C",5,2,"0","0","100",NA,8
8,2022-06-21,20,75,"C",5,3,"0","0","100",NA,8
8,2022-06-21,20,75,"E",5,1,"0","0","0",NA,8
8,2022-06-21,20,75,"E",5,2,"0","0","0",NA,8
8,2022-06-21,20,75,"E",5,3,"0","0","0",NA,8
8,2022-06-21,16,75,"C",5,1,"0","0","100",NA,8
8,2022-06-21,16,75,"C",5,2,"0","0","150",NA,8
8,2022-06-21,16,75,"C",5,3,"0","0","150",NA,8
8,2022-06-21,16,75,"E",5,1,"0","0","0",NA,8
8,2022-06-21,16,75,"E",5,2,"0","0","0",NA,8
8,2022-06-21,16,75,"E",5,3,"0","0","0",NA,8
9,2022-06-22,38,45,"C",5,1,"0","1","300",NA,9
9,2022-06-22,38,45,"C",5,2,"3","2","250",NA,9
9,2022-06-22,38,45,"C",5,3,"0","7","50","2",9
9,2022-06-22,35,45,"C",5,1,"0","2","100","1",9
9,2022-06-22,35,45,"C",5,2,"5","1","400",NA,9
9,2022-06-22,35,45,"C",5,3,"0","5","100",NA,9
9,2022-06-22,32,30,"C",5,1,"2","22","350",NA,9
9,2022-06-22,32,30,"C",5,2,"2","35","200",NA,9
9,2022-06-22,32,30,"C",5,3,"6","34","100",NA,9
9,2022-06-22,28,90,"C",5,1,"3","39","0",NA,9
9,2022-06-22,28,90,"C",5,2,"4","27","0",NA,9
9,2022-06-22,28,90,"C",5,3,"12","20","0",NA,9
9,2022-06-22,28,90,"E",5,1,"5","21","0",NA,9
9,2022-06-22,28,90,"E",5,2,"10","37","0",NA,9
9,2022-06-22,28,90,"E",5,3,"7","26","0",NA,9
9,2022-06-22,24,90,"C",5,1,"36","0","100",NA,9
9,2022-06-22,24,90,"C",5,2,"28","0","50",NA,9
9,2022-06-22,24,90,"C",5,3,"36","0","0",NA,9
9,2022-06-22,24,90,"E",5,1,"26","0","0",NA,9
9,2022-06-22,24,90,"E",5,2,"25","0","0",NA,9
9,2022-06-22,24,90,"E",5,3,"37","0","0",NA,9
9,2022-06-22,20,75,"C",5,1,"0","0","100",NA,9
9,2022-06-22,20,75,"C",5,2,"0","0","100",NA,9
9,2022-06-22,20,75,"C",5,3,"0","0","100",NA,9
9,2022-06-22,20,75,"E",5,1,"0","0","0",NA,9
9,2022-06-22,20,75,"E",5,2,"0","0","0",NA,9
9,2022-06-22,20,75,"E",5,3,"0","0","0",NA,9
9,2022-06-22,16,75,"C",5,1,"0","0","100",NA,9
9,2022-06-22,16,75,"C",5,2,"0","0","100",NA,9
9,2022-06-22,16,75,"C",5,3,"0","0","100",NA,9
9,2022-06-22,16,75,"E",5,1,"0","0","0",NA,9
9,2022-06-22,16,75,"E",5,2,"0","0","0",NA,9
9,2022-06-22,16,75,"E",5,3,"0","0","0",NA,9
10,2022-06-23,38,45,"C",5,1,"0","0","250",NA,10
10,2022-06-23,38,45,"C",5,2,"1","2","200",NA,10
10,2022-06-23,38,45,"C",5,3,"5","0","500",NA,10
10,2022-06-23,35,45,"C",5,1,"0","0","100",NA,10
10,2022-06-23,35,45,"C",5,2,"3","3","100",NA,10
10,2022-06-23,35,45,"C",5,3,"0","0","450",NA,10
10,2022-06-23,32,30,"C",5,1,"4","1","200",NA,10
10,2022-06-23,32,30,"C",5,2,"5","5","100",NA,10
10,2022-06-23,32,30,"C",5,3,"2","3","400",NA,10
10,2022-06-23,28,90,"C",5,1,"1","6","100",NA,10
10,2022-06-23,28,90,"C",5,2,"6","4","50",NA,10
10,2022-06-23,28,90,"C",5,3,"4","9","50",NA,10
10,2022-06-23,28,90,"E",5,1,"4","6","0",NA,10
10,2022-06-23,28,90,"E",5,2,"5","5","0",NA,10
10,2022-06-23,28,90,"E",5,3,"2","7","0",NA,10
10,2022-06-23,24,90,"C",5,1,"24","0","0",NA,10
10,2022-06-23,24,90,"C",5,2,"28","0","0",NA,10
10,2022-06-23,24,90,"C",5,3,"32","2","0",NA,10
10,2022-06-23,24,90,"E",5,1,"29","0","0",NA,10
10,2022-06-23,24,90,"E",5,2,"28","0","0",NA,10
10,2022-06-23,24,90,"E",5,3,"39","3","0",NA,10
10,2022-06-23,20,75,"C",5,1,"0","0","100",NA,10
10,2022-06-23,20,75,"C",5,2,"0","0","100",NA,10
10,2022-06-23,20,75,"C",5,3,"0","0","100",NA,10
10,2022-06-23,20,75,"E",5,1,"0","0","0",NA,10
10,2022-06-23,20,75,"E",5,2,"0","0","0",NA,10
10,2022-06-23,20,75,"E",5,3,"0","0","0",NA,10
10,2022-06-23,16,75,"C",5,1,"0","0","100",NA,10
10,2022-06-23,16,75,"C",5,2,"0","0","100",NA,10
10,2022-06-23,16,75,"C",5,3,"0","0","100",NA,10
10,2022-06-23,16,75,"E",5,1,"0","0","0",NA,10
10,2022-06-23,16,75,"E",5,2,"0","0","0",NA,10
10,2022-06-23,16,75,"E",5,3,"0","0","0",NA,10
11,2022-06-24,38,45,"C",5,1,"0","0","100",NA,11
11,2022-06-24,38,45,"C",5,2,"0","0","400",NA,11
11,2022-06-24,38,45,"C",5,3,"1","1","150","Finished tray",11
11,2022-06-24,35,45,"C",5,1,"0","0","100",NA,11
11,2022-06-24,35,45,"C",5,2,"0","3","350",NA,11
11,2022-06-24,35,45,"C",5,3,"0","0","100",NA,11
11,2022-06-24,32,30,"C",5,1,"4","5","50",NA,11
11,2022-06-24,32,30,"C",5,2,"1","1","400",NA,11
11,2022-06-24,32,30,"C",5,3,"1","5","100",NA,11
11,2022-06-24,28,90,"C",5,1,"4","2","50",NA,11
11,2022-06-24,28,90,"C",5,2,"2","5","100",NA,11
11,2022-06-24,28,90,"C",5,3,"4","6","200",NA,11
11,2022-06-24,28,90,"E",5,1,"2","4","0",NA,11
11,2022-06-24,28,90,"E",5,2,"4","6","0",NA,11
11,2022-06-24,28,90,"E",5,3,"2","2","0",NA,11
11,2022-06-24,24,90,"C",5,1,"12","36","200",NA,11
11,2022-06-24,24,90,"C",5,2,"19","29","250",NA,11
11,2022-06-24,24,90,"C",5,3,"16","35","250",NA,11
11,2022-06-24,24,90,"E",5,1,"24","26","0",NA,11
11,2022-06-24,24,90,"E",5,2,"15","26","0",NA,11
11,2022-06-24,24,90,"E",5,3,"7","42","0",NA,11
11,2022-06-24,20,75,"C",5,1,"0","0","100",NA,11
11,2022-06-24,20,75,"C",5,2,"0","0","100",NA,11
11,2022-06-24,20,75,"C",5,3,"0","0","100",NA,11
11,2022-06-24,20,75,"E",5,1,"0","0","0",NA,11
11,2022-06-24,20,75,"E",5,2,"0","0","0",NA,11
11,2022-06-24,20,75,"E",5,3,"0","0","0",NA,11
11,2022-06-24,16,75,"C",5,1,"0","0","100",NA,11
11,2022-06-24,16,75,"C",5,2,"0","0","100",NA,11
11,2022-06-24,16,75,"C",5,3,"0","0","50",NA,11
11,2022-06-24,16,75,"E",5,1,"0","0","0",NA,11
11,2022-06-24,16,75,"E",5,2,"0","0","0",NA,11
11,2022-06-24,16,75,"E",5,3,"0","0","0",NA,11
12,2022-06-25,38,45,"C",5,1,"0","0","100",NA,12
12,2022-06-25,38,45,"C",5,2,"2","0","100",NA,12
12,2022-06-25,38,45,"C",5,3,"x","2","x","Finished",12
12,2022-06-25,35,45,"C",5,1,"0","0","450",NA,12
12,2022-06-25,35,45,"C",5,2,"2","0","300",NA,12
12,2022-06-25,35,45,"C",5,3,"0","0","100",NA,12
12,2022-06-25,32,30,"C",5,1,"0","4","400",NA,12
12,2022-06-25,32,30,"C",5,2,"4","5","300",NA,12
12,2022-06-25,32,30,"C",5,3,"0","1","150",NA,12
12,2022-06-25,28,90,"C",5,1,"2","3","0",NA,12
12,2022-06-25,28,90,"C",5,2,"0","3","0",NA,12
12,2022-06-25,28,90,"C",5,3,"2","8","0",NA,12
12,2022-06-25,28,90,"E",5,1,"4","3","0",NA,12
12,2022-06-25,28,90,"E",5,2,"1","7","0",NA,12
12,2022-06-25,28,90,"E",5,3,"3","3","0",NA,12
12,2022-06-25,24,90,"C",5,1,"3","23","0",NA,12
12,2022-06-25,24,90,"C",5,2,"6","30","0",NA,12
12,2022-06-25,24,90,"C",5,3,"4","36","0",NA,12
12,2022-06-25,24,90,"E",5,1,"6","29","0",NA,12
12,2022-06-25,24,90,"E",5,2,"10","30","0",NA,12
12,2022-06-25,24,90,"E",5,3,"5","32","0",NA,12
12,2022-06-25,20,75,"C",5,1,"0","0","100",NA,12
12,2022-06-25,20,75,"C",5,2,"0","0","100",NA,12
12,2022-06-25,20,75,"C",5,3,"0","0","50",NA,12
12,2022-06-25,20,75,"E",5,1,"0","0","0",NA,12
12,2022-06-25,20,75,"E",5,2,"0","0","0",NA,12
12,2022-06-25,20,75,"E",5,3,"0","0","0",NA,12
12,2022-06-25,16,75,"C",5,1,"0","0","50",NA,12
12,2022-06-25,16,75,"C",5,2,"0","0","50",NA,12
12,2022-06-25,16,75,"C",5,3,"0","0","50",NA,12
12,2022-06-25,16,75,"E",5,1,"0","0","0",NA,12
12,2022-06-25,16,75,"E",5,2,"0","0","0",NA,12
12,2022-06-25,16,75,"E",5,3,"0","0","0",NA,12
13,2022-06-26,38,45,"C",5,1,"0","0","150",NA,13
13,2022-06-26,38,45,"C",5,2,"0","1","150",NA,13
13,2022-06-26,35,45,"C",5,1,"0","0","250",NA,13
13,2022-06-26,35,45,"C",5,2,"2","2","100",NA,13
13,2022-06-26,35,45,"C",5,3,"0","0","350",NA,13
13,2022-06-26,32,30,"C",5,1,"2","1","200",NA,13
13,2022-06-26,32,30,"C",5,2,"2","3","100",NA,13
13,2022-06-26,32,30,"C",5,3,"0","0","450",NA,13
13,2022-06-26,28,90,"C",5,1,"0","2","0",NA,13
13,2022-06-26,28,90,"C",5,2,"1","1","0",NA,13
13,2022-06-26,28,90,"C",5,3,"2","1","0",NA,13
13,2022-06-26,28,90,"E",5,1,"0","3","0",NA,13
13,2022-06-26,28,90,"E",5,2,"0","2","0",NA,13
13,2022-06-26,28,90,"E",5,3,"3","2","0",NA,13
13,2022-06-26,24,90,"C",5,1,"4","10","0",NA,13
13,2022-06-26,24,90,"C",5,2,"3","15","0",NA,13
13,2022-06-26,24,90,"C",5,3,"4","14","0",NA,13
13,2022-06-26,24,90,"E",5,1,"3","21","0",NA,13
13,2022-06-26,24,90,"E",5,2,"4","14","0",NA,13
13,2022-06-26,24,90,"E",5,3,"1","6","0",NA,13
13,2022-06-26,20,75,"C",5,1,"0","0","100",NA,13
13,2022-06-26,20,75,"C",5,2,"0","0","100",NA,13
13,2022-06-26,20,75,"C",5,3,"0","0","100",NA,13
13,2022-06-26,20,75,"E",5,1,"x","x","x","Evaporated",13
13,2022-06-26,20,75,"E",5,2,"x","x","x","Evaporated",13
13,2022-06-26,20,75,"E",5,3,"x","x","x","Evaporated",13
13,2022-06-26,16,75,"C",5,1,"0","0","50",NA,13
13,2022-06-26,16,75,"C",5,2,"0","0","50",NA,13
13,2022-06-26,16,75,"C",5,3,"0","0","50",NA,13
13,2022-06-26,16,75,"E",5,1,"0","0","0",NA,13
13,2022-06-26,16,75,"E",5,2,"0","0","0",NA,13
13,2022-06-26,16,75,"E",5,3,"0","0","0",NA,13
14,2022-06-27,38,45,"C",5,1,"0","0","150",NA,14
14,2022-06-27,38,45,"C",5,2,"0","0","150",NA,14
14,2022-06-27,35,45,"C",5,1,"0","0","100",NA,14
14,2022-06-27,35,45,"C",5,2,"0","2","350",NA,14
14,2022-06-27,35,45,"C",5,3,"0","0","100",NA,14
14,2022-06-27,32,30,"C",5,1,"0","1","100",NA,14
14,2022-06-27,32,30,"C",5,2,"0","1","300",NA,14
14,2022-06-27,32,30,"C",5,3,"0","1","50",NA,14
14,2022-06-27,28,90,"C",5,1,"0","1","100",NA,14
14,2022-06-27,28,90,"C",5,2,"0","0","100",NA,14
14,2022-06-27,28,90,"C",5,3,"1","2","100",NA,14
14,2022-06-27,28,90,"E",5,1,"1","0","0",NA,14
14,2022-06-27,28,90,"E",5,2,"0","0","0",NA,14
14,2022-06-27,28,90,"E",5,3,"0","0","0",NA,14
14,2022-06-27,24,90,"C",5,1,"0","2","100",NA,14
14,2022-06-27,24,90,"C",5,2,"0","5","100",NA,14
14,2022-06-27,24,90,"C",5,3,"0","2","150",NA,14
14,2022-06-27,24,90,"E",5,1,"1","5","0",NA,14
14,2022-06-27,24,90,"E",5,2,"1","6","0",NA,14
14,2022-06-27,24,90,"E",5,3,"1","4","0",NA,14
14,2022-06-27,20,75,"C",5,1,"1","0","50",NA,14
14,2022-06-27,20,75,"C",5,2,"5","0","100",NA,14
14,2022-06-27,20,75,"C",5,3,"2","0","50",NA,14
14,2022-06-27,16,75,"C",5,1,"0","0","0",NA,14
14,2022-06-27,16,75,"C",5,2,"0","0","0",NA,14
14,2022-06-27,16,75,"C",5,3,"0","0","0",NA,14
14,2022-06-27,16,75,"E",5,1,"x","x","x","Evaporated",14
14,2022-06-27,16,75,"E",5,2,"x","x","x","Evaporated",14
14,2022-06-27,16,75,"E",5,3,"x","x","x","Evaporated",14
15,2022-06-28,38,45,"C",5,1,"0","0","150",NA,15
15,2022-06-28,38,45,"C",5,2,"0","0","150",NA,15
15,2022-06-28,35,45,"C",5,1,"1","0","400",NA,15
15,2022-06-28,35,45,"C",5,2,"x","x","x","Finished",15
15,2022-06-28,35,45,"C",5,3,"0","0","100",NA,15
15,2022-06-28,32,30,"C",5,1,"0","1","300",NA,15
15,2022-06-28,32,30,"C",5,2,"0","1","100",NA,15
15,2022-06-28,32,30,"C",5,3,"0","0","100",NA,15
15,2022-06-28,28,90,"C",5,1,"1","0","100",NA,15
15,2022-06-28,28,90,"C",5,2,"0","0","100",NA,15
15,2022-06-28,28,90,"C",5,3,"0","1","100",NA,15
15,2022-06-28,28,90,"E",5,1,"0","1","0",NA,15
15,2022-06-28,28,90,"E",5,2,"0","0","0",NA,15
15,2022-06-28,28,90,"E",5,3,"0","2","0",NA,15
15,2022-06-28,24,90,"C",5,1,"0","2","100",NA,15
15,2022-06-28,24,90,"C",5,2,"0","4","0",NA,15
15,2022-06-28,24,90,"C",5,3,"0","3","0",NA,15
15,2022-06-28,24,90,"E",5,1,"1","2","0",NA,15
15,2022-06-28,24,90,"E",5,2,"0","3","0",NA,15
15,2022-06-28,24,90,"E",5,3,"0","1","0",NA,15
15,2022-06-28,20,75,"C",5,1,"8","0","100",NA,15
15,2022-06-28,20,75,"C",5,2,"19","0","100",NA,15
15,2022-06-28,20,75,"C",5,3,"19","0","100",NA,15
15,2022-06-28,16,75,"C",5,1,"0","0","100",NA,15
15,2022-06-28,16,75,"C",5,2,"0","0","100",NA,15
15,2022-06-28,16,75,"C",5,3,"0","0","100",NA,15
16,2022-06-29,38,45,"C",5,1,"x","x","x","Finished",16
16,2022-06-29,38,45,"C",5,2,"x","x","x","Finished",16
16,2022-06-29,35,45,"C",5,1,"0","0","150",NA,16
16,2022-06-29,35,45,"C",5,3,"0","0","150",NA,16
16,2022-06-29,32,30,"C",5,1,"0","0","150",NA,16
16,2022-06-29,32,30,"C",5,2,"0","0","100",NA,16
16,2022-06-29,32,30,"C",5,3,"0","0","300",NA,16
16,2022-06-29,28,90,"C",5,1,"0","0","0",NA,16
16,2022-06-29,28,90,"C",5,2,"0","0","0",NA,16
16,2022-06-29,28,90,"C",5,3,"0","1","0",NA,16
16,2022-06-29,28,90,"E",5,1,"0","0","0",NA,16
16,2022-06-29,28,90,"E",5,2,"0","0","0",NA,16
16,2022-06-29,28,90,"E",5,3,"0","0","0",NA,16
16,2022-06-29,24,90,"C",5,1,"1","2","100",NA,16
16,2022-06-29,24,90,"C",5,2,"0","0","100",NA,16
16,2022-06-29,24,90,"C",5,3,"1","1","100",NA,16
16,2022-06-29,24,90,"E",5,1,"2","1","0","Finished tray",16
16,2022-06-29,24,90,"E",5,2,"1","1","0",NA,16
16,2022-06-29,24,90,"E",5,3,"1","1","0",NA,16
16,2022-06-29,20,75,"C",5,1,"14","0","100",NA,16
16,2022-06-29,20,75,"C",5,2,"14","1","100",NA,16
16,2022-06-29,20,75,"C",5,3,"13","0","100",NA,16
16,2022-06-29,16,75,"C",5,1,"0","0","100",NA,16
16,2022-06-29,16,75,"C",5,2,"0","0","100",NA,16
16,2022-06-29,16,75,"C",5,3,"0","0","100",NA,16
17,2022-06-30,35,45,"C",5,1,"0","0","150",NA,17
17,2022-06-30,35,45,"C",5,3,"0","0","150",NA,17
17,2022-06-30,32,30,"C",5,1,"1","0","100",NA,17
17,2022-06-30,32,30,"C",5,2,"0","0","450",NA,17
17,2022-06-30,32,30,"C",5,3,"0","0","250",NA,17
17,2022-06-30,28,90,"C",5,1,"1","0","0",NA,17
17,2022-06-30,28,90,"C",5,2,"0","0","0",NA,17
17,2022-06-30,28,90,"C",5,3,"1","0","0",NA,17
17,2022-06-30,28,90,"E",5,1,"0","0","0",NA,17
17,2022-06-30,28,90,"E",5,2,"1","0","0",NA,17
17,2022-06-30,28,90,"E",5,3,"0","0","0",NA,17
17,2022-06-30,24,90,"C",5,1,"2","0","x","Finished tray",17
17,2022-06-30,24,90,"C",5,2,"1","0","100",NA,17
17,2022-06-30,24,90,"C",5,3,"1","0","100",NA,17
17,2022-06-30,24,90,"E",5,1,"x","1","x",NA,17
17,2022-06-30,24,90,"E",5,2,"2","0","0",NA,17
17,2022-06-30,24,90,"E",5,3,"2","0","0",NA,17
17,2022-06-30,20,75,"C",5,1,"9","1","100",NA,17
17,2022-06-30,20,75,"C",5,2,"4","3","100",NA,17
17,2022-06-30,20,75,"C",5,3,"5","2","100",NA,17
17,2022-06-30,16,75,"C",5,1,"0","0","0",NA,17
17,2022-06-30,16,75,"C",5,2,"0","0","100",NA,17
17,2022-06-30,16,75,"C",5,3,"0","0","100",NA,17
18,2022-07-01,35,45,"C",5,1,"1","0","150",NA,18
18,2022-07-01,35,45,"C",5,3,"0","0","150",NA,18
18,2022-07-01,32,30,"C",5,1,"0","1","500",NA,18
18,2022-07-01,32,30,"C",5,2,"1","0","300",NA,18
18,2022-07-01,32,30,"C",5,3,"1","0","150",NA,18
18,2022-07-01,28,90,"C",5,1,"0","0","0",NA,18
18,2022-07-01,28,90,"C",5,2,"0","0","0",NA,18
18,2022-07-01,28,90,"C",5,3,"3","0","0",NA,18
18,2022-07-01,28,90,"E",5,1,"0","0","0",NA,18
18,2022-07-01,28,90,"E",5,2,"0","1","0",NA,18
18,2022-07-01,28,90,"E",5,3,"x","x","x","Finished",18
18,2022-07-01,24,90,"C",5,1,"x","1","x","Finished tray",18
18,2022-07-01,24,90,"C",5,2,"0","0","0",NA,18
18,2022-07-01,24,90,"C",5,3,"0","0","0",NA,18
18,2022-07-01,24,90,"E",5,1,"x","1","x","Finished tray",18
18,2022-07-01,24,90,"E",5,2,"3","1","0",NA,18
18,2022-07-01,24,90,"E",5,3,"1","1","0",NA,18
18,2022-07-01,20,75,"C",5,1,"6","8","100",NA,18
18,2022-07-01,20,75,"C",5,2,"5","21","150",NA,18
18,2022-07-01,20,75,"C",5,3,"9","19","100",NA,18
18,2022-07-01,16,75,"C",5,1,"0","0","100",NA,18
18,2022-07-01,16,75,"C",5,2,"0","0","100",NA,18
18,2022-07-01,16,75,"C",5,3,"0","0","100",NA,18
19,2022-07-02,35,45,"C",5,1,"0","0","150",NA,19
19,2022-07-02,35,45,"C",5,3,"0","0","150",NA,19
19,2022-07-02,32,30,"C",5,1,"2","0","100",NA,19
19,2022-07-02,32,30,"C",5,2,"2","0","100",NA,19
19,2022-07-02,32,30,"C",5,3,"0","1","300",NA,19
19,2022-07-02,28,90,"C",5,1,"1","0","100",NA,19
19,2022-07-02,28,90,"C",5,2,"0","0","100",NA,19
19,2022-07-02,28,90,"C",5,3,"2","2","100",NA,19
19,2022-07-02,28,90,"E",5,1,"x","0","x","Finished tray",19
19,2022-07-02,28,90,"E",5,2,"x","0","x","Finished tray",19
19,2022-07-02,24,90,"C",5,1,"x","1","x","Finished tray",19
19,2022-07-02,24,90,"C",5,2,"1","1","100",NA,19
19,2022-07-02,24,90,"C",5,3,"x","1","x","Finished tray",19
19,2022-07-02,24,90,"E",5,1,"x","0","x","Finished tray",19
19,2022-07-02,24,90,"E",5,2,"1","2","x","Finished tray",19
19,2022-07-02,24,90,"E",5,3,"x","2","x","Finished tray",19
19,2022-07-02,20,75,"C",5,1,"6","14","100",NA,19
19,2022-07-02,20,75,"C",5,2,"8","9","100",NA,19
19,2022-07-02,20,75,"C",5,3,"2","13","100",NA,19
19,2022-07-02,16,75,"C",5,1,"0","0","0",NA,19
19,2022-07-02,16,75,"C",5,2,"0","0","0",NA,19
19,2022-07-02,16,75,"C",5,3,"0","0","0",NA,19
20,2022-07-03,35,45,"C",5,1,"x","x","x","Dead",20
20,2022-07-03,35,45,"C",5,3,"x","x","x","Dead",20
20,2022-07-03,32,30,"C",5,1,"0","0","100",NA,20
20,2022-07-03,32,30,"C",5,2,"0","1","400",NA,20
20,2022-07-03,32,30,"C",5,3,"0","0","100",NA,20
20,2022-07-03,28,90,"C",5,1,"1","1","100","1 dead adult",20
20,2022-07-03,28,90,"C",5,2,"0","0","100",NA,20
20,2022-07-03,28,90,"C",5,3,"0","1","100","1 dead adult",20
20,2022-07-03,28,90,"E",5,1,"x","x","x","Finished",20
20,2022-07-03,28,90,"E",5,2,"x","x","x","Finished",20
20,2022-07-03,24,90,"C",5,1,"x","x","x","Finished",20
20,2022-07-03,24,90,"C",5,2,"0","0","0",NA,20
20,2022-07-03,24,90,"C",5,3,"x","x","x","Finished",20
20,2022-07-03,24,90,"E",5,1,"x","x","x","Finished",20
20,2022-07-03,24,90,"E",5,2,"x","3","x","Finished",20
20,2022-07-03,24,90,"E",5,3,"x","0","x","Finished tray",20
20,2022-07-03,20,75,"C",5,1,"1","5","50",NA,20
20,2022-07-03,20,75,"C",5,2,"1","5","50",NA,20
20,2022-07-03,20,75,"C",5,3,"3","4","50",NA,20
20,2022-07-03,16,75,"C",5,1,"0","0","100",NA,20
20,2022-07-03,16,75,"C",5,2,"0","0","100",NA,20
20,2022-07-03,16,75,"C",5,3,"0","0","100",NA,20
21,2022-07-04,32,30,"C",5,1,"x","0","x","1 dead adult + finished",21
21,2022-07-04,32,30,"C",5,2,"x","0","x","1 dead adult + finished",21
21,2022-07-04,32,30,"C",5,3,"x","0","x","Finished",21
21,2022-07-04,28,90,"C",5,1,"0","1","100","1 dead adult",21
21,2022-07-04,28,90,"C",5,2,"0","0","100",NA,21
21,2022-07-04,28,90,"C",5,3,"0","1","100","2 dead adults",21
21,2022-07-04,24,90,"C",5,2,"0","1","0",NA,21
21,2022-07-04,24,90,"E",5,3,"x","2","x","Finished",21
21,2022-07-04,20,75,"C",5,1,"2","4","100",NA,21
21,2022-07-04,20,75,"C",5,2,"3","5","100",NA,21
21,2022-07-04,20,75,"C",5,3,"3","8","100",NA,21
21,2022-07-04,16,75,"C",5,1,"0","0","50",NA,21
21,2022-07-04,16,75,"C",5,2,"0","0","50",NA,21
21,2022-07-04,16,75,"C",5,3,"0","0","50",NA,21
0,2022-07-04,40,60,"C",6,1,"0","0","0",NA,0
0,2022-07-04,40,60,"C",6,2,"0","0","0",NA,0
0,2022-07-04,40,60,"C",6,3,"0","0","0",NA,0
0,2022-07-04,40,60,"E",6,1,"0","0","0",NA,0
0,2022-07-04,40,60,"E",6,2,"0","0","0",NA,0
0,2022-07-04,40,60,"E",6,3,"0","0","0",NA,0
22,2022-07-05,28,90,"C",5,1,"0","0","0",NA,22
22,2022-07-05,28,90,"C",5,2,"0","0","0",NA,22
22,2022-07-05,28,90,"C",5,3,"x","0","x","Finished tray",22
22,2022-07-05,24,90,"C",5,2,"x","x","x","Finished",22
22,2022-07-05,20,75,"C",5,1,"2","5","100",NA,22
22,2022-07-05,20,75,"C",5,2,"2","6","0",NA,22
22,2022-07-05,20,75,"C",5,3,"4","2","100",NA,22
22,2022-07-05,16,75,"C",5,1,"0","0","100",NA,22
22,2022-07-05,16,75,"C",5,2,"0","0","100",NA,22
22,2022-07-05,16,75,"C",5,3,"0","0","100",NA,22
1,2022-07-05,40,60,"C",6,1,"0","0","200",NA,1
1,2022-07-05,40,60,"C",6,2,"0","0","150",NA,1
1,2022-07-05,40,60,"C",6,3,"0","0","500",NA,1
1,2022-07-05,40,60,"E",6,1,"0","0","0",NA,1
1,2022-07-05,40,60,"E",6,2,"0","0","0",NA,1
1,2022-07-05,40,60,"E",6,3,"0","0","0",NA,1
23,2022-07-06,28,90,"C",5,1,"0","0","0",NA,23
23,2022-07-06,28,90,"C",5,2,"0","0","0",NA,23
23,2022-07-06,28,90,"C",5,3,"x","x","x","1 dead adult + finished",23
23,2022-07-06,20,75,"C",5,1,"1","1","100",NA,23
23,2022-07-06,20,75,"C",5,2,"3","1","100",NA,23
23,2022-07-06,20,75,"C",5,3,"4","2","100",NA,23
23,2022-07-06,16,75,"C",5,1,"0","0","100",NA,23
23,2022-07-06,16,75,"C",5,2,"0","0","50",NA,23
23,2022-07-06,16,75,"C",5,3,"0","0","100",NA,23
2,2022-07-06,40,60,"C",6,1,"0","0","200",NA,2
2,2022-07-06,40,60,"C",6,2,"0","0","250",NA,2
2,2022-07-06,40,60,"C",6,3,"0","0","150",NA,2
2,2022-07-06,40,60,"E",6,1,"0","0","0",NA,2
2,2022-07-06,40,60,"E",6,2,"0","0","0",NA,2
2,2022-07-06,40,60,"E",6,3,"0","0","0",NA,2
24,2022-07-07,28,90,"C",5,1,"0","0","0",NA,24
24,2022-07-07,28,90,"C",5,2,"x","x","x","Dead",24
24,2022-07-07,20,75,"C",5,1,"2","2","100",NA,24
24,2022-07-07,20,75,"C",5,2,"2","2","100","1 dead adult",24
24,2022-07-07,20,75,"C",5,3,"2","2","100",NA,24
24,2022-07-07,16,75,"C",5,1,"0","0","50",NA,24
24,2022-07-07,16,75,"C",5,2,"0","0","50",NA,24
24,2022-07-07,16,75,"C",5,3,"0","0","50",NA,24
3,2022-07-07,40,60,"C",6,1,"0","0","400",NA,3
3,2022-07-07,40,60,"C",6,2,"0","0","200",NA,3
3,2022-07-07,40,60,"C",6,3,"0","0","300",NA,3
3,2022-07-07,40,60,"E",6,1,"0","0","0",NA,3
3,2022-07-07,40,60,"E",6,2,"0","0","0",NA,3
3,2022-07-07,40,60,"E",6,3,"0","0","0",NA,3
25,2022-07-08,28,90,"C",5,1,"1","0","x","Finished tray",25
25,2022-07-08,20,75,"C",5,1,"0","1","100",NA,25
25,2022-07-08,20,75,"C",5,2,"5","1","100",NA,25
25,2022-07-08,20,75,"C",5,3,"4","4","100",NA,25
25,2022-07-08,16,75,"C",5,1,"0","0","50",NA,25
25,2022-07-08,16,75,"C",5,2,"0","0","50",NA,25
25,2022-07-08,16,75,"C",5,3,"0","0","50",NA,25
4,2022-07-08,40,60,"C",6,1,"0","0","250",NA,4
4,2022-07-08,40,60,"C",6,2,"0","0","250",NA,4
4,2022-07-08,40,60,"C",6,3,"0","0","400",NA,4
4,2022-07-08,40,60,"E",6,1,"x","x","x",NA,4
4,2022-07-08,40,60,"E",6,2,"x","x","x",NA,4
4,2022-07-08,40,60,"E",6,3,"x","x","x",NA,4
26,2022-07-09,28,90,"C",5,1,"x","1","x","Finished",26
26,2022-07-09,20,75,"C",5,1,"0","0","50",NA,26
26,2022-07-09,20,75,"C",5,2,"6","1","50",NA,26
26,2022-07-09,20,75,"C",5,3,"3","2","50",NA,26
26,2022-07-09,16,75,"C",5,1,"0","0","50",NA,26
26,2022-07-09,16,75,"C",5,2,"0","0","50",NA,26
26,2022-07-09,16,75,"C",5,3,"0","0","50",NA,26
5,2022-07-09,40,60,"C",6,1,"5","0","300",NA,5
5,2022-07-09,40,60,"C",6,2,"10","0","500",NA,5
5,2022-07-09,40,60,"C",6,3,"10","0","300",NA,5
27,2022-07-10,20,75,"C",5,1,"2","1","100",NA,27
27,2022-07-10,20,75,"C",5,2,"x","1","x","Finished tray",27
27,2022-07-10,20,75,"C",5,3,"1","0","100",NA,27
27,2022-07-10,16,75,"C",5,1,"0","0","100",NA,27
27,2022-07-10,16,75,"C",5,2,"1","0","100",NA,27
27,2022-07-10,16,75,"C",5,3,"0","0","100",NA,27
6,2022-07-10,40,60,"C",6,1,"14","0","300",NA,6
6,2022-07-10,40,60,"C",6,2,"14","4","150",NA,6
6,2022-07-10,40,60,"C",6,3,"8","1","150",NA,6
28,2022-07-11,20,75,"C",5,1,"1","0","0",NA,28
28,2022-07-11,20,75,"C",5,2,"x","3","x","Finished tray",28
28,2022-07-11,20,75,"C",5,3,"1","4","0",NA,28
28,2022-07-11,16,75,"C",5,1,"0","0","50",NA,28
28,2022-07-11,16,75,"C",5,2,"1","0","50",NA,28
28,2022-07-11,16,75,"C",5,3,"0","0","50",NA,28
7,2022-07-11,40,60,"C",6,1,"1","3","100","All 3 adults really struggling",7
7,2022-07-11,40,60,"C",6,2,"0","3","100","All 3 adults really struggling",7
7,2022-07-11,40,60,"C",6,3,"0","0","300","Loads died during emergence. Really suffering",7
29,2022-07-12,20,75,"C",5,1,"0","0","150",NA,29
29,2022-07-12,20,75,"C",5,2,"x","2","x","Finished tray",29
29,2022-07-12,20,75,"C",5,3,"0","3","150",NA,29
29,2022-07-12,16,75,"C",5,1,"0","0","0",NA,29
29,2022-07-12,16,75,"C",5,2,"0","0","0",NA,29
29,2022-07-12,16,75,"C",5,3,"0","0","0",NA,29
8,2022-07-12,40,60,"C",6,1,"0","0","150",NA,8
8,2022-07-12,40,60,"C",6,2,"0","0","250",NA,8
8,2022-07-12,40,60,"C",6,3,"0","0","100",NA,8
30,2022-07-13,20,75,"C",5,1,"2","1","50",NA,30
30,2022-07-13,20,75,"C",5,2,"x","2","x","1 dead adult",30
30,2022-07-13,20,75,"C",5,3,"0","0","50",NA,30
30,2022-07-13,16,75,"C",5,1,"1","0","150",NA,30
30,2022-07-13,16,75,"C",5,2,"2","0","150",NA,30
30,2022-07-13,16,75,"C",5,3,"2","0","150",NA,30
9,2022-07-13,40,60,"C",6,1,"0","0","300",NA,9
9,2022-07-13,40,60,"C",6,2,"0","0","150",NA,9
9,2022-07-13,40,60,"C",6,3,"0","0","150",NA,9
31,2022-07-14,20,75,"C",5,1,"0","1","100",NA,31
31,2022-07-14,20,75,"C",5,2,"x","x","x","Finished",31
31,2022-07-14,20,75,"C",5,3,"1","1","x","Finished tray",31
31,2022-07-14,16,75,"C",5,1,"0","0","50",NA,31
31,2022-07-14,16,75,"C",5,2,"3","0","50",NA,31
31,2022-07-14,16,75,"C",5,3,"3","0","50",NA,31
10,2022-07-14,40,60,"C",6,1,"x","x","x","Dead",10
10,2022-07-14,40,60,"C",6,2,"x","x","x","Dead",10
10,2022-07-14,40,60,"C",6,3,"x","x","x","Dead",10
32,2022-07-15,20,75,"C",5,1,"2","0","0",NA,32
32,2022-07-15,20,75,"C",5,3,"x","0","x","Finished tray",32
32,2022-07-15,16,75,"C",5,1,"1","0","0",NA,32
32,2022-07-15,16,75,"C",5,2,"0","0","0",NA,32
32,2022-07-15,16,75,"C",5,3,"1","0","0",NA,32
33,2022-07-16,20,75,"C",5,1,"2","1","50",NA,33
33,2022-07-16,20,75,"C",5,3,"x","1","x","Finished tray",33
33,2022-07-16,16,75,"C",5,1,"0","0","150",NA,33
33,2022-07-16,16,75,"C",5,2,"1","0","150",NA,33
33,2022-07-16,16,75,"C",5,3,"1","0","100",NA,33
34,2022-07-17,20,75,"C",5,1,"0","1","50",NA,34
34,2022-07-17,20,75,"C",5,3,"x","1","x","Finished tray",34
34,2022-07-17,16,75,"C",5,1,"2","0","50",NA,34
34,2022-07-17,16,75,"C",5,2,"1","1","50",NA,34
34,2022-07-17,16,75,"C",5,3,"1","0","100",NA,34
35,2022-07-18,20,75,"C",5,1,"x","0","x","Finished tray",35
35,2022-07-18,20,75,"C",5,3,"x","x","x","Finished tray",35
35,2022-07-18,16,75,"C",5,1,"0","1","50",NA,35
35,2022-07-18,16,75,"C",5,2,"0","0","50",NA,35
35,2022-07-18,16,75,"C",5,3,"1","0","50",NA,35
36,2022-07-19,20,75,"C",5,1,"x","2","x","Finished",36
36,2022-07-19,16,75,"C",5,1,"0","0","50",NA,36
36,2022-07-19,16,75,"C",5,2,"0","1","50",NA,36
36,2022-07-19,16,75,"C",5,3,"1","1","50",NA,36
37,2022-07-20,16,75,"C",5,1,"0","0","50",NA,37
37,2022-07-20,16,75,"C",5,2,"1","0","50",NA,37
37,2022-07-20,16,75,"C",5,3,"1","3","50",NA,37
38,2022-07-21,16,75,"C",5,1,"0","0","50",NA,38
38,2022-07-21,16,75,"C",5,2,"2","0","50",NA,38
38,2022-07-21,16,75,"C",5,3,"0","1","50",NA,38
39,2022-07-22,16,75,"C",5,1,"0","0","50",NA,39
39,2022-07-22,16,75,"C",5,2,"0","1","50",NA,39
39,2022-07-22,16,75,"C",5,3,"1","0","100",NA,39
40,2022-07-23,16,75,"C",5,1,"0","1","0",NA,40
40,2022-07-23,16,75,"C",5,2,"3","0","50",NA,40
40,2022-07-23,16,75,"C",5,3,"1","1","0",NA,40
41,2022-07-24,16,75,"C",5,1,"0","0","100",NA,41
41,2022-07-24,16,75,"C",5,2,"1","0","200",NA,41
41,2022-07-24,16,75,"C",5,3,"0","0","200",NA,41
0,2022-09-05,40,90,"C",7,1,"0","0","0",NA,0
0,2022-09-05,40,90,"C",7,2,"0","0","0",NA,0
0,2022-09-05,40,90,"C",7,3,"0","0","0",NA,0
0,2022-09-05,40,90,"E",7,1,"0","0","0",NA,0
0,2022-09-05,40,90,"E",7,2,"0","0","0",NA,0
0,2022-09-05,40,90,"E",7,3,"0","0","0",NA,0
0,2022-09-05,40,75,"C",7,1,"0","0","0",NA,0
0,2022-09-05,40,75,"C",7,2,"0","0","0",NA,0
0,2022-09-05,40,75,"C",7,3,"0","0","0",NA,0
0,2022-09-05,40,75,"E",7,1,"0","0","0",NA,0
0,2022-09-05,40,75,"E",7,2,"0","0","0",NA,0
0,2022-09-05,40,75,"E",7,3,"0","0","0",NA,0
0,2022-09-05,40,45,"C",7,1,"0","0","0",NA,0
0,2022-09-05,40,45,"C",7,2,"0","0","0",NA,0
0,2022-09-05,40,45,"C",7,3,"0","0","0",NA,0
0,2022-09-05,40,45,"E",7,1,"0","0","0",NA,0
0,2022-09-05,40,45,"E",7,2,"0","0","0",NA,0
0,2022-09-05,40,45,"E",7,3,"0","0","0",NA,0
0,2022-09-05,40,30,"C",7,1,"0","0","0",NA,0
0,2022-09-05,40,30,"C",7,2,"0","0","0",NA,0
0,2022-09-05,40,30,"C",7,3,"0","0","0",NA,0
0,2022-09-05,40,30,"E",7,1,"0","0","0",NA,0
0,2022-09-05,40,30,"E",7,2,"0","0","0",NA,0
0,2022-09-05,40,30,"E",7,3,"0","0","0",NA,0
1,2022-09-06,40,90,"C",7,1,"0","0","0",NA,1
1,2022-09-06,40,90,"C",7,2,"0","0","0",NA,1
1,2022-09-06,40,90,"C",7,3,"0","0","0",NA,1
1,2022-09-06,40,90,"E",7,1,"0","0","0",NA,1
1,2022-09-06,40,90,"E",7,2,"0","0","0",NA,1
1,2022-09-06,40,90,"E",7,3,"0","0","0",NA,1
1,2022-09-06,40,75,"C",7,1,"0","0","100",NA,1
1,2022-09-06,40,75,"C",7,2,"0","0","50",NA,1
1,2022-09-06,40,75,"C",7,3,"0","0","100",NA,1
1,2022-09-06,40,75,"E",7,1,"0","0","0",NA,1
1,2022-09-06,40,75,"E",7,2,"0","0","0",NA,1
1,2022-09-06,40,75,"E",7,3,"0","0","0",NA,1
1,2022-09-06,40,45,"C",7,1,"0","0","100",NA,1
1,2022-09-06,40,45,"C",7,2,"0","0","50",NA,1
1,2022-09-06,40,45,"C",7,3,"0","0","100",NA,1
1,2022-09-06,40,45,"E",7,1,"0","0","0",NA,1
1,2022-09-06,40,45,"E",7,2,"0","0","0",NA,1
1,2022-09-06,40,45,"E",7,3,"0","0","0",NA,1
1,2022-09-06,40,30,"C",7,1,"0","0","100",NA,1
1,2022-09-06,40,30,"C",7,2,"0","0","100",NA,1
1,2022-09-06,40,30,"C",7,3,"0","0","100",NA,1
1,2022-09-06,40,30,"E",7,1,"0","0","0",NA,1
1,2022-09-06,40,30,"E",7,2,"0","0","0",NA,1
1,2022-09-06,40,30,"E",7,3,"0","0","0",NA,1
2,2022-09-07,40,90,"C",7,1,"0","0","0",NA,2
2,2022-09-07,40,90,"C",7,2,"0","0","0",NA,2
2,2022-09-07,40,90,"C",7,3,"0","0","0",NA,2
2,2022-09-07,40,90,"E",7,1,"0","0","0",NA,2
2,2022-09-07,40,90,"E",7,2,"0","0","0",NA,2
2,2022-09-07,40,90,"E",7,3,"0","0","0",NA,2
2,2022-09-07,40,75,"C",7,1,"0","0","100",NA,2
2,2022-09-07,40,75,"C",7,2,"0","0","100",NA,2
2,2022-09-07,40,75,"C",7,3,"0","0","150",NA,2
2,2022-09-07,40,75,"E",7,1,"0","0","0",NA,2
2,2022-09-07,40,75,"E",7,2,"0","0","0",NA,2
2,2022-09-07,40,75,"E",7,3,"0","0","0",NA,2
2,2022-09-07,40,45,"C",7,1,"0","0","100",NA,2
2,2022-09-07,40,45,"C",7,2,"0","0","100",NA,2
2,2022-09-07,40,45,"C",7,3,"0","0","150",NA,2
2,2022-09-07,40,45,"E",7,1,"0","0","0",NA,2
2,2022-09-07,40,45,"E",7,2,"0","0","0",NA,2
2,2022-09-07,40,45,"E",7,3,"0","0","0",NA,2
2,2022-09-07,40,30,"C",7,1,"0","0","0",NA,2
2,2022-09-07,40,30,"C",7,2,"0","0","0",NA,2
2,2022-09-07,40,30,"C",7,3,"0","0","0",NA,2
2,2022-09-07,40,30,"E",7,1,"0","0","0",NA,2
2,2022-09-07,40,30,"E",7,2,"0","0","0",NA,2
2,2022-09-07,40,30,"E",7,3,"0","0","0",NA,2
3,2022-09-08,40,90,"C",7,1,"0","0","0",NA,3
3,2022-09-08,40,90,"C",7,2,"0","0","0",NA,3
3,2022-09-08,40,90,"C",7,3,"0","0","0",NA,3
3,2022-09-08,40,90,"E",7,1,"0","0","0",NA,3
3,2022-09-08,40,90,"E",7,2,"0","0","0",NA,3
3,2022-09-08,40,90,"E",7,3,"0","0","0",NA,3
3,2022-09-08,40,75,"C",7,1,"0","0","100",NA,3
3,2022-09-08,40,75,"C",7,2,"0","0","100",NA,3
3,2022-09-08,40,75,"C",7,3,"0","0","100",NA,3
3,2022-09-08,40,75,"E",7,1,"0","0","0",NA,3
3,2022-09-08,40,75,"E",7,2,"0","0","0",NA,3
3,2022-09-08,40,75,"E",7,3,"0","0","0",NA,3
3,2022-09-08,40,45,"C",7,1,"0","0","300",NA,3
3,2022-09-08,40,45,"C",7,2,"0","0","150",NA,3
3,2022-09-08,40,45,"C",7,3,"0","0","300",NA,3
3,2022-09-08,40,45,"E",7,1,"0","0","0",NA,3
3,2022-09-08,40,45,"E",7,2,"0","0","0",NA,3
3,2022-09-08,40,45,"E",7,3,"0","0","0",NA,3
3,2022-09-08,40,30,"C",7,1,"0","0","500",NA,3
3,2022-09-08,40,30,"C",7,2,"0","0","500",NA,3
3,2022-09-08,40,30,"C",7,3,"0","0","200",NA,3
3,2022-09-08,40,30,"E",7,1,"0","0","0",NA,3
3,2022-09-08,40,30,"E",7,2,"0","0","0",NA,3
3,2022-09-08,40,30,"E",7,3,"0","0","0",NA,3
4,2022-09-09,40,90,"C",7,1,"x","x","x",NA,4
4,2022-09-09,40,90,"C",7,2,"x","x","x",NA,4
4,2022-09-09,40,90,"C",7,3,"x","x","x",NA,4
4,2022-09-09,40,90,"E",7,1,"x","x","x",NA,4
4,2022-09-09,40,90,"E",7,2,"x","x","x",NA,4
4,2022-09-09,40,90,"E",7,3,"x","x","x",NA,4
4,2022-09-09,40,75,"C",7,1,"0","0","100",NA,4
4,2022-09-09,40,75,"C",7,2,"0","0","50",NA,4
4,2022-09-09,40,75,"C",7,3,"0","0","100",NA,4
4,2022-09-09,40,75,"E",7,1,"x","x","x",NA,4
4,2022-09-09,40,75,"E",7,2,"x","x","x",NA,4
4,2022-09-09,40,75,"E",7,3,"x","x","x",NA,4
4,2022-09-09,40,45,"C",7,1,"0","0","500",NA,4
4,2022-09-09,40,45,"C",7,2,"0","0","400",NA,4
4,2022-09-09,40,45,"C",7,3,"0","0","200",NA,4
4,2022-09-09,40,45,"E",7,1,"x","x","x",NA,4
4,2022-09-09,40,45,"E",7,2,"x","x","x",NA,4
4,2022-09-09,40,45,"E",7,3,"x","x","x",NA,4
4,2022-09-09,40,30,"C",7,1,"0","0","500",NA,4
4,2022-09-09,40,30,"C",7,2,"0","0","200",NA,4
4,2022-09-09,40,30,"C",7,3,"0","0","600",NA,4
4,2022-09-09,40,30,"E",7,1,"x","x","x",NA,4
4,2022-09-09,40,30,"E",7,2,"x","x","x",NA,4
4,2022-09-09,40,30,"E",7,3,"x","x","x",NA,4
5,2022-09-10,40,75,"C",7,1,"0","0","100",NA,5
5,2022-09-10,40,75,"C",7,2,"0","0","100",NA,5
5,2022-09-10,40,75,"C",7,3,"0","0","200",NA,5
5,2022-09-10,40,45,"C",7,1,"46","0","300",NA,5
5,2022-09-10,40,45,"C",7,2,"28","0","200",NA,5
5,2022-09-10,40,45,"C",7,3,"17","0","100",NA,5
5,2022-09-10,40,30,"C",7,1,"7","0","250",NA,5
5,2022-09-10,40,30,"C",7,2,"8","0","250",NA,5
5,2022-09-10,40,30,"C",7,3,"24","0","300",NA,5
6,2022-09-11,40,75,"C",7,1,"0","0","50",NA,6
6,2022-09-11,40,75,"C",7,2,"0","0","50",NA,6
6,2022-09-11,40,75,"C",7,3,"0","0","50",NA,6
6,2022-09-11,40,45,"C",7,1,"3","12","150",NA,6
6,2022-09-11,40,45,"C",7,2,"5","6","400",NA,6
6,2022-09-11,40,45,"C",7,3,"20","1","300",NA,6
6,2022-09-11,40,30,"C",7,1,"12","2","150",NA,6
6,2022-09-11,40,30,"C",7,2,"28","4","500",NA,6
6,2022-09-11,40,30,"C",7,3,"12","9","500",NA,6
7,2022-09-12,40,75,"C",7,1,"x","x","x",NA,7
7,2022-09-12,40,75,"C",7,2,"x","x","x",NA,7
7,2022-09-12,40,75,"C",7,3,"x","x","x",NA,7
7,2022-09-12,40,45,"C",7,1,"3","22","400",NA,7
7,2022-09-12,40,45,"C",7,2,"8","15","300",NA,7
7,2022-09-12,40,45,"C",7,3,"10","22","250",NA,7
7,2022-09-12,40,30,"C",7,1,"12","12","500",NA,7
7,2022-09-12,40,30,"C",7,2,"27","28","600",NA,7
7,2022-09-12,40,30,"C",7,3,"25","28","250",NA,7
8,2022-09-13,40,45,"C",7,1,"0","1","150",NA,8
8,2022-09-13,40,45,"C",7,2,"3","3","200",NA,8
8,2022-09-13,40,45,"C",7,3,"0","0","300",NA,8
8,2022-09-13,40,30,"C",7,1,"3","9","500",NA,8
8,2022-09-13,40,30,"C",7,2,"2","16","100",NA,8
8,2022-09-13,40,30,"C",7,3,"0","20","350",NA,8
9,2022-09-14,40,45,"C",7,1,"3","3","200",NA,9
9,2022-09-14,40,45,"C",7,2,"3","4","400",NA,9
9,2022-09-14,40,45,"C",7,3,"2","2","150",NA,9
9,2022-09-14,40,30,"C",7,1,"1","2","350",NA,9
9,2022-09-14,40,30,"C",7,2,"4","5","600",NA,9
9,2022-09-14,40,30,"C",7,3,"4","1","700",NA,9
10,2022-09-15,40,45,"C",7,1,"1","1","300",NA,10
10,2022-09-15,40,45,"C",7,2,"0","1","250",NA,10
10,2022-09-15,40,45,"C",7,3,"0","0","200",NA,10
10,2022-09-15,40,30,"C",7,1,"0","1","500",NA,10
10,2022-09-15,40,30,"C",7,2,"4","3","500",NA,10
10,2022-09-15,40,30,"C",7,3,"0","4","250",NA,10
11,2022-09-16,40,45,"C",7,1,"0","2","350",NA,11
11,2022-09-16,40,45,"C",7,2,"3","0","200",NA,11
11,2022-09-16,40,45,"C",7,3,"0","0","150",NA,11
11,2022-09-16,40,30,"C",7,1,"2","0","350",NA,11
11,2022-09-16,40,30,"C",7,2,"4","2","450",NA,11
11,2022-09-16,40,30,"C",7,3,"3","0","200",NA,11
12,2022-09-17,40,45,"C",7,1,"1","0","150",NA,12
12,2022-09-17,40,45,"C",7,2,"0","1","150",NA,12
12,2022-09-17,40,45,"C",7,3,"0","0","350",NA,12
12,2022-09-17,40,30,"C",7,1,"0","0","450",NA,12
12,2022-09-17,40,30,"C",7,2,"0","3","200",NA,12
12,2022-09-17,40,30,"C",7,3,"2","2","500",NA,12
13,2022-09-18,40,45,"C",7,1,"0","0","300",NA,13
13,2022-09-18,40,45,"C",7,2,"0","0","350",NA,13
13,2022-09-18,40,45,"C",7,3,"0","0","200",NA,13
13,2022-09-18,40,30,"C",7,1,"0","0","300",NA,13
13,2022-09-18,40,30,"C",7,2,"0","0","100",NA,13
13,2022-09-18,40,30,"C",7,3,"0","1","300",NA,13
14,2022-09-19,40,45,"C",7,1,"x","x","x",NA,14
14,2022-09-19,40,45,"C",7,2,"x","x","x",NA,14
14,2022-09-19,40,45,"C",7,3,"x","x","x",NA,14
14,2022-09-19,40,30,"C",7,1,"0","0","150",NA,14
14,2022-09-19,40,30,"C",7,2,"0","0","300",NA,14
14,2022-09-19,40,30,"C",7,3,"0","0","300",NA,14
15,2022-09-20,40,30,"C",7,1,"x","x","x",NA,15
15,2022-09-20,40,30,"C",7,2,"x","x","x",NA,15
15,2022-09-20,40,30,"C",7,3,"x","x","x",NA,15
