CIRCUIT,DISTRICT,OFFICE,DOCKET,ORIGIN,FILEDATE,FDATEUSE,JURIS,NOS,TITL,SECTION,SUBSECT,RESIDENC,JURY,CLASSACT,DEMANDED,FILEJUDG,FILEMAG,COUNTY,ARBIT,MDLDOCK,PLT,DEF,TRANSDAT,TRANSOFF,TRANSDOC,TRANSORG,TERMDATE,TDATEUSE,TRCLACT,TERMJUDG,TERMMAG,PROCPROG,DISP,NOJ,AMTREC,JUDGMENT,DJOINED,PRETRIAL,TRIBEGAN,TRIALEND,TRMARB,PROSE,IFP,STATUSCD,TAPEYEAR,yr_term,yr_file,new,CASENAME,MAGISINV,OTHERINV,fjc_ID,CDD_ID,cases_tot_yr,cases_tot_typ_yr,cases_pct_tot_yr,cases_tot_yr_term,NOS_t,DISP_t,DEF_typ_old,PLT_typ_old,PLT_typ,DEF_typ
0,90,1,8801985,1,1988-07-19,1988-07-01,US govt defendant,893,NA,2201,-8,-8,-8,-8,0,NA,NA,11001,-8,-8,"ENVIRON. DEF. FUND, ET AL","VERITY, ET AL",NA,-8,-8,-8,1988-12-15,1988-12-01,-8,NA,NA,1,13,-8,0,-8,NA,NA,NA,NA,-8,-8,NA,NA,1989,1988,1988,1,NA,NA,NA,0-90-8801985-1988-07-19-1,0-90-8801985,236046,868,0.368,237990,ENVIRONMENTAL MATTERS,Settled,FED,NGO,NGO,IND
4,20,2,8802469,1,1988-09-22,1988-09-01,US govt plaintiff,893,NA,-8,-8,-8,-8,-8,-8,NA,NA,45043,-8,-8,U. S.,HAGLEY COMPANY,10/25/1988,2,8802469,1,1988-10-12,1988-10-01,-8,NA,NA,1,13,-8,-8,-8,NA,NA,NA,NA,-8,-8,NA,NA,1989,1988,1988,1,NA,NA,NA,4-20-8802469-1988-09-22-1,4-20-8802469,236046,868,0.368,237990,ENVIRONMENTAL MATTERS,Settled,BIZ,FED,FED,BIZ
6,43,5,8800091,1,1988-03-21,1988-03-01,US govt plaintiff,893,NA,-8,-8,-8,-8,-8,-8,NA,NA,21079,-8,-8,USA,LANCASTER KY CITY,NA,-8,-8,-8,1988-08-01,1988-08-01,-8,NA,NA,3,5,3,-8,1,04/11/1988,NA,NA,NA,-8,-8,NA,NA,1989,1988,1988,1,NA,NA,NA,6-43-8800091-1988-03-21-1,6-43-8800091,236046,868,0.368,237990,ENVIRONMENTAL MATTERS,Settled (Consent Judgement),LOC,FED,FED,LOC
6,49,3,8800513,1,1988-06-30,1988-06-01,US govt plaintiff,893,NA,-8,-8,-8,-8,-8,-8,NA,NA,47013,-8,-8,USA,ROBBINS,NA,-8,-8,-8,1989-02-28,1989-02-01,-8,NA,NA,2,4,0,-8,1,NA,NA,NA,NA,-8,-8,NA,NA,1989,1989,1988,1,NA,NA,NA,6-49-8800513-1988-06-30-1,6-49-8800513,236046,868,0.368,222214,ENVIRONMENTAL MATTERS,Judgement Issued,Unknown,FED,FED,IND
7,52,1,8806158,1,1988-07-19,1988-07-01,US govt plaintiff,893,NA,-8,-8,-8,-8,-8,-8,NA,NA,17043,-8,-8,US,"CITY OF W.CHICAGO,ILLINOIS",NA,-8,-8,-8,1988-11-02,1988-11-01,-8,NA,NA,2,5,0,-8,3,NA,NA,NA,NA,-8,-8,NA,NA,1989,1988,1988,1,NA,NA,NA,7-52-8806158-1988-07-19-1,7-52-8806158,236046,868,0.368,237990,ENVIRONMENTAL MATTERS,Settled (Consent Judgement),LOC,FED,FED,LOC
9,74,3,8800646,2,1988-05-02,1988-05-01,US govt defendant,893,NA,1441,-8,-8,-8,-8,-8,NA,NA,06073,-8,-8,ROGER F. WINCHESTER,"COUNTY OF SAN DIEGO, STATE",NA,-8,-8,-8,1988-12-07,1988-12-01,-8,NA,NA,4,6,0,-8,2,NA,NA,NA,NA,-8,-8,NA,NA,1989,1988,1988,1,NA,NA,NA,9-74-8800646-1988-05-02-1,9-74-8800646,236046,868,0.368,237990,ENVIRONMENTAL MATTERS,Judgement Issued,FED,BIZ,BIZ,LOC
10,82,1,8800223,1,1988-02-10,1988-02-01,US govt plaintiff,893,NA,-8,-8,-8,-8,-8,-8,NA,NA,08031,-8,-8,USA,MENTOR CORP.,NA,-8,-8,-8,1988-08-19,1988-08-01,-8,NA,NA,12,13,-8,-8,-8,NA,NA,NA,NA,-8,-8,NA,NA,1989,1988,1988,1,NA,NA,NA,10-82-8800223-1988-02-10-1,10-82-8800223,236046,868,0.368,237990,ENVIRONMENTAL MATTERS,Settled,BIZ,FED,FED,BIZ
10,89,2,8900093,1,1989-04-12,1989-04-01,US govt defendant,893,NA,-8,-8,-8,-8,-8,-8,NA,NA,88888,-8,-8,TEXACO REFINING&MKG INC,US ETAL,NA,-8,-8,-8,1989-04-21,1989-04-01,-8,NA,NA,1,12,-8,-8,-8,NA,NA,NA,NA,-8,-8,NA,NA,1989,1989,1989,1,NA,NA,NA,10-89-8900093-1989-04-12-1,10-89-8900093,225307,1001,0.444,222214,ENVIRONMENTAL MATTERS,Dismissed Voluntarily,FED,BIZ,BIZ,FED
11,26,2,8801151,1,1988-07-12,1988-07-01,US govt plaintiff,893,NA,-8,-8,-8,-8,-8,-8,NA,NA,01073,-8,-8,US,MINERAL SPRINGS,NA,-8,-8,-8,1988-09-30,1988-09-01,-8,NA,NA,12,4,0,-8,1,NA,NA,NA,NA,-8,-8,NA,NA,1989,1988,1988,1,NA,NA,NA,11-26-8801151-1988-07-12-1,11-26-8801151,236046,868,0.368,237990,ENVIRONMENTAL MATTERS,Judgement Issued,Unknown,FED,FED,BIZ
1,03,1,8800496,1,1988-08-17,1988-08-01,federal question,893,NA,-8,-8,-8,-8,-8,-8,NA,NA,00000,-8,-8,USA ETL,RIGCO INDUS INC,NA,-8,-8,-8,1990-01-10,1990-01-01,-8,NA,NA,5,5,0,-8,1,NA,NA,NA,NA,-8,-8,NA,NA,1990,1990,1988,1,NA,NA,NA,1-03-8800496-1988-08-17-1,1-03-8800496,236046,868,0.368,213646,ENVIRONMENTAL MATTERS,Settled (Consent Judgement),FED,FED,FED,BIZ
3,12,2,8904254,1,1989-10-16,1989-10-01,federal question,893,NA,-8,-8,-8,-8,-8,-8,NA,NA,88888,-8,-8,"MORTON INTERNATIONAL, INC.",EXXON CORPORATION,NA,-8,-8,-8,1990-03-30,1990-03-01,-8,NA,NA,2,18,-8,-8,-8,NA,NA,NA,NA,-8,-8,NA,NA,1990,1990,1989,1,NA,NA,NA,3-12-8904254-1989-10-16-1,3-12-8904254,225307,1001,0.444,213646,ENVIRONMENTAL MATTERS,Unknown,BIZ,BIZ,BIZ,BIZ
3,12,3,8903652,1,1989-08-25,1989-08-01,US govt plaintiff,893,NA,9606,A,-8,-8,-8,-8,NA,NA,34025,-8,-8,UNITED STATES OF AMERICA,ACTON CORPORATION,NA,-8,-8,-8,1990-03-08,1990-03-01,-8,NA,NA,4,5,0,-8,1,01/19/1990,NA,NA,NA,-8,-8,NA,NA,1990,1990,1989,1,NA,NA,NA,3-12-8903652-1989-08-25-1,3-12-8903652,225307,1001,0.444,213646,ENVIRONMENTAL MATTERS,Settled (Consent Judgement),BIZ,FED,FED,BIZ
7,52,1,8902461,1,1989-03-27,1989-03-01,US govt plaintiff,893,NA,7521,-8,-8,-8,-8,0,NA,NA,17031,-8,-8,UNITED STATES OF AMERICA,"KOTOWICZ, CEDRIC",NA,-8,-8,1,1990-05-14,1990-05-01,-8,NA,NA,1,13,-8,0,-8,NA,05/14/1990,NA,NA,-8,-8,NA,NA,1990,1990,1989,1,NA,NA,NA,7-52-8902461-1989-03-27-1,7-52-8902461,225307,1001,0.444,213646,ENVIRONMENTAL MATTERS,Settled,Unknown,FED,FED,IND
8,60,3,8900068,1,1989-04-19,1989-04-01,US govt plaintiff,893,NA,7412,-8,-8,-8,-8,-8,NA,NA,05093,-8,-8,USA,EN PRO CONTRACTORS,NA,-8,-8,-8,1989-10-18,1989-10-01,-8,NA,NA,2,5,2,1900,1,NA,NA,NA,NA,-8,-8,NA,NA,1990,1989,1989,1,NA,NA,NA,8-60-8900068-1989-04-19-1,8-60-8900068,225307,1001,0.444,222214,ENVIRONMENTAL MATTERS,Settled (Consent Judgement),BIZ,FED,FED,BIZ
8,60,5,8900461,1,1989-08-15,1989-08-01,US govt plaintiff,893,NA,1319,-8,-8,-8,-8,-8,NA,NA,05069,-8,-8,USA,"PB WASTE WATER UTIL COMM, ETAL",NA,-8,-8,-8,1989-12-07,1989-12-01,-8,NA,NA,2,5,0,-8,1,NA,NA,NA,NA,-8,-8,NA,NA,1990,1989,1989,1,NA,NA,NA,8-60-8900461-1989-08-15-1,8-60-8900461,225307,1001,0.444,222214,ENVIRONMENTAL MATTERS,Settled (Consent Judgement),BIZ,FED,FED,LOC
11,29,5,9050006,1,1990-01-05,1990-01-01,US govt plaintiff,893,NA,1319,-8,-8,-8,-8,-8,NA,NA,12059,-8,-8,UNITED STATES OF AMERICA,"CITY OF BONIFAY, FLORIDA;",NA,-8,-8,-8,1990-03-13,1990-03-01,-8,NA,NA,12,14,-8,-8,-8,NA,NA,NA,NA,-8,-8,NA,NA,1990,1990,1990,1,NA,NA,NA,11-29-9050006-1990-01-05-1,11-29-9050006,207095,966,0.466,213646,ENVIRONMENTAL MATTERS,Dismissed (want of pros. or lack of juris.),LOC,FED,FED,LOC
3,12,2,8602041,8,1988-05-06,1988-05-01,federal question,893,NA,-8,-8,-8,-8,-8,-8,NA,NA,34021,-8,-8,PUBLIC INTEREST RESEARCH GR,UNITED STATES METALS RFG CO,NA,-8,-8,-8,1990-01-24,1990-01-01,-8,NA,NA,4,5,3,-8,1,05/08/1989,NA,NA,NA,-8,-8,NA,NA,1990,1990,1988,1,NA,NA,NA,3-12-8602041-1988-05-06-1,3-12-8602041,236046,868,0.368,213646,ENVIRONMENTAL MATTERS,Settled (Consent Judgement),BIZ,NGO,NGO,BIZ
2,09,1,9000108,1,1990-01-29,1990-01-01,US govt plaintiff,893,NA,9601,-8,-8,-8,-8,-8,NA,NA,36101,-8,-8,UNITED STATES OF AMERICA,ANDOR CHEMICAL CORP.,NA,-8,-8,-8,1991-06-10,1991-06-01,-8,NA,NA,2,17,0,-8,2,NA,NA,NA,NA,-8,-8,NA,NA,1991,1991,1990,1,NA,NA,NA,2-09-9000108-1990-01-29-1,2-09-9000108,207095,966,0.466,233434,ENVIRONMENTAL MATTERS,Judgement Issued,BIZ,FED,FED,BIZ
3,12,1,9001232,2,1990-03-27,1990-03-01,US govt defendant,893,NA,1441,-8,-8,-8,-8,-8,NA,NA,88888,-8,-8,COHANSEY AREA RIVER,STATE OF NEW JERSEY,NA,-8,-8,-8,1991-06-18,1991-06-01,-8,NA,NA,5,13,-8,0,-8,10/04/1990,10/25/1990,NA,NA,-8,-8,NA,NA,1991,1991,1990,1,NA,NA,NA,3-12-9001232-1990-03-27-1,3-12-9001232,207095,966,0.466,233434,ENVIRONMENTAL MATTERS,Settled,FED,BIZ,BIZ,STA
3,15,2,8702716,4,1990-01-26,1990-01-01,federal question,893,NA,-8,-8,-8,J,-8,-8,NA,NA,42003,-8,-8,POINT VIEW LANDMARKS ASSOCIATE,SHERMAN-WILLIAMS CO.,NA,-8,-8,-8,1990-08-15,1990-08-01,-8,NA,NA,3,13,-8,-8,-8,NA,NA,NA,NA,-8,-8,NA,NA,1991,1990,1990,1,NA,NA,NA,3-15-8702716-1990-01-26-1,3-15-8702716,207095,966,0.466,213646,ENVIRONMENTAL MATTERS,Settled,BIZ,BIZ,BIZ,BIZ
4,22,2,8900247,1,1989-03-29,1989-03-01,US govt plaintiff,893,NA,1311,-8,-8,-8,-8,0,NA,NA,51550,-8,-8,-8,"GORDON, ALLEN J.",NA,-8,-8,1,1990-10-24,1990-10-01,-8,NA,NA,8,17,2,42,1,06/21/1989,10/27/1989,11/15/1989,11/20/1989,-8,-8,NA,NA,1991,1990,1989,1,NA,NA,NA,4-22-8900247-1989-03-29-1,4-22-8900247,225307,1001,0.444,213646,ENVIRONMENTAL MATTERS,Judgement Issued,Unknown,FED,FED,BIZ
4,25,1,8901038,1,1989-09-05,1989-09-01,federal question,893,NA,-8,-8,-8,-8,-8,-8,NA,NA,54047,-8,-8,LTV STEEL CORP,THE BD CO EDUC OF MCDEOWELL,NA,-8,-8,-8,1990-07-11,1990-07-01,-8,NA,NA,2,12,-8,-8,-8,NA,NA,NA,NA,-8,-8,NA,NA,1991,1990,1989,1,NA,NA,NA,4-25-8901038-1989-09-05-1,4-25-8901038,225307,1001,0.444,213646,ENVIRONMENTAL MATTERS,Dismissed Voluntarily,BIZ,BIZ,BIZ,BIZ
7,57,2,9001145,1,1990-11-30,1990-11-01,US govt plaintiff,893,NA,-8,-8,-8,-8,-8,-8,NA,NA,55139,-8,-8,U S,WISC TISSUE MILLS INC,NA,-8,-8,-8,1991-04-26,1991-04-01,-8,NA,NA,2,5,0,-8,1,NA,NA,NA,NA,-8,-8,NA,NA,1991,1991,1990,1,NA,NA,NA,7-57-9001145-1990-11-30-1,7-57-9001145,207095,966,0.466,233434,ENVIRONMENTAL MATTERS,Settled (Consent Judgement),BIZ,FED,FED,BIZ
9,7-,4,8900052,1,1989-12-28,1989-12-01,US govt defendant,893,NA,-8,-8,-8,-8,-8,100,NA,NA,02090,-8,-8,"DOYON,LTD",US,NA,-8,-8,-8,1990-10-16,1990-10-01,-8,NA,NA,2,3,-8,-8,-8,NA,NA,NA,NA,-8,-8,NA,NA,1991,1990,1989,1,NA,NA,NA,9-7--8900052-1989-12-28-1,9-7--8900052,225307,1001,0.444,213646,ENVIRONMENTAL MATTERS,Dismissed (want of pros. or lack of juris.),FED,Unknown,BIZ,FED
10,82,1,9001197,1,1990-07-09,1990-07-01,US govt plaintiff,893,NA,7413,-8,-8,-8,-8,0,NA,NA,08001,-8,-8,USA,COLORADO REFINING CO,NA,-8,-8,-8,1990-08-27,1990-08-01,-8,NA,NA,12,13,-8,0,-8,NA,NA,NA,NA,-8,-8,NA,NA,1991,1990,1990,1,NA,NA,NA,10-82-9001197-1990-07-09-1,10-82-9001197,207095,966,0.466,213646,ENVIRONMENTAL MATTERS,Settled,BIZ,FED,FED,BIZ
10,85,4,9100076,1,1991-02-07,1991-02-01,US govt plaintiff,893,NA,-8,-8,-8,-8,-8,-8,NA,NA,40143,-8,-8,USA,GORE SIDNEY,NA,-8,-8,-8,1991-02-13,1991-02-01,-8,NA,NA,2,5,-8,-8,1,NA,NA,NA,NA,-8,-8,NA,NA,1991,1991,1991,1,NA,NA,NA,10-85-9100076-1991-02-07-1,10-85-9100076,217355,1083,0.498,233434,ENVIRONMENTAL MATTERS,Settled (Consent Judgement),Unknown,FED,FED,IND
0,90,1,8800951,1,1988-04-08,1988-04-01,US govt defendant,893,NA,-8,-8,-8,-8,-8,0,NA,NA,11001,-8,-8,NATL COAL ASSN ET AL,DOI ET AL,NA,-8,-8,-8,1991-07-19,1991-07-01,-8,NA,NA,4,6,0,0,2,06/17/1988,NA,NA,NA,-8,-8,NA,NA,1992,1991,1988,1,NA,NA,NA,0-90-8800951-1988-04-08-1,0-90-8800951,236046,868,0.368,233434,ENVIRONMENTAL MATTERS,Judgement Issued,FED,BIZ,BIZ,FED
0,90,1,9200408,1,1992-02-14,1992-02-01,US govt defendant,893,NA,1201,-8,-8,-8,-8,0,NA,NA,11001,-8,-8,"NATL. COAL ASSOC., ET AL","DOI, ET AL",NA,-8,-8,-8,1992-04-20,1992-04-01,-8,NA,NA,1,13,-8,0,-8,NA,NA,NA,NA,-8,-8,NA,NA,1992,1992,1992,1,NA,NA,NA,0-90-9200408-1992-02-14-1,0-90-9200408,227936,1262,0.554,232868,ENVIRONMENTAL MATTERS,Settled,FED,BIZ,BIZ,FED
2,05,2,9000292,1,1990-04-05,1990-04-01,federal question,893,NA,-8,-8,-8,-8,-8,0,NA,NA,09003,-8,-8,24 LEGGETT STREET LIMITED PART,"BEACON INDUSTRIES, INC.",NA,-8,-8,1,1991-07-15,1991-07-01,-8,NA,NA,3,13,-8,0,-8,NA,NA,NA,NA,-8,-8,NA,NA,1992,1991,1990,1,NA,NA,NA,2-05-9000292-1990-04-05-1,2-05-9000292,207095,966,0.466,233434,ENVIRONMENTAL MATTERS,Settled,BIZ,PUB_ORG,BIZ,BIZ
4,17,7,9000124,1,1990-09-21,1990-09-01,US govt plaintiff,893,NA,1365,-8,-8,-8,-8,0,NA,NA,37141,-8,-8,USA,"FAULKNER & SON, INC., ET AL",NA,-8,-8,-8,1991-07-17,1991-07-01,-8,NA,NA,10,5,0,0,1,NA,NA,NA,NA,-8,-8,NA,NA,1992,1991,1990,1,NA,NA,NA,4-17-9000124-1990-09-21-1,4-17-9000124,207095,966,0.466,233434,ENVIRONMENTAL MATTERS,Settled (Consent Judgement),BIZ,FED,FED,BIZ
4,20,8,9102902,1,1991-09-27,1991-09-01,US govt defendant,893,NA,-8,-8,-8,-8,-8,0,NA,NA,45073,-8,-8,"SC FOREST WATCH, ET AL","WILSON, ET AL",NA,-8,-8,-8,1992-03-13,1992-03-01,-8,NA,NA,3,12,-8,0,-8,11/25/1991,NA,NA,NA,-8,-8,NA,NA,1992,1992,1991,1,NA,NA,NA,4-20-9102902-1991-09-27-1,4-20-9102902,217355,1083,0.498,232868,ENVIRONMENTAL MATTERS,Dismissed Voluntarily,FED,NGO,NGO,FED
4,23,2,9100149,1,1991-08-26,1991-08-01,US govt plaintiff,893,NA,1271,-8,-8,-8,-8,0,NA,NA,51105,-8,-8,USA,OSBORNE R ETL,NA,-8,-8,-8,1992-01-14,1992-01-01,-8,NA,NA,5,14,-8,0,-8,NA,NA,NA,NA,-8,-8,NA,NA,1992,1992,1991,1,NA,NA,NA,4-23-9100149-1991-08-26-1,4-23-9100149,217355,1083,0.498,232868,ENVIRONMENTAL MATTERS,Dismissed (want of pros. or lack of juris.),Unknown,FED,FED,BIZ
5,38,5,9200008,1,1992-01-23,1992-01-01,US govt plaintiff,893,NA,6901,-8,-8,-8,-8,0,NA,NA,28149,-8,-8,USA,CEDAR CHEMICAL CORP.,NA,-8,-8,-8,1992-04-17,1992-04-01,-8,NA,NA,2,5,0,0,1,NA,NA,NA,NA,-8,-8,NA,NA,1992,1992,1992,1,NA,NA,NA,5-38-9200008-1992-01-23-1,5-38-9200008,227936,1262,0.554,232868,ENVIRONMENTAL MATTERS,Settled (Consent Judgement),BIZ,FED,FED,BIZ
7,52,1,9106856,1,1991-10-25,1991-10-01,federal question,893,NA,2201,-8,-8,-8,-8,0,NA,NA,17031,-8,-8,"LASALLE NATL BK, ET AL","TIGERFLEX CORP, ET AL",NA,-8,-8,-8,1992-02-14,1992-02-01,-8,NA,NA,1,13,-8,0,-8,NA,NA,NA,NA,-8,-8,NA,NA,1992,1992,1991,1,NA,NA,NA,7-52-9106856-1991-10-25-1,7-52-9106856,217355,1083,0.498,232868,ENVIRONMENTAL MATTERS,Settled,BIZ,BIZ,BIZ,BIZ
7,56,1,9100591,1,1991-05-29,1991-05-01,US govt plaintiff,893,NA,-8,-8,-8,-8,-8,0,NA,NA,88888,-8,-8,USA,ALUM CO OF AMERICA,NA,-8,-8,-8,1991-07-06,1991-07-01,-8,NA,NA,2,13,-8,0,-8,NA,NA,NA,NA,-8,-8,NA,NA,1992,1991,1991,1,NA,NA,NA,7-56-9100591-1991-05-29-1,7-56-9100591,217355,1083,0.498,233434,ENVIRONMENTAL MATTERS,Settled,BIZ,FED,FED,BIZ
8,64,3,9000747,1,1990-12-18,1990-12-01,US govt defendant,893,NA,6901,-8,-8,-8,-8,0,NA,NA,27053,-8,-8,"GOLDEN, ET AL","NL INDUSTRIES INC, ET AL",NA,-8,-8,-8,1991-12-03,1991-12-01,-8,NA,NA,3,12,-8,0,-8,02/21/1991,NA,NA,NA,-8,-8,NA,NA,1992,1991,1990,1,NA,NA,NA,8-64-9000747-1990-12-18-1,8-64-9000747,207095,966,0.466,233434,ENVIRONMENTAL MATTERS,Dismissed Voluntarily,FED,Unknown,FED,BIZ
9,72,2,9000802,1,1990-06-22,1990-06-01,federal question,893,NA,6901,-8,-8,-8,-8,0,NA,NA,99999,-8,-8,"PRUDENTIAL INSURANCE, ET AL","LAKESIDE NON-FERROUS, ET AL",NA,-8,-8,-8,1991-10-21,1991-10-01,-8,NA,NA,3,13,-8,0,-8,05/29/1991,NA,NA,NA,-8,-8,NA,NA,1992,1991,1990,1,NA,NA,NA,9-72-9000802-1990-06-22-1,9-72-9000802,207095,966,0.466,233434,ENVIRONMENTAL MATTERS,Settled,Unknown,BIZ,BIZ,BIZ
9,79,6,8806600,1,1988-12-22,1988-12-01,federal question,893,NA,9607,-8,-8,-8,-8,0,NA,NA,41039,-8,-8,THE CUTLER CORP.,"PAUL D. LOEPP, ET AL",NA,-8,-8,-8,1992-07-29,1992-07-01,-8,NA,NA,5,13,-8,0,-8,NA,07/01/1992,NA,NA,-8,-8,NA,NA,1992,1992,1988,1,NA,NA,NA,9-79-8806600-1988-12-22-1,9-79-8806600,236046,868,0.368,232868,ENVIRONMENTAL MATTERS,Settled,Unknown,BIZ,BIZ,IND
9,81,2,9000985,1,1990-07-17,1990-07-01,US govt defendant,893,NA,0701,-8,-8,-8,-8,0,NA,NA,53033,-8,-8,"FRIENDS OF BOEING CR, ET AL","LUJAN, ET AL",NA,-8,-8,-8,1991-11-06,1991-11-01,-8,NA,NA,10,13,-8,0,-8,09/28/1990,NA,NA,NA,-8,-8,NA,NA,1992,1991,1990,1,NA,NA,NA,9-81-9000985-1990-07-17-1,9-81-9000985,207095,966,0.466,233434,ENVIRONMENTAL MATTERS,Settled,FED,NGO,NGO,FED
10,88,2,9100029,1,1991-01-09,1991-01-01,federal question,893,NA,9607,-8,-8,-8,-8,100,NA,NA,49035,-8,-8,"JOHNSON, ET AL","MATERIALS RECYCLING, ET AL",NA,-8,-8,-8,1992-08-17,1992-08-01,-8,NA,NA,4,13,-8,0,-8,12/19/1991,NA,NA,NA,-8,-8,NA,NA,1992,1992,1991,1,NA,NA,NA,10-88-9100029-1991-01-09-1,10-88-9100029,217355,1083,0.498,232868,ENVIRONMENTAL MATTERS,Settled,BIZ,Unknown,FED,BIZ
11,3E,1,9002559,1,1990-11-15,1990-11-01,federal question,893,NA,9601,-8,-8,-8,-8,0,NA,NA,13135,-8,-8,FIRST REPUBLIC CO,"RUAN LEASING COMPANY, ET AL",NA,-8,-8,-8,1992-07-09,1992-07-01,-8,NA,NA,3,13,-8,0,-8,12/10/1991,NA,NA,NA,-8,-8,NA,NA,1992,1992,1990,1,NA,NA,NA,11-3E-9002559-1990-11-15-1,11-3E-9002559,207095,966,0.466,232868,ENVIRONMENTAL MATTERS,Settled,BIZ,NGO,NGO,BIZ
3,11,1,9000229,1,1990-05-14,1990-05-01,federal question,893,NA,9613,-8,-8,-8,-8,0,NA,NA,10003,-8,-8,PLAYTEX FAMILY PRODUCTS,RAPID-AMERICAN CORPORATION,NA,-8,-8,-8,1993-08-20,1993-08-01,-8,NA,NA,4,13,-8,0,-8,NA,NA,NA,NA,-8,-8,NA,NA,1993,1993,1990,1,NA,NA,NA,3-11-9000229-1990-05-14-1,3-11-9000229,207095,966,0.466,229952,ENVIRONMENTAL MATTERS,Settled,BIZ,BIZ,BIZ,BIZ
4,20,2,9100794,1,1991-03-21,1991-03-01,federal question,893,NA,-8,-8,-8,-8,-8,0,NA,NA,45019,-8,-8,"COMMERCIAL REALTY, ET AL",BEAZER EAST INC,NA,-8,-8,-8,1993-08-30,1993-08-01,-8,NA,NA,9,13,-8,0,-8,NA,NA,NA,03/03/1993,-8,-8,NA,NA,1993,1993,1991,1,NA,NA,NA,4-20-9100794-1991-03-21-1,4-20-9100794,217355,1083,0.498,229952,ENVIRONMENTAL MATTERS,Settled,BIZ,BIZ,BIZ,BIZ
9,75,1,9000588,1,1990-08-01,1990-08-01,US govt defendant,893,NA,4321,-8,-8,-8,-8,0,NA,NA,88888,-8,-8,GREENPEACE USA ETAL,STONE,NA,-8,-8,-8,1993-06-02,1993-06-01,-8,NA,NA,3,12,-8,0,-8,10/01/1990,NA,NA,NA,-8,-8,NA,NA,1993,1993,1990,1,NA,NA,NA,9-75-9000588-1990-08-01-1,9-75-9000588,207095,966,0.466,229952,ENVIRONMENTAL MATTERS,Dismissed Voluntarily,FED,FED,NGO,BIZ
9,79,3,9300293,1,1993-03-10,1993-03-01,US govt defendant,893,NA,1538,-8,-8,-8,-8,0,NA,NA,41051,-8,-8,"ONRC, ET AL","DEPT COMMERCE, ET AL",NA,-8,-8,-8,1993-06-08,1993-06-01,-8,NA,NA,2,13,-8,0,-8,NA,NA,NA,NA,-8,-8,NA,NA,1993,1993,1993,1,NA,NA,NA,9-79-9300293-1993-03-10-1,9-79-9300293,228054,1001,0.439,229952,ENVIRONMENTAL MATTERS,Settled,FED,Unknown,NGO,FED
4,24,5,9200058,1,1992-03-18,1992-03-01,US govt plaintiff,893,NA,-8,-8,-8,-8,-8,0,NA,NA,54069,-8,-8,USA,KLAUMT,NA,-8,-8,-8,1993-03-17,1993-03-01,-8,NA,NA,4,13,-8,0,-8,NA,NA,NA,NA,-8,-8,NA,NA,1993,1993,1992,1,NA,NA,NA,4-24-9200058-1992-03-18-1,4-24-9200058,227936,1262,0.554,229952,ENVIRONMENTAL MATTERS,Settled,Unknown,FED,FED,IND
6,45,4,9140320,1,1991-07-12,1991-07-01,US govt plaintiff,893,NA,-8,-8,-8,-8,-8,0,NA,NA,26087,-8,-8,USA,"BASF-INMONT CORP., ET AL",NA,-8,-8,-8,1993-03-17,1993-03-01,-8,NA,NA,2,5,4,0,1,NA,NA,NA,NA,-8,-8,NA,NA,1993,1993,1991,1,NA,NA,NA,6-45-9140320-1991-07-12-1,6-45-9140320,217355,1083,0.498,229952,ENVIRONMENTAL MATTERS,Settled (Consent Judgement),BIZ,FED,FED,BIZ
6,46,1,9000209,1,1990-03-07,1990-03-01,US govt plaintiff,893,NA,-8,-8,-8,-8,-8,0,NA,NA,99999,-8,-8,USA,RELIABLE EQUIP CORP,NA,-8,-8,-8,1993-03-23,1993-03-01,-8,NA,NA,5,13,-8,0,-8,NA,03/01/1991,NA,NA,-8,-8,NA,NA,1993,1993,1990,1,NA,NA,NA,6-46-9000209-1990-03-07-1,6-46-9000209,207095,966,0.466,229952,ENVIRONMENTAL MATTERS,Settled,BIZ,FED,FED,BIZ
5,36,6,9102100,1,1991-09-26,1991-09-01,US govt plaintiff,893,NA,:131,9,-8,-8,-8,0,NA,NA,22039,-8,-8,U S A,UNION TANK CAR INC,NA,-8,-8,-8,1993-02-25,1993-02-01,-8,NA,NA,5,13,-8,0,-8,12/04/1991,02/10/1993,NA,NA,-8,-8,NA,NA,1993,1993,1991,1,NA,NA,NA,5-36-9102100-1991-09-26-1,5-36-9102100,217355,1083,0.498,229952,ENVIRONMENTAL MATTERS,Settled,BIZ,FED,FED,BIZ
9,73,2,9100272,1,1991-01-16,1991-01-01,federal question,893,NA,6901,-8,-8,-8,-8,0,NA,NA,06037,-8,-8,COMBINED PROPERTIES,"KECHICHIAN, ET AL",NA,-8,-8,-8,1993-02-22,1993-02-01,-8,NA,NA,4,6,3,0,1,02/07/1991,NA,NA,NA,-8,-8,NA,NA,1993,1993,1991,1,NA,NA,NA,9-73-9100272-1991-01-16-1,9-73-9100272,217355,1083,0.498,229952,ENVIRONMENTAL MATTERS,Judgement Issued,Unknown,BIZ,BIZ,IND
9,7-,3,9100567,2,1991-11-21,1991-11-01,federal question,893,NA,-8,-8,-8,-8,-8,0,NA,NA,02020,-8,-8,NATL WILDLIFE FED,EXXON CORP,NA,-8,-8,-8,1993-01-21,1993-01-01,-8,NA,NA,3,14,-8,0,-8,NA,NA,NA,NA,-8,-8,NA,NA,1993,1993,1991,1,NA,NA,NA,9-7--9100567-1991-11-21-1,9-7--9100567,217355,1083,0.498,229952,ENVIRONMENTAL MATTERS,Dismissed (want of pros. or lack of juris.),BIZ,NGO,NGO,BIZ
3,15,2,9001788,1,1990-10-29,1990-10-01,US govt plaintiff,893,NA,1319,-8,-8,-8,-8,0,NA,NA,42125,-8,-8,USA,WHEELING PGH STEEL CORPORATION,NA,-8,-8,-8,1992-11-09,1992-11-01,-8,NA,NA,3,13,-8,0,-8,NA,NA,NA,NA,-8,-8,NA,NA,1993,1992,1990,1,NA,NA,NA,3-15-9001788-1990-10-29-1,3-15-9001788,207095,966,0.466,232868,ENVIRONMENTAL MATTERS,Settled,BIZ,FED,FED,BIZ
0,90,1,9400843,1,1994-04-15,1994-04-01,US govt defendant,893,NA,0706,-8,-8,-8,-8,0,NA,NA,88888,-8,-8,"BIODIVERSITY LEGAL, ET AL","BABBITT, ET AL",NA,-8,-8,-8,1994-07-06,1994-07-01,-8,NA,NA,1,12,-8,0,-8,NA,NA,NA,NA,-8,-8,NA,NA,1994,1994,1994,1,NA,NA,NA,0-90-9400843-1994-04-15-1,0-90-9400843,234627,1144,0.488,226486,ENVIRONMENTAL MATTERS,Dismissed Voluntarily,FED,NGO,NGO,FED
2,09,1,9300420,1,1993-05-17,1993-05-01,federal question,893,NA,1319,-8,-8,-8,-8,0,NA,NA,36067,-8,-8,ATLANTIC STATES,"SHUR-LINE, INC.,",NA,-8,-8,-8,1994-03-09,1994-03-01,-8,NA,NA,5,13,-8,0,-8,NA,07/30/1993,NA,NA,-8,-8,NA,NA,1994,1994,1993,1,NA,NA,NA,2-09-9300420-1993-05-17-1,2-09-9300420,228054,1001,0.439,226486,ENVIRONMENTAL MATTERS,Settled,BIZ,STA,NGO,BIZ
2,09,6,9106031,1,1991-01-22,1991-01-01,federal question,893,NA,136,5,-8,-8,-8,4150,NA,NA,36121,-8,-8,CONCERNED AREA RESIDENTS,SOUTHVIEW FARMS,NA,-8,-8,-8,1993-10-19,1993-10-01,-8,NA,NA,9,9,2,4,1,NA,04/15/1993,04/26/1993,05/19/1993,-8,-8,NA,NA,1994,1993,1991,1,NA,NA,NA,2-09-9106031-1991-01-22-1,2-09-9106031,217355,1083,0.498,229952,ENVIRONMENTAL MATTERS,Judgement Issued,BIZ,BIZ,BIZ,BIZ
3,12,2,8901326,1,1989-03-29,1989-03-01,federal question,893,NA,-8,-8,-8,P,-8,0,NA,NA,34039,-8,-8,"HAYWARD INDUSTRIES, INC.,","COLE INDUSTRIES, INC.,",NA,-8,-8,-8,1994-08-30,1994-08-01,-8,NA,NA,5,13,-8,0,-8,10/04/1993,10/26/1993,NA,NA,-8,-8,NA,NA,1994,1994,1989,1,NA,NA,NA,3-12-8901326-1989-03-29-1,3-12-8901326,225307,1001,0.444,226486,ENVIRONMENTAL MATTERS,Settled,BIZ,BIZ,BIZ,BIZ
4,20,2,8900455,1,1989-02-28,1989-02-01,federal question,893,NA,9601,-8,-8,-8,-8,0,NA,NA,45019,-8,-8,"BRASWELL SHIPYARDS, INCORPORAT","KOPPERS COMPANY, INCORPORATED",NA,-8,-8,1,1994-09-09,1994-09-01,-8,NA,NA,5,13,-8,0,-8,NA,05/16/1994,NA,NA,-8,-8,NA,NA,1994,1994,1989,1,NA,NA,NA,4-20-8900455-1989-02-28-1,4-20-8900455,225307,1001,0.444,226486,ENVIRONMENTAL MATTERS,Settled,BIZ,BIZ,BIZ,BIZ
5,39,4,9300229,1,1993-04-02,1993-04-01,federal question,893,NA,9607,00,-8,P,-8,0,NA,NA,48113,-8,-8,GUARANTY FEDERAL BK,FISHBURN ORIENTAL DY,NA,-8,-8,-8,1994-06-02,1994-06-01,-8,NA,NA,10,14,-8,0,-8,NA,NA,NA,NA,-8,-8,NA,NA,1994,1994,1993,1,NA,NA,NA,5-39-9300229-1993-04-02-1,5-39-9300229,228054,1001,0.439,226486,ENVIRONMENTAL MATTERS,Dismissed (want of pros. or lack of juris.),Unknown,BIZ,BIZ,BIZ
5,41,4,9100955,1,1991-04-10,1991-04-01,US govt plaintiff,893,NA,9607,-8,-8,-8,-8,0,NA,NA,48201,-8,-8,USA,LYNN,NA,-8,-8,-8,1993-10-13,1993-10-01,-8,NA,NA,10,14,-8,0,-8,NA,NA,NA,NA,-8,-8,NA,NA,1994,1993,1991,1,NA,NA,NA,5-41-9100955-1991-04-10-1,5-41-9100955,217355,1083,0.498,229952,ENVIRONMENTAL MATTERS,Dismissed (want of pros. or lack of juris.),Unknown,FED,FED,IND
7,54,5,8905029,4,1994-06-16,1994-06-01,federal question,893,NA,6901,-8,-8,-8,-8,0,NA,NA,17119,-8,-8,SIDNEY S ARST CO,"UA, ET AL",NA,-8,-8,-8,1994-09-30,1994-09-01,-8,NA,NA,9,7,1,915,2,NA,NA,NA,02/14/1992,-8,-8,NA,NA,1994,1994,1994,1,NA,NA,NA,7-54-8905029-1994-06-16-1,7-54-8905029,234627,1144,0.488,226486,ENVIRONMENTAL MATTERS,Judgement Issued,Unknown,Unknown,BIZ,OTHER
8,65,4,8900361,1,1989-03-01,1989-03-01,US govt plaintiff,893,NA,6973,-8,-8,N,-8,0,NA,NA,29189,-8,-8,USA (SO. CROSS LUMBER),RUSSELL MARTIN BLISS,NA,-8,-8,-8,1993-12-06,1993-12-01,-8,NA,NA,2,5,2,9999,1,NA,NA,NA,NA,-8,-8,NA,NA,1994,1993,1989,1,NA,NA,NA,8-65-8900361-1989-03-01-1,8-65-8900361,225307,1001,0.444,229952,ENVIRONMENTAL MATTERS,Settled (Consent Judgement),Unknown,FED,FED,BIZ
9,7-,1,9300010,1,1993-06-21,1993-06-01,US govt defendant,893,NA,-8,-8,-8,-8,-8,0,NA,NA,02220,-8,-8,ALASKA PULP CORP,"USA, SEC OF AGRI",NA,-8,-8,-8,1994-05-09,1994-05-01,-8,NA,NA,1,12,-8,0,-8,NA,NA,NA,NA,-8,-8,NA,NA,1994,1994,1993,1,NA,NA,NA,9-7--9300010-1993-06-21-1,9-7--9300010,228054,1001,0.439,226486,ENVIRONMENTAL MATTERS,Dismissed Voluntarily,FED,BIZ,BIZ,FED
9,72,2,9300485,1,1993-03-23,1993-03-01,federal question,893,NA,9607,-8,-8,-8,-8,0,NA,NA,06059,-8,-8,GOLD RIVER BUS PARK,SERVPRO INDUSTRIES,NA,-8,-8,-8,1994-02-23,1994-02-01,-8,NA,NA,3,13,-8,0,-8,06/07/1993,NA,NA,NA,-8,-8,NA,NA,1994,1994,1993,1,NA,NA,NA,9-72-9300485-1993-03-23-1,9-72-9300485,228054,1001,0.439,226486,ENVIRONMENTAL MATTERS,Settled,BIZ,FED,BIZ,BIZ
9,73,8,9400446,1,1994-05-10,1994-05-01,federal question,893,NA,6901,-8,-8,-8,-8,0,NA,NA,06075,-8,-8,CITIZENS BETTER,SHERWOOD SHUTTER COR,NA,-8,-8,-8,1994-07-02,1994-07-01,-8,NA,NA,2,13,-8,0,-8,NA,NA,NA,NA,-8,-8,NA,NA,1994,1994,1994,1,NA,NA,NA,9-73-9400446-1994-05-10-1,9-73-9400446,234627,1144,0.488,226486,ENVIRONMENTAL MATTERS,Settled,BIZ,NGO,NGO,BIZ
9,81,3,9105143,4,1991-04-03,1991-04-01,federal question,893,NA,1365,00,-8,N,-8,0,NA,NA,53011,-8,-8,WASHPIRG,PENDLETON WOOLEN MIL,NA,-8,-8,-8,1994-09-02,1994-09-01,-8,NA,NA,3,13,-8,0,-8,NA,NA,NA,NA,-8,-8,NA,NA,1994,1994,1991,1,NA,NA,NA,9-81-9105143-1991-04-03-2,9-81-9105143,217355,1083,0.498,226486,ENVIRONMENTAL MATTERS,Settled,Unknown,NGO,NGO,BIZ
9,81,3,9305356,2,1993-07-07,1993-07-01,US govt defendant,893,NA,1441,00,-8,-8,-8,0,NA,NA,53035,-8,-8,FORT WARD PARTNERS,USA,NA,-8,-8,-8,1993-12-15,1993-12-01,-8,NA,NA,4,6,0,0,2,NA,NA,NA,NA,-8,-8,NA,NA,1994,1993,1993,1,NA,NA,NA,9-81-9305356-1993-07-07-1,9-81-9305356,228054,1001,0.439,229952,ENVIRONMENTAL MATTERS,Judgement Issued,FED,BIZ,BIZ,FED
1,01,1,9510054,1,1995-01-10,1995-01-01,US govt plaintiff,893,NA,1365,-8,-8,-8,-8,0,NA,NA,25025,-8,-8,USA,"BORDEN, INC.",NA,-8,-8,-8,1995-03-24,1995-03-01,-8,NA,NA,1,5,0,0,3,NA,NA,NA,NA,-8,-8,NA,NA,1995,1995,1995,1,NA,NA,NA,1-01-9510054-1995-01-10-1,1-01-9510054,254507,1068,0.42,233482,ENVIRONMENTAL MATTERS,Settled (Consent Judgement),BIZ,FED,FED,BIZ
1,02,1,9000231,4,1994-12-29,1994-12-01,federal question,893,NA,9607,-8,-8,-8,-8,0,NA,NA,33011,-8,-8,EASTERN MTN SPORTS,"NH BALL BEARINGS, ET AL",NA,-8,-8,-8,1995-01-30,1995-01-01,-8,NA,NA,5,5,0,0,3,NA,NA,NA,NA,-8,-8,NA,NA,1995,1995,1994,1,NA,NA,NA,1-02-9000231-1994-12-29-1,1-02-9000231,234627,1144,0.488,233482,ENVIRONMENTAL MATTERS,Settled (Consent Judgement),Unknown,Unknown,BIZ,BIZ
4,20,2,9402764,1,1994-10-12,1994-10-01,US govt plaintiff,893,NA,1319,-8,-8,-8,-8,4,NA,NA,45035,-8,-8,USA,ALEXANDER,NA,-8,-8,-8,1994-10-25,1994-10-01,-8,NA,NA,2,5,1,4,1,NA,NA,NA,NA,-8,-8,NA,NA,1995,1994,1994,1,NA,NA,NA,4-20-9402764-1994-10-12-1,4-20-9402764,234627,1144,0.488,226486,ENVIRONMENTAL MATTERS,Settled (Consent Judgement),Unknown,FED,FED,IND
6,47,1,9501073,1,1995-05-15,1995-05-01,US govt plaintiff,893,NA,7413,-8,-8,-8,-8,0,NA,NA,39035,-8,-8,USA,"KANTER, ET AL",NA,-8,-8,-8,1995-05-24,1995-05-01,-8,NA,NA,2,5,2,5,1,NA,NA,NA,NA,-8,-8,NA,NA,1995,1995,1995,1,NA,NA,NA,6-47-9501073-1995-05-15-1,6-47-9501073,254507,1068,0.42,233482,ENVIRONMENTAL MATTERS,Settled (Consent Judgement),Unknown,FED,FED,IND
6,49,3,9300272,1,1993-05-10,1993-05-01,federal question,893,NA,6901,-8,-8,-8,-8,1000,NA,NA,47093,-8,-8,PLASTI-LINE INC,DART INDURS INC,NA,-8,-8,-8,1994-10-20,1994-10-01,-8,NA,NA,3,12,-8,0,-8,06/23/1993,NA,NA,NA,-8,-8,NA,NA,1995,1994,1993,1,NA,NA,NA,6-49-9300272-1993-05-10-1,6-49-9300272,228054,1001,0.439,226486,ENVIRONMENTAL MATTERS,Dismissed Voluntarily,BIZ,BIZ,BIZ,BIZ
9,70,2,9402483,1,1994-12-09,1994-12-01,federal question,893,NA,1986,-8,-8,-8,-8,0,NA,NA,04019,-8,-8,DON'T WASTE ARIZONA,ABS METALLURGICAL,NA,-8,-8,-8,1994-12-14,1994-12-01,-8,NA,NA,12,5,2,15,1,NA,NA,NA,NA,-8,-8,NA,NA,1995,1994,1994,1,NA,NA,NA,9-70-9402483-1994-12-09-1,9-70-9402483,234627,1144,0.488,226486,ENVIRONMENTAL MATTERS,Settled (Consent Judgement),BIZ,BIZ,NGO,BIZ
9,71,3,9400563,1,1994-02-17,1994-02-01,US govt defendant,893,NA,1365,-8,-8,-8,-8,0,NA,NA,06075,-8,-8,CALIFORNIA TROUT,US FOREST SERVICE,NA,-8,-8,-8,1994-11-09,1994-11-01,-8,NA,NA,3,13,-8,0,-8,04/18/1994,NA,NA,NA,-8,-8,NA,NA,1995,1994,1994,1,NA,NA,NA,9-71-9400563-1994-02-17-1,9-71-9400563,234627,1144,0.488,226486,ENVIRONMENTAL MATTERS,Settled,FED,Unknown,NGO,FED
9,72,1,9305374,5,1993-06-10,1993-06-01,federal question,893,NA,4332,-8,-8,-8,-8,0,NA,NA,06107,-8,-8,"TULARE COUNTY AUDUB, ET AL","ESPY, ET AL",NA,-8,-8,-8,1995-06-23,1995-06-01,-8,NA,NA,10,14,-8,0,-8,06/29/1993,NA,NA,NA,-8,-8,NA,NA,1995,1995,1993,1,NA,NA,NA,9-72-9305374-1993-06-10-1,9-72-9305374,228054,1001,0.439,233482,ENVIRONMENTAL MATTERS,Dismissed (want of pros. or lack of juris.),FED,LOC,NGO,FED
9,80,2,9100154,1,1991-04-16,1991-04-01,US govt defendant,893,NA,2674,-8,-8,-8,-8,0,NA,NA,88888,-8,-8,IOTECH INC,UNITED STATES OF AME,NA,-8,-8,-8,1995-04-24,1995-04-01,-8,NA,NA,2,13,-8,0,-8,NA,NA,NA,NA,-8,-8,NA,NA,1995,1995,1991,1,NA,NA,NA,9-80-9100154-1991-04-16-1,9-80-9100154,217355,1083,0.498,233482,ENVIRONMENTAL MATTERS,Settled,FED,BIZ,BIZ,FED
10,82,1,9402081,1,1994-09-08,1994-09-01,federal question,893,NA,1365,-8,-8,-8,-8,0,NA,NA,08013,-8,-8,C&M CONCRETE CO INC,AMERICAN PRIDE CO-OP,NA,-8,-8,-8,1995-02-03,1995-02-01,-8,NA,NA,4,13,-8,0,-8,12/30/1994,NA,NA,NA,-8,-8,NA,NA,1995,1995,1994,1,NA,NA,NA,10-82-9402081-1994-09-08-1,10-82-9402081,234627,1144,0.488,233482,ENVIRONMENTAL MATTERS,Settled,BIZ,BIZ,BIZ,BIZ
5,3L,2,8900807,-8,1995-10-24,1995-10-01,US govt plaintiff,893,NA,1331,-8,-8,-8,-8,0,NA,NA,22051,-8,-8,"U S. A, ET AL","CHERAMIE, ET AL",NA,-8,-8,-8,1996-05-31,1996-05-01,-8,NA,NA,4,13,-8,0,-8,05/19/1989,NA,NA,NA,-8,2,NA,NA,1996,1996,1995,1,NA,NA,NA,5-3L-8900807-1995-10-24-1,5-3L-8900807,254507,1068,0.42,253277,ENVIRONMENTAL MATTERS,Settled,Unknown,FED,FED,IND
5,39,4,9600226,1,1996-03-25,1996-03-01,US govt plaintiff,893,NA,6901,-8,-8,-8,-8,0,NA,NA,48113,-8,-8,"USA, ET AL","MOTOROLA, INC, ET AL",NA,3,9600844,1,1996-07-12,1996-07-01,-8,NA,NA,12,5,1,2460,1,NA,NA,NA,NA,-8,0,NA,NA,1996,1996,1996,1,NA,NA,NA,5-39-9600226-1996-03-25-1,5-39-9600226,261357,1096,0.419,253277,ENVIRONMENTAL MATTERS,Settled (Consent Judgement),BIZ,FED,FED,BIZ
9,70,2,9401642,3,1994-08-10,1994-08-01,US govt defendant,893,NA,4332,-8,-8,-8,-8,0,NA,NA,88888,-8,-8,"FOREST CONSERVATION, ET AL",US FOREST SERVICE,NA,-8,-8,-8,1995-12-28,1995-12-01,-8,NA,NA,4,12,-8,0,-8,NA,NA,NA,NA,-8,0,NA,NA,1996,1995,1994,1,NA,NA,NA,9-70-9401642-1994-08-10-2,9-70-9401642,234627,1144,0.488,233482,ENVIRONMENTAL MATTERS,Dismissed Voluntarily,FED,BIZ,NGO,FED
9,70,2,9502469,1,1995-11-13,1995-11-01,federal question,893,NA,1365,-8,-8,-8,-8,0,NA,NA,04013,-8,-8,DON'T WASTE ARIZONA,PHX HEAT TREATING,NA,-8,-8,-8,1996-03-18,1996-03-01,-8,NA,NA,2,5,0,0,1,NA,NA,NA,NA,-8,0,NA,NA,1996,1996,1995,1,NA,NA,NA,9-70-9502469-1995-11-13-1,9-70-9502469,254507,1068,0.42,253277,ENVIRONMENTAL MATTERS,Settled (Consent Judgement),Unknown,BIZ,NGO,BIZ
9,73,2,9602205,1,1996-03-28,1996-03-01,US govt plaintiff,893,NA,1365,-8,-8,-8,-8,25,NA,NA,06037,-8,-8,"USA, ET AL",HAWKER PACIFIC INC,NA,-8,-8,-8,1996-04-02,1996-04-01,-8,NA,NA,2,5,2,60,1,NA,NA,NA,NA,-8,0,NA,NA,1996,1996,1996,1,NA,NA,NA,9-73-9602205-1996-03-28-1,9-73-9602205,261357,1096,0.419,253277,ENVIRONMENTAL MATTERS,Settled (Consent Judgement),BIZ,FED,FED,BIZ
11,29,3,9230393,1,1992-10-16,1992-10-01,federal question,893,NA,9607,-8,-8,-8,-8,0,NA,NA,12033,-8,-8,REICHHOLD CHEMICALS,"TEXTRON INC, ET AL",NA,-8,-8,-8,1996-09-19,1996-09-01,-8,NA,NA,10,13,-8,0,-8,NA,NA,NA,NA,-8,0,NA,NA,1996,1996,1992,1,NA,NA,NA,11-29-9230393-1992-10-16-1,11-29-9230393,227936,1262,0.554,253277,ENVIRONMENTAL MATTERS,Settled,BIZ,BIZ,BIZ,BIZ
11,29,5,9450028,1,1994-01-27,1994-01-01,US govt plaintiff,893,NA,1319,-8,-8,-8,-8,0,NA,NA,12005,-8,-8,UNITED STATES,"CITY OF LYNN HAVEN, ET AL",NA,-8,-8,-8,1996-08-14,1996-08-01,-8,NA,NA,2,13,-8,0,-8,NA,NA,NA,NA,-8,0,NA,NA,1996,1996,1994,1,NA,NA,NA,11-29-9450028-1994-01-27-1,11-29-9450028,234627,1144,0.488,253277,ENVIRONMENTAL MATTERS,Settled,LOC,FED,FED,LOC
9,7-,3,9500068,1,1995-02-27,1995-02-01,federal question,893,NA,-8,-8,-8,-8,-8,0,NA,NA,02020,-8,-8,GREENPEACE,SHELL WESTERN,NA,-8,-8,-8,1995-11-06,1995-11-01,-8,NA,NA,2,17,-8,0,-8,NA,NA,NA,NA,-8,-8,NA,NA,1996,1995,1995,1,NA,NA,NA,9-7--9500068-1995-02-27-1,9-7--9500068,254507,1068,0.42,233482,ENVIRONMENTAL MATTERS,Judgement Issued,Unknown,NGO,NGO,BIZ
4,16,1,9302859,1,1993-09-30,1993-09-01,US govt plaintiff,893,NA,9607,-8,-8,-8,-8,0,NA,NA,24510,-8,-8,USA,"DWC TRUST HOLDING, ET AL",NA,-8,-8,-8,1997-09-23,1997-09-01,-8,NA,NA,5,6,0,0,2,02/14/1994,03/22/1995,NA,NA,-8,0,NA,NA,1997,1997,1993,1,NA,NA,NA,4-16-9302859-1993-09-30-1,4-16-9302859,228054,1001,0.439,248214,ENVIRONMENTAL MATTERS,Judgement Issued,Unknown,FED,FED,BIZ
5,42,7,9600019,1,1996-02-13,1996-02-01,US govt defendant,893,NA,1365,-8,-8,-8,-8,0,NA,NA,88888,-8,-8,SIERRA CLUB,"BABBITT, ET AL",NA,-8,-8,-8,1997-04-04,1997-04-01,-8,NA,NA,4,6,6,0,3,05/20/1996,NA,NA,NA,-8,0,NA,NA,1997,1997,1996,1,NA,NA,NA,5-42-9600019-1996-02-13-1,5-42-9600019,261357,1096,0.419,248214,ENVIRONMENTAL MATTERS,Judgement Issued,FED,NGO,NGO,FED
7,52,1,9607271,1,1996-11-06,1996-11-01,federal question,893,NA,4321,-8,-8,-8,-8,0,NA,NA,17031,-8,-8,CITIZENS BETTER ENV,CHIAPPETTI WHOLESALE,NA,-8,-8,-8,1996-11-13,1996-11-01,-8,NA,NA,2,5,0,0,3,NA,NA,NA,NA,-8,0,NA,NA,1997,1996,1996,1,NA,NA,NA,7-52-9607271-1996-11-06-1,7-52-9607271,261357,1096,0.419,253277,ENVIRONMENTAL MATTERS,Settled (Consent Judgement),Unknown,NGO,NGO,BIZ
9,71,3,9604071,1,1996-11-12,1996-11-01,US govt defendant,893,NA,1365,-8,-8,-8,-8,0,NA,NA,06075,-8,-8,PRESIDIO GOLF CLUB,NATIONAL PARK SERVICE,NA,-8,-8,-8,1997-07-31,1997-07-01,-8,NA,NA,4,6,0,0,2,01/10/1997,NA,NA,NA,-8,0,NA,NA,1997,1997,1996,1,NA,NA,NA,9-71-9604071-1996-11-12-1,9-71-9604071,261357,1096,0.419,248214,ENVIRONMENTAL MATTERS,Judgement Issued,FED,Unknown,BIZ,FED
9,72,1,9605879,1,1996-07-23,1996-07-01,federal question,893,NA,1331,-8,-8,-8,-8,0,NA,NA,06019,-8,-8,ATCHISON TOPEKA,"HERCULES INC, ET AL",NA,-8,-8,-8,1997-05-23,1997-05-01,-8,NA,NA,2,14,-8,0,-8,NA,NA,NA,NA,-8,0,NA,NA,1997,1997,1996,1,NA,NA,NA,9-72-9605879-1996-07-23-1,9-72-9605879,261357,1096,0.419,248214,ENVIRONMENTAL MATTERS,Dismissed (want of pros. or lack of juris.),BIZ,Unknown,BIZ,BIZ
9,73,2,9700361,1,1997-01-17,1997-01-01,US govt plaintiff,893,NA,1365,-8,-8,-8,-8,25,NA,NA,06037,-8,-8,"USA, ET AL",ARCO PIPE LINE CO,NA,-8,-8,-8,1997-03-18,1997-03-01,-8,NA,NA,2,5,1,8,1,NA,NA,NA,NA,-8,0,NA,NA,1997,1997,1997,1,NA,NA,NA,9-73-9700361-1997-01-17-1,9-73-9700361,273848,933,0.341,248214,ENVIRONMENTAL MATTERS,Settled (Consent Judgement),BIZ,FED,FED,BIZ
9,79,6,9406403,1,1994-10-06,1994-10-01,US govt defendant,893,NA,1538,-8,-8,-8,-8,0,NA,NA,41015,-8,-8,"CLR TIMBER HOLDINGS, ET AL","BABBITT, ET AL",NA,-8,-8,-8,1996-10-18,1996-10-01,-8,NA,NA,4,12,-8,0,-8,11/06/1995,NA,NA,NA,-8,0,NA,NA,1997,1996,1994,1,NA,NA,NA,9-79-9406403-1994-10-06-1,9-79-9406403,234627,1144,0.488,253277,ENVIRONMENTAL MATTERS,Dismissed Voluntarily,FED,Unknown,BIZ,FED
11,29,3,8830365,1,1988-10-28,1988-10-01,federal question,893,NA,4332,-8,-8,-8,-8,750,NA,NA,12033,-8,-8,"WAYNE-DALTON CORP, ET AL","CELOTEX CORPORATION, ET AL",NA,-8,-8,-8,1996-10-08,1996-10-01,-8,NA,NA,10,13,-8,0,-8,NA,NA,NA,NA,-8,0,NA,NA,1997,1996,1988,1,NA,NA,NA,11-29-8830365-1988-10-28-1,11-29-8830365,236046,868,0.368,253277,ENVIRONMENTAL MATTERS,Settled,BIZ,BIZ,BIZ,BIZ
0,90,1,9600436,1,1996-03-07,1996-03-01,federal question,893,NA,7604,-8,-8,-8,-8,0,NA,NA,88888,-8,-8,SIERRA CLUB,BROWNER,NA,-8,-8,-8,1998-05-07,1998-05-01,-8,NA,NA,2,13,-8,0,-8,NA,NA,NA,NA,-8,-8,NA,NA,1998,1998,1996,1,NA,NA,NA,0-90-9600436-1996-03-07-1,0-90-9600436,261357,1096,0.419,270331,ENVIRONMENTAL MATTERS,Settled,FED,NGO,NGO,FED
1,01,1,9711601,1,1997-07-18,1997-07-01,federal question,893,NA,1332,-8,-8,-8,-8,75,NA,NA,88888,-8,-8,"WILLIAM ZINSSER & CO, ET AL","MOG ACQUISITION CORP, ET AL",NA,-8,-8,-8,1998-04-09,1998-04-01,-8,NA,NA,1,12,-8,0,-8,NA,NA,NA,NA,-8,-8,NA,NA,1998,1998,1997,1,NA,NA,NA,1-01-9711601-1997-07-18-1,1-01-9711601,273848,933,0.341,270331,ENVIRONMENTAL MATTERS,Dismissed Voluntarily,BIZ,BIZ,BIZ,BIZ
2,06,3,9701800,1,1997-12-10,1997-12-01,US govt plaintiff,893,NA,9607,-8,-8,-8,-8,0,NA,NA,36025,-8,-8,USA,"BARTLETT, ET AL",NA,-8,-8,-8,1998-03-24,1998-03-01,-8,NA,NA,2,5,2,100,1,NA,NA,NA,NA,-8,-8,NA,NA,1998,1998,1997,1,NA,NA,NA,2-06-9701800-1997-12-10-1,2-06-9701800,273848,933,0.341,270331,ENVIRONMENTAL MATTERS,Settled (Consent Judgement),Unknown,FED,FED,IND
4,20,5,9800589,1,1998-03-02,1998-03-01,US govt plaintiff,893,NA,7604,-8,-8,-8,-8,0,NA,NA,45075,-8,-8,USA,ALBEMARLE CORP,NA,-8,-8,-8,1998-03-30,1998-03-01,-8,NA,NA,3,13,-8,0,-8,NA,NA,NA,NA,-8,-8,NA,NA,1998,1998,1998,1,NA,NA,NA,4-20-9800589-1998-03-02-1,4-20-9800589,251904,1007,0.4,270331,ENVIRONMENTAL MATTERS,Settled,BIZ,FED,FED,BIZ
4,22,2,9601161,1,1996-11-27,1996-11-01,US govt plaintiff,893,NA,9607,-8,-8,-8,-8,2,NA,NA,51710,-8,-8,UNITED STATES,"ST. JULIAN CORP., ET AL",NA,-8,-8,-8,1998-04-23,1998-04-01,-8,NA,NA,5,13,-8,0,-8,NA,NA,NA,NA,-8,-8,NA,NA,1998,1998,1996,1,NA,NA,NA,4-22-9601161-1996-11-27-1,4-22-9601161,261357,1096,0.419,270331,ENVIRONMENTAL MATTERS,Settled,BIZ,FED,FED,BIZ
6,44,4,9800024,1,1998-02-11,1998-02-01,federal question,893,NA,4321,-8,-8,-8,-8,0,NA,NA,21225,-8,-8,LODESTAR ENERGY INC,"WHITE, ET AL",NA,-8,-8,-8,1998-09-08,1998-09-01,-8,NA,NA,10,13,-8,0,-8,07/02/1998,NA,NA,NA,-8,-8,NA,NA,1998,1998,1998,1,NA,NA,NA,6-44-9800024-1998-02-11-1,6-44-9800024,251904,1007,0.4,270331,ENVIRONMENTAL MATTERS,Settled,Unknown,BIZ,BIZ,IND
6,47,4,9501442,1,1995-06-29,1995-06-01,US govt plaintiff,893,NA,1319,-8,-8,-8,-8,0,NA,NA,39155,-8,-8,USA,"WCI STEEL, INC.",NA,-8,-8,-8,1998-03-27,1998-03-01,-8,NA,NA,5,13,-8,0,-8,NA,03/26/1998,NA,NA,-8,-8,NA,NA,1998,1998,1995,1,NA,NA,NA,6-47-9501442-1995-06-29-1,6-47-9501442,254507,1068,0.42,270331,ENVIRONMENTAL MATTERS,Settled,BIZ,FED,FED,BIZ
7,55,1,9500231,1,1995-07-19,1995-07-01,federal question,893,NA,9607,-8,-8,-8,-8,0,NA,NA,18053,-8,-8,"ACTIVE PROD CORP, ET AL","A.H. CHOITZ & CO., ET AL",NA,-8,-8,-8,1998-08-14,1998-08-01,-8,NA,NA,5,18,0,0,-8,02/04/1997,03/12/1997,NA,NA,-8,-8,NA,NA,1998,1998,1995,1,NA,NA,NA,7-55-9500231-1995-07-19-1,7-55-9500231,254507,1068,0.42,270331,ENVIRONMENTAL MATTERS,Unknown,BIZ,BIZ,BIZ,BIZ
8,66,2,9604368,1,1996-10-23,1996-10-01,federal question,893,NA,1331,-8,-8,-8,-8,0,NA,NA,29019,-8,-8,COLUMBIA CEMETERY,"COASTAL REFINING, ET AL",NA,-8,-8,-8,1997-10-10,1997-10-01,-8,NA,NA,4,13,-8,0,-8,03/20/1997,NA,NA,NA,-8,-8,NA,NA,1998,1997,1996,1,NA,NA,NA,8-66-9604368-1996-10-23-1,8-66-9604368,261357,1096,0.419,248214,ENVIRONMENTAL MATTERS,Settled,BIZ,BIZ,BIZ,BIZ
9,72,1,9606228,4,1997-08-18,1997-08-01,US govt plaintiff,893,NA,9607,-8,-8,-8,-8,0,NA,NA,06029,-8,-8,USA,"ATCHISON TOPEKA, ET AL",NA,-8,-8,-8,1998-03-31,1998-03-01,-8,NA,NA,1,14,-8,0,-8,NA,NA,NA,NA,-8,-8,NA,NA,1998,1998,1997,1,NA,NA,NA,9-72-9606228-1997-08-18-1,9-72-9606228,273848,933,0.341,270331,ENVIRONMENTAL MATTERS,Dismissed (want of pros. or lack of juris.),Unknown,FED,FED,BIZ
9,74,3,9601883,4,1997-04-18,1997-04-01,federal question,893,NA,9607,-8,-8,-8,-8,5000,NA,NA,06073,-8,-8,"FOX, ET AL","SAN DIEGO COUNTY OF, ET AL",NA,-8,-8,-8,1998-06-30,1998-06-01,-8,NA,NA,4,13,-8,0,-8,05/08/1997,NA,NA,NA,-8,-8,NA,NA,1998,1998,1997,1,NA,NA,NA,9-74-9601883-1997-04-18-1,9-74-9601883,273848,933,0.341,270331,ENVIRONMENTAL MATTERS,Settled,LOC,Unknown,FED,LOC
9,77,9,9600042,1,1996-02-29,1996-02-01,US govt plaintiff,893,NA,7413,-8,-8,-8,-8,0,NA,NA,30063,-8,-8,EPA,PLUM CREEK MFG.,NA,-8,-8,-8,1997-10-22,1997-10-01,-8,NA,NA,10,13,-8,0,-8,05/28/1996,NA,NA,NA,-8,-8,NA,NA,1998,1997,1996,1,NA,NA,NA,9-77-9600042-1996-02-29-1,9-77-9600042,261357,1096,0.419,248214,ENVIRONMENTAL MATTERS,Settled,BIZ,FED,FED,BIZ
9,79,3,9400940,8,1998-08-07,1998-08-01,US govt defendant,893,NA,1538,-8,-8,-8,-8,0,NA,NA,41051,-8,-8,"AMERICAN RIVERS, ET AL","NAT MARINE FISHERIES, ET AL",NA,-8,-8,-8,1998-09-08,1998-09-01,-8,NA,NA,10,17,0,0,3,NA,NA,NA,NA,-8,-8,NA,NA,1998,1998,1998,1,NA,NA,NA,9-79-9400940-1998-08-07-1,9-79-9400940,251904,1007,0.4,270331,ENVIRONMENTAL MATTERS,Judgement Issued,FED,NGO,NGO,FED
10,89,1,9501015,5,1995-02-24,1995-02-01,US govt defendant,893,NA,1538,-8,-8,-8,-8,0,NA,NA,88888,-8,-8,"NATL AUDUBON SOCIETY, ET AL","DOI-SEC, ET AL",NA,-8,-8,-8,1997-12-19,1997-12-01,-8,NA,NA,10,17,0,0,1,11/15/1995,10/03/1995,NA,NA,-8,-8,NA,NA,1998,1997,1995,1,NA,NA,NA,10-89-9501015-1995-02-24-1,10-89-9501015,254507,1068,0.42,248214,ENVIRONMENTAL MATTERS,Judgement Issued,FED,NGO,NGO,FED
3,11,1,9200597,8,1998-09-25,1998-09-01,US govt defendant,893,NA,1319,-8,-8,-8,-8,0,NA,NA,10005,-8,-8,SALT POND ASSOCIATES,"U.S. ARMY ENGINEERS, ET AL",NA,-8,-8,-8,1998-10-01,1998-10-01,-8,NA,NA,10,14,-8,0,-8,NA,NA,NA,NA,-8,-8,NA,NA,1999,1998,1998,1,NA,NA,NA,3-11-9200597-1998-09-25-1,3-11-9200597,251904,1007,0.4,270331,ENVIRONMENTAL MATTERS,Dismissed (want of pros. or lack of juris.),FED,BIZ,BIZ,FED
3,13,2,9706074,1,1997-09-26,1997-09-01,federal question,893,NA,9604,-8,-8,-8,-8,0,NA,NA,88888,-8,-8,"KEYSTONE COKE CO, ET AL","PASQUALE, ET AL",NA,-8,-8,-8,1999-04-12,1999-04-01,-8,NA,NA,12,14,-8,0,-8,NA,NA,NA,NA,-8,0,NA,NA,1999,1999,1997,1,NA,NA,NA,3-13-9706074-1997-09-26-1,3-13-9706074,273848,933,0.341,267634,ENVIRONMENTAL MATTERS,Dismissed (want of pros. or lack of juris.),Unknown,BIZ,BIZ,IND
5,36,3,9901163,1,1999-06-29,1999-06-01,federal question,893,NA,7604,-8,-8,-8,-8,0,NA,NA,22073,-8,-8,"CITIZENS CLEAN AIR, ET AL",ENTERGY LA INC,NA,-8,-8,-8,1999-08-06,1999-08-01,-8,NA,NA,12,12,-8,0,-8,NA,NA,NA,NA,-8,0,NA,NA,1999,1999,1999,1,NA,NA,NA,5-36-9901163-1999-06-29-1,5-36-9901163,258681,818,0.316,267634,ENVIRONMENTAL MATTERS,Dismissed Voluntarily,BIZ,NGO,NGO,BIZ
6,47,1,9801216,1,1998-05-27,1998-05-01,federal question,893,NA,9607,-8,-8,-8,-8,0,NA,NA,39007,-8,-8,CONSOLIDATED RAIL,AMER PREMIER UNDER,NA,-8,-8,-8,1999-04-29,1999-04-01,-8,NA,NA,10,13,-8,0,-8,07/14/1998,NA,NA,NA,-8,0,NA,NA,1999,1999,1998,1,NA,NA,NA,6-47-9801216-1998-05-27-1,6-47-9801216,251904,1007,0.4,267634,ENVIRONMENTAL MATTERS,Settled,Unknown,BIZ,BIZ,BIZ
7,57,2,9600691,1,1996-06-12,1996-06-01,federal question,893,NA,6901,-8,-8,-8,-8,0,NA,NA,88888,-8,-8,"RAYTHEON COMPANY, ET AL","MCGRAW-EDISON CO, ET AL",NA,-8,-8,-8,1999-02-26,1999-02-01,-8,NA,NA,10,13,-8,0,-8,10/30/1997,NA,NA,NA,-8,0,NA,NA,1999,1999,1996,1,NA,NA,NA,7-57-9600691-1996-06-12-1,7-57-9600691,261357,1096,0.419,267634,ENVIRONMENTAL MATTERS,Settled,BIZ,BIZ,BIZ,BIZ
8,65,4,9900071,1,1999-01-19,1999-01-01,US govt plaintiff,893,NA,1319,-8,-8,-8,-8,0,NA,NA,29189,-8,-8,USA,J.S. ALBERICI CONSTR,NA,-8,-8,-8,1999-04-02,1999-04-01,-8,NA,NA,10,5,0,0,1,NA,NA,NA,NA,-8,0,NA,NA,1999,1999,1999,1,NA,NA,NA,8-65-9900071-1999-01-19-1,8-65-9900071,258681,818,0.316,267634,ENVIRONMENTAL MATTERS,Settled (Consent Judgement),BIZ,FED,FED,BIZ
9,71,3,9703888,1,1997-10-23,1997-10-01,US govt defendant,893,NA,1365,-8,-8,-8,-8,0,NA,NA,06075,-8,-8,SIERRA CLUB,"US ENVIRONMENTAL, ET AL",NA,-8,-8,-8,1998-11-07,1998-11-01,-8,NA,NA,10,5,0,0,3,12/24/1997,NA,NA,NA,-8,0,NA,NA,1999,1998,1997,1,NA,NA,NA,9-71-9703888-1997-10-23-1,9-71-9703888,273848,933,0.341,270331,ENVIRONMENTAL MATTERS,Settled (Consent Judgement),FED,NGO,NGO,FED
9,73,2,9708474,1,1997-11-18,1997-11-01,federal question,893,NA,1365,-8,-8,-8,-8,0,NA,NA,06037,-8,-8,PALO CENTRE INC,"BILL ALVAREZ, ET AL",NA,-8,-8,-8,1999-05-28,1999-05-01,-8,NA,NA,4,6,1,200,1,01/07/1998,NA,NA,NA,-8,0,NA,NA,1999,1999,1997,1,NA,NA,NA,9-73-9708474-1997-11-18-1,9-73-9708474,273848,933,0.341,267634,ENVIRONMENTAL MATTERS,Judgement Issued,Unknown,BIZ,BIZ,IND
10,82,1,9503270,1,1995-12-29,1995-12-01,federal question,893,NA,9613,-8,-8,-8,-8,0,NA,NA,08031,-8,-8,POCOL HOLDINGS LTD,TEXAS INSTRUMENTS,NA,-8,-8,-8,1998-11-09,1998-11-01,-8,NA,NA,5,13,-8,0,-8,06/05/1996,11/21/1997,NA,NA,-8,0,NA,NA,1999,1998,1995,1,NA,NA,NA,10-82-9503270-1995-12-29-1,10-82-9503270,254507,1068,0.42,270331,ENVIRONMENTAL MATTERS,Settled,Unknown,BIZ,BIZ,BIZ
11,26,2,9502961,1,1995-11-17,1995-11-01,federal question,893,NA,2201,-8,-8,-8,-8,0,NA,NA,88888,-8,-8,"NORFOLK SO RAILWAY, ET AL","RED HOT BATTERY SVC, ET AL",NA,-8,-8,-8,1999-03-30,1999-03-01,-8,NA,NA,3,13,-8,0,-8,12/14/1995,NA,NA,NA,-8,2,NA,NA,1999,1999,1995,1,NA,NA,NA,11-26-9502961-1995-11-17-1,11-26-9502961,254507,1068,0.42,267634,ENVIRONMENTAL MATTERS,Settled,BIZ,BIZ,BIZ,BIZ
11,26,2,9803143,5,1998-12-18,1998-12-01,US govt plaintiff,893,NA,1365,-8,-8,-8,-8,34,NA,NA,01117,-8,-8,USA,ALABAMA PLATING COM,NA,-8,-8,-8,1999-08-05,1999-08-01,-8,NA,NA,4,14,-8,0,-8,NA,NA,NA,NA,-8,0,NA,NA,1999,1999,1998,1,NA,NA,NA,11-26-9803143-1998-12-18-1,11-26-9803143,251904,1007,0.4,267634,ENVIRONMENTAL MATTERS,Dismissed (want of pros. or lack of juris.),BIZ,FED,FED,BIZ
3,11,1,9900626,1,1999-09-17,1999-09-01,US govt plaintiff,893,NA,9607,-8,-8,-8,-8,0,NA,NA,10003,-8,-8,U.S.A.,"WITCO CORPORATION, ET AL",NA,-8,-8,-8,2000-04-11,2000-04-01,-8,NA,NA,12,5,0,0,1,NA,NA,NA,NA,-8,0,NA,NA,2000,2000,1999,1,NA,NA,NA,3-11-9900626-1999-09-17-1,3-11-9900626,258681,818,0.316,252598,ENVIRONMENTAL MATTERS,Settled (Consent Judgement),BIZ,FED,FED,BIZ
3,13,2,8701258,4,1991-09-03,1991-09-01,federal question,893,NA,1365,-8,-8,-8,-8,0,NA,NA,42101,-8,-8,WILLIAMS,"SOUTHEASTERN TRANS., ET AL",NA,-8,-8,-8,2000-09-06,2000-09-01,-8,NA,NA,2,6,0,0,2,NA,NA,NA,NA,-8,0,NA,NA,2000,2000,1991,1,NA,NA,NA,3-13-8701258-1991-09-03-1,3-13-8701258,217355,1083,0.498,252598,ENVIRONMENTAL MATTERS,Judgement Issued,Unknown,FED,FED,LOC
6,51,2,9802704,1,1998-08-14,1998-08-01,US govt plaintiff,893,NA,1365,-8,-8,-8,-8,1400,NA,NA,47157,-8,-8,USA,"WILLIAMS, ET AL",NA,-8,-8,-8,2000-02-29,2000-02-01,-8,NA,NA,4,14,-8,0,-8,11/13/1998,NA,NA,NA,-8,2,NA,NA,2000,2000,1998,1,NA,NA,NA,6-51-9802704-1998-08-14-1,6-51-9802704,251904,1007,0.4,252598,ENVIRONMENTAL MATTERS,Dismissed (want of pros. or lack of juris.),FED,FED,FED,FED
9,72,2,9900012,1,1999-01-06,1999-01-01,federal question,893,NA,1365,-8,-8,-8,-8,0,NA,NA,06063,-8,-8,CALIFORNIA SPORT,SOPER COMPANY,NA,-8,-8,-8,1999-11-08,1999-11-01,-8,NA,NA,10,12,-8,0,-8,04/20/1999,NA,NA,NA,-8,0,NA,NA,2000,1999,1999,1,NA,NA,NA,9-72-9900012-1999-01-06-1,9-72-9900012,258681,818,0.316,267634,ENVIRONMENTAL MATTERS,Dismissed Voluntarily,BIZ,Unknown,NGO,BIZ
9,80,2,0000255,1,2000-07-26,2000-07-01,US govt plaintiff,893,NA,9606,-8,-8,-8,-8,0,NA,NA,53063,-8,-8,USA,"KAISER ALUMINUM CHEM, ET AL",NA,-8,-8,-8,2000-09-08,2000-09-01,-8,NA,NA,10,13,-8,0,-8,NA,NA,NA,NA,-8,2,NA,NA,2000,2000,2000,1,NA,NA,NA,9-80-0000255-2000-07-26-1,9-80-0000255,254064,926,0.364,252598,ENVIRONMENTAL MATTERS,Settled,BIZ,FED,FED,BIZ
9,80,2,9900324,1,1999-11-17,1999-11-01,US govt plaintiff,893,NA,9606,-8,-8,-8,-8,0,NA,NA,53007,-8,-8,USA,INTALCO ALUMINUM,NA,-8,-8,-8,2000-04-05,2000-04-01,-8,NA,NA,10,13,-8,0,-8,NA,NA,NA,NA,-8,0,NA,NA,2000,2000,1999,1,NA,NA,NA,9-80-9900324-1999-11-17-1,9-80-9900324,258681,818,0.316,252598,ENVIRONMENTAL MATTERS,Settled,BIZ,FED,FED,BIZ
0,90,1,0001481,1,2000-06-23,2000-06-01,US govt defendant,893,NA,1801,-8,-8,-8,-8,0,NA,NA,88888,-8,-8,"NATL RESOURCES, ET AL","DALEY, ET AL",NA,-8,-8,-8,2000-11-01,2000-11-01,-8,NA,NA,1,13,-8,0,-8,NA,NA,NA,NA,-8,0,-8,L,2001,2000,2000,1,NA,NA,NA,0-90-0001481-2000-06-23-1,0-90-0001481,254064,926,0.364,252598,ENVIRONMENTAL MATTERS,Settled,FED,NGO,NGO,FED
2,05,3,9700035,8,2001-02-02,2001-02-01,US govt plaintiff,893,NA,9607,-8,-8,-8,-8,9999,NA,NA,09001,-8,-8,USA,"RAYMARK INDUSTRIES, ET AL",NA,-8,-8,-8,2001-02-02,2001-02-01,-8,NA,NA,2,14,-8,0,-8,NA,NA,NA,NA,-8,0,-8,L,2001,2001,2001,1,NA,NA,NA,2-05-9700035-2001-02-02-1,2-05-9700035,264718,1763,0.666,248235,ENVIRONMENTAL MATTERS,Dismissed (want of pros. or lack of juris.),BIZ,FED,FED,BIZ
6,47,5,0001602,1,2000-06-28,2000-06-01,federal question,893,NA,9607,-8,-8,-8,-8,0,NA,NA,39151,-8,-8,"KUNTZ PROPERTIES, INC.","RICHARD T. KIKO AGENCY, INC.",NA,-8,-8,-8,2000-11-09,2000-11-01,-8,NA,NA,5,13,-8,0,-8,07/13/2000,11/09/2000,NA,NA,-8,0,-8,L,2001,2000,2000,1,NA,NA,NA,6-47-0001602-2000-06-28-1,6-47-0001602,254064,926,0.364,252598,ENVIRONMENTAL MATTERS,Settled,BIZ,BIZ,BIZ,BIZ
9,71,3,0001018,1,2000-03-23,2000-03-01,US govt defendant,893,NA,1365,-8,-8,-8,-8,0,NA,NA,06041,-8,-8,"TURTLE ISLAND RESTOR, ET AL",NATIONAL MARINE FISH,NA,-8,-8,-8,2000-12-05,2000-12-01,-8,NA,NA,10,13,-8,0,-8,05/18/2000,NA,NA,NA,-8,0,-8,L,2001,2000,2000,1,NA,NA,NA,9-71-0001018-2000-03-23-1,9-71-0001018,254064,926,0.364,252598,ENVIRONMENTAL MATTERS,Settled,FED,Unknown,BIZ,FED
9,71,3,9903202,4,2000-10-19,2000-10-01,US govt defendant,893,NA,1538,-8,-8,-8,-8,0,NA,NA,06001,-8,-8,CENTER FOR BIOLOGIC,"BABBITT, ET AL",NA,-8,-8,-8,2000-11-22,2000-11-01,-8,NA,NA,10,13,-8,0,-8,NA,NA,NA,NA,-8,0,-8,L,2001,2000,2000,1,NA,NA,NA,9-71-9903202-2000-10-19-1,9-71-9903202,254064,926,0.364,252598,ENVIRONMENTAL MATTERS,Settled,FED,NGO,NGO,FED
9,73,2,9902821,1,1999-03-18,1999-03-01,US govt defendant,893,NA,1365,-8,-8,-8,-8,0,NA,NA,06037,-8,-8,"SOUTHWEST CENTER, ET AL","DAVIES, ET AL",NA,-8,-8,-8,2000-11-21,2000-11-01,-8,NA,NA,3,13,-8,0,-8,06/14/1999,NA,NA,NA,-8,0,-8,L,2001,2000,1999,1,NA,NA,NA,9-73-9902821-1999-03-18-1,9-73-9902821,258681,818,0.316,252598,ENVIRONMENTAL MATTERS,Settled,FED,NGO,NGO,FED
9,79,3,0000742,1,2000-06-01,2000-06-01,US govt defendant,893,NA,0551,-8,-8,-8,-8,0,NA,NA,41051,-8,-8,"LEAGUE OF WILD/BLUE, ET AL","KETTLE RANGE CONSER, ET AL",NA,-8,-8,-8,2000-10-02,2000-10-01,-8,NA,NA,12,13,-8,0,-8,NA,NA,NA,NA,-8,0,-8,L,2001,2000,2000,1,NA,NA,NA,9-79-0000742-2000-06-01-1,9-79-0000742,254064,926,0.364,252598,ENVIRONMENTAL MATTERS,Settled,FED,NGO,NGO,NGO
9,79,3,0000833,1,2000-06-16,2000-06-01,federal question,893,NA,1331,-8,-8,-8,-8,0,NA,NA,41009,-8,-8,DENISON,OR FORESTRY DEPT,NA,-8,-8,-8,2001-07-24,2001-07-01,-8,NA,NA,4,14,-8,0,-8,05/15/2001,NA,NA,NA,-8,1,-8,L,2001,2001,2000,1,NA,NA,NA,9-79-0000833-2000-06-16-1,9-79-0000833,254064,926,0.364,248235,ENVIRONMENTAL MATTERS,Dismissed (want of pros. or lack of juris.),FED,Unknown,NGO,FED
9,79,3,0001045,1,2000-07-31,2000-07-01,US govt defendant,893,NA,1531,-8,-8,-8,-8,0,NA,NA,88888,-8,-8,"CENTER FOR BIOLOGICA, ET AL","BADGLEY, ET AL",NA,-8,-8,-8,2001-08-21,2001-08-01,-8,NA,NA,3,12,-8,0,-8,10/02/2000,NA,NA,NA,-8,0,-8,L,2001,2001,2000,1,NA,NA,NA,9-79-0001045-2000-07-31-1,9-79-0001045,254064,926,0.364,248235,ENVIRONMENTAL MATTERS,Dismissed Voluntarily,FED,NGO,NGO,FED
9,80,2,9903031,1,1999-05-03,1999-05-01,federal question,893,NA,1365,-8,-8,-8,-8,0,NA,NA,53077,-8,-8,"C A R E, ET AL","HENRY BOSMA DAIRY, ET AL",NA,-8,-8,-8,2001-06-15,2001-06-01,-8,NA,NA,2,13,-8,0,-8,NA,NA,NA,NA,-8,0,-8,L,2001,2001,1999,1,NA,NA,NA,9-80-9903031-1999-05-03-1,9-80-9903031,258681,818,0.316,248235,ENVIRONMENTAL MATTERS,Settled,Unknown,Unknown,BIZ,BIZ
10,82,1,9700529,1,1997-03-17,1997-03-01,US govt defendant,893,NA,4321,-8,-8,-8,-8,0,NA,NA,08031,-8,-8,SIERRA CLUB,"DOE, ET AL",NA,-8,-8,-8,2001-03-08,2001-03-01,-8,NA,NA,5,6,0,0,2,08/17/1998,08/25/1998,NA,NA,-8,0,-8,L,2001,2001,1997,1,NA,NA,NA,10-82-9700529-1997-03-17-1,10-82-9700529,273848,933,0.341,248235,ENVIRONMENTAL MATTERS,Judgement Issued,FED,NGO,NGO,IND
0,90,1,9901471,1,1999-06-08,1999-06-01,US govt defendant,893,NA,0706,-8,-8,-8,-8,0,NA,NA,88888,-8,-8,"SOUTHWEST CENTER, ET AL","BABBITT, ET AL",NA,-8,-8,-8,2002-01-04,2002-01-01,-8,NA,NA,3,13,-8,0,-8,08/13/1999,NA,NA,NA,-8,0,-8,L,2002,2002,1999,1,NA,NA,NA,0-90-9901471-1999-06-08-1,0-90-9901471,258681,818,0.316,259401,ENVIRONMENTAL MATTERS,Settled,FED,NGO,NGO,FED
3,12,2,9603609,8,1999-04-14,1999-04-01,federal question,893,NA,4321,-8,-8,-8,-8,0,NA,NA,88888,-8,-8,MORTON INTERNATIONAL,"A.E. STALEY, ET AL",NA,-8,-8,-8,2001-10-25,2001-10-01,-8,NA,NA,5,13,-8,0,-8,09/30/1999,11/17/1999,NA,NA,-8,2,-8,L,2002,2001,1999,1,NA,NA,NA,3-12-9603609-1999-04-14-1,3-12-9603609,258681,818,0.316,248235,ENVIRONMENTAL MATTERS,Settled,Unknown,Unknown,BIZ,BIZ
4,20,2,9801571,1,1998-06-01,1998-06-01,federal question,893,NA,1365,-8,-8,-8,-8,0,NA,NA,45019,-8,-8,SC DHEC,"CARBONE OF AMERICA, ET AL",NA,-8,-8,-8,2002-06-13,2002-06-01,-8,NA,NA,5,13,-8,0,-8,NA,NA,NA,NA,-8,0,-8,L,2002,2002,1998,1,NA,NA,NA,4-20-9801571-1998-06-01-1,4-20-9801571,251904,1007,0.4,259401,ENVIRONMENTAL MATTERS,Settled,Unknown,Unknown,BIZ,BIZ
5,41,4,0104430,1,2001-12-20,2001-12-01,US govt plaintiff,893,NA,1345,-8,-8,-8,-8,0,NA,NA,88888,-8,-8,USA,CONOCO INCORPPORATED,NA,-8,-8,-8,2002-04-12,2002-04-01,-8,NA,NA,10,13,-8,0,-8,NA,NA,NA,NA,-8,0,-8,L,2002,2002,2001,1,NA,NA,NA,5-41-0104430-2001-12-20-1,5-41-0104430,264718,1763,0.666,259401,ENVIRONMENTAL MATTERS,Settled,BIZ,FED,FED,BIZ
6,43,3,0100036,1,2001-05-21,2001-05-01,federal question,893,NA,1365,-8,-8,-8,-8,0,NA,NA,88888,-8,-8,"AMERICAN CANOE ASSOC, ET AL","EMINENCE, CTY OF, ET AL",NA,-8,-8,-8,2002-07-03,2002-07-01,-8,NA,NA,10,5,2,55,1,10/11/2001,NA,NA,NA,-8,0,-8,L,2002,2002,2001,1,NA,NA,NA,6-43-0100036-2001-05-21-1,6-43-0100036,264718,1763,0.666,259401,ENVIRONMENTAL MATTERS,Settled (Consent Judgement),LOC,BIZ,NGO,LOC
6,48,1,0100821,1,2001-11-28,2001-11-01,US govt plaintiff,893,NA,6901,-8,-8,-8,-8,0,NA,NA,39061,-8,-8,USA,"CLEAN HARBORS INC, ET AL",NA,-8,-8,-8,2002-03-08,2002-03-01,-8,NA,NA,2,13,-8,0,-8,NA,NA,NA,NA,-8,0,-8,L,2002,2002,2001,1,NA,NA,NA,6-48-0100821-2001-11-28-1,6-48-0100821,264718,1763,0.666,259401,ENVIRONMENTAL MATTERS,Settled,BIZ,FED,FED,BIZ
6,48,1,0200135,1,2002-02-27,2002-02-01,federal question,893,NA,1365,-8,-8,-8,-8,0,NA,NA,39061,-8,-8,"SIERRA CLUB, ET AL","BOARD OF COUNTY COMM, ET AL",NA,-8,-8,-8,2002-04-18,2002-04-01,-8,NA,NA,2,17,0,0,-8,NA,NA,NA,NA,-8,0,-8,L,2002,2002,2002,1,NA,NA,NA,6-48-0200135-2002-02-27-1,6-48-0200135,253656,760,0.3,259401,ENVIRONMENTAL MATTERS,Judgement Issued,LOC,NGO,NGO,LOC
8,65,4,9901277,1,1999-08-11,1999-08-01,federal question,893,NA,2201,-8,-8,-8,-8,50,NA,NA,29510,-8,-8,"MEW SITE TRUST FUND, ET AL","ALLEN TRANSFORMER CO, ET AL",NA,-8,-8,-8,2002-09-30,2002-09-01,-8,NA,NA,10,14,-8,0,-8,03/02/2000,NA,NA,NA,-8,0,-8,L,2002,2002,1999,1,NA,NA,NA,8-65-9901277-1999-08-11-1,8-65-9901277,258681,818,0.316,259401,ENVIRONMENTAL MATTERS,Dismissed (want of pros. or lack of juris.),BIZ,NGO,NGO,BIZ
9,71,4,0104847,1,2001-12-11,2001-12-01,US govt plaintiff,893,NA,9607,-8,-8,-8,-8,0,NA,NA,06075,-8,-8,UNITED STATES OF AMERICA,DEL NORTE COUNTY,NA,-8,-8,-8,2002-03-04,2002-03-01,-8,NA,NA,1,5,0,0,1,NA,NA,NA,NA,-8,0,-8,L,2002,2002,2001,1,NA,NA,NA,9-71-0104847-2001-12-11-1,9-71-0104847,264718,1763,0.666,259401,ENVIRONMENTAL MATTERS,Settled (Consent Judgement),LOC,FED,FED,LOC
9,72,2,0000719,1,2000-04-03,2000-04-01,federal question,893,NA,1319,-8,-8,-8,-8,0,NA,NA,06063,-8,-8,CALIFORNIA SPORT,EL DORADO IRRIGATION,NA,-8,-8,-8,2002-03-14,2002-03-01,-8,NA,NA,3,13,-8,0,-8,01/18/2001,NA,NA,NA,-8,0,-8,L,2002,2002,2000,1,NA,NA,NA,9-72-0000719-2000-04-03-1,9-72-0000719,254064,926,0.364,259401,ENVIRONMENTAL MATTERS,Settled,Unknown,Unknown,NGO,LOC
9,74,3,0102145,1,2001-11-21,2001-11-01,US govt defendant,893,NA,1538,-8,-8,-8,-8,0,NA,NA,06037,-8,-8,BUILDING INDUSTRY,"NORTON, ET AL",NA,-8,-8,-8,2002-09-24,2002-09-01,-8,NA,NA,4,6,0,0,1,02/01/2002,NA,NA,NA,-8,0,-8,L,2002,2002,2001,1,NA,NA,NA,9-74-0102145-2001-11-21-1,9-74-0102145,264718,1763,0.666,259401,ENVIRONMENTAL MATTERS,Judgement Issued,FED,BIZ,BIZ,FED
10,84,1,0000714,1,2000-05-16,2000-05-01,US govt defendant,893,NA,1391,-8,-8,-8,-8,0,NA,NA,35049,-8,-8,"FOREST GUARDIANS, ET AL",FOREST SERVICE,05/24/2001,6,0000714,1,2002-04-19,2002-04-01,-8,NA,NA,10,14,-8,0,-8,07/28/2000,NA,NA,NA,-8,0,-8,L,2002,2002,2000,1,NA,NA,NA,10-84-0000714-2000-05-16-1,10-84-0000714,254064,926,0.364,259401,ENVIRONMENTAL MATTERS,Dismissed (want of pros. or lack of juris.),FED,NGO,NGO,FED
11,26,2,0100194,1,2001-01-18,2001-01-01,US govt defendant,893,NA,1538,-8,-8,-8,-8,0,NA,NA,01073,-8,-8,"AL-TOMBIGBEE RIVERS, ET AL","BABBITT, ET AL",NA,-8,-8,-8,2002-07-30,2002-07-01,-8,NA,NA,4,14,-8,0,-8,03/19/2001,NA,NA,NA,-8,0,-8,L,2002,2002,2001,1,NA,NA,NA,11-26-0100194-2001-01-18-1,11-26-0100194,264718,1763,0.666,259401,ENVIRONMENTAL MATTERS,Dismissed (want of pros. or lack of juris.),FED,NGO,NGO,FED
3,13,2,0101247,1,2001-03-16,2001-03-01,US govt defendant,893,NA,0702,-8,-8,-8,-8,0,NA,NA,42101,-8,-8,BIL-DRY CORPORATION,UNITED STATES ENV.,NA,-8,-8,-8,2003-01-07,2003-01-01,-8,NA,NA,2,13,-8,0,-8,NA,NA,NA,NA,-8,0,-8,L,2003,2003,2001,1,NA,NA,NA,3-13-0101247-2001-03-16-1,3-13-0101247,264718,1763,0.666,251989,ENVIRONMENTAL MATTERS,Settled,FED,BIZ,BIZ,FED
6,46,1,0100561,1,2001-08-30,2001-08-01,federal question,893,NA,9613,-8,-8,-8,-8,2000,NA,NA,26077,-8,-8,AERO-MOTIVE COMPANY,AERO-MOTIVE MANUFACTURING COMP,NA,-8,-8,-8,2003-05-12,2003-05-01,-8,NA,NA,1,18,0,0,-8,NA,NA,NA,NA,-8,0,-8,L,2003,2003,2001,1,NA,NA,NA,6-46-0100561-2001-08-30-1,6-46-0100561,264718,1763,0.666,251989,ENVIRONMENTAL MATTERS,Unknown,BIZ,BIZ,BIZ,BIZ
6,46,4,0200127,1,2002-06-27,2002-06-01,federal question,893,NA,1331,PI,-8,-8,-8,0,NA,NA,26025,-8,-8,CARTER,"H&M DEMOLITION COMPANIES, INC.",NA,-8,-8,-8,2002-11-01,2002-11-01,-8,NA,NA,2,14,-8,0,-8,NA,NA,NA,NA,-8,1,-8,L,2003,2002,2002,1,NA,NA,NA,6-46-0200127-2002-06-27-1,6-46-0200127,253656,760,0.3,259401,ENVIRONMENTAL MATTERS,Dismissed (want of pros. or lack of juris.),BIZ,Unknown,FED,BIZ
6,47,5,0201946,1,2002-09-30,2002-09-01,US govt plaintiff,893,NA,1365,-8,-8,-8,-8,0,NA,NA,39153,-8,-8,UNITED STATES OF AMERICA,SUMMIT COUNTY AGRICULTURAL SOC,NA,-8,-8,-8,2003-03-07,2003-03-01,-8,NA,NA,4,4,1,10,1,NA,NA,NA,NA,-8,0,-8,L,2003,2003,2002,1,NA,NA,NA,6-47-0201946-2002-09-30-1,6-47-0201946,253656,760,0.3,251989,ENVIRONMENTAL MATTERS,Judgement Issued,LOC,FED,FED,LOC
8,64,0,0203783,1,2002-10-02,2002-10-01,US govt plaintiff,893,NA,7413,-8,-8,-8,-8,0,NA,NA,27097,-8,-8,USA,CENTRAL MN ETHANOL,NA,-8,-8,-8,2003-03-07,2003-03-01,-8,NA,NA,12,5,0,0,3,NA,NA,NA,NA,-8,0,-8,L,2003,2003,2002,1,NA,NA,NA,8-64-0203783-2002-10-02-1,8-64-0203783,253656,760,0.3,251989,ENVIRONMENTAL MATTERS,Settled (Consent Judgement),BIZ,FED,FED,BIZ
9,71,3,0103495,1,2001-09-17,2001-09-01,federal question,893,NA,1331,B,-8,-8,-8,0,NA,NA,06075,-8,-8,UNION PACIFIC RAILROAD COMPANY,"G&R METALS EUREKA, INC.",NA,-8,-8,-8,2003-05-08,2003-05-01,-8,NA,NA,5,17,0,0,-8,NA,02/01/2002,NA,NA,-8,0,-8,L,2003,2003,2001,1,NA,NA,NA,9-71-0103495-2001-09-17-1,9-71-0103495,264718,1763,0.666,251989,ENVIRONMENTAL MATTERS,Judgement Issued,BIZ,BIZ,BIZ,BIZ
9,73,2,0203570,1,2002-05-01,2002-05-01,federal question,893,NA,1365,-8,-8,-8,-8,50,NA,NA,06037,-8,-8,BRAINSTORM TECHNOL,"JOHN J LAN, ET AL",NA,-8,-8,-8,2003-01-14,2003-01-01,-8,NA,NA,3,13,-8,0,-8,10/10/2002,NA,NA,NA,-8,0,-8,L,2003,2003,2002,1,NA,NA,NA,9-73-0203570-2002-05-01-1,9-73-0203570,253656,760,0.3,251989,ENVIRONMENTAL MATTERS,Settled,Unknown,Unknown,BIZ,IND
0,90,1,0400839,1,2004-05-25,2004-05-01,US govt defendant,893,NA,1801,-8,-8,-8,-8,0,NA,NA,88888,-8,-8,CONSERVATION LAW FOUNDATION,EVANS,NA,-8,-8,-8,2004-08-11,2004-08-01,-8,NA,NA,3,14,-8,0,-8,NA,NA,NA,NA,-8,0,-8,L,2004,2004,2004,1,NA,NA,NA,0-90-0400839-2004-05-25-1,0-90-0400839,275439,952,0.346,256859,ENVIRONMENTAL MATTERS,Dismissed (want of pros. or lack of juris.),FED,BIZ,NGO,FED
3,12,2,0203360,1,2002-07-12,2002-07-01,federal question,893,NA,6901,-8,-8,-8,-8,0,NA,NA,34013,M,-8,ROYCE ASSOCIATES,"FEDERAL PACIFIC ELEC, ET AL",NA,-8,-8,-8,2004-06-16,2004-06-01,-8,NA,NA,1,13,-8,0,-8,03/20/2003,12/18/2002,NA,NA,E,0,-8,L,2004,2004,2002,1,NA,NA,NA,3-12-0203360-2002-07-12-1,3-12-0203360,253656,760,0.3,256859,ENVIRONMENTAL MATTERS,Settled,BIZ,BIZ,BIZ,BIZ
4,16,1,0302309,1,2003-08-08,2003-08-01,US govt defendant,893,NA,6901,EN,-8,-8,-8,0,NA,NA,24001,-8,-8,ABERDEEN PROVING GROUND SUPERF,DOESBURG,NA,-8,-8,-8,2004-01-30,2004-01-01,-8,NA,NA,2,12,-8,0,-8,NA,NA,NA,NA,-8,0,-8,L,2004,2004,2003,1,NA,NA,NA,4-16-0302309-2003-08-08-1,4-16-0302309,256500,970,0.378,256859,ENVIRONMENTAL MATTERS,Dismissed Voluntarily,FED,Unknown,FED,FED
5,38,1,0300363,1,2003-05-12,2003-05-01,federal question,893,NA,1319,-8,-8,-8,-8,0,NA,NA,28059,-8,-8,DEVORE,"JACKSON COUNTY, ET AL",NA,-8,-8,-8,2004-01-12,2004-01-01,-8,NA,NA,3,18,0,0,-8,NA,NA,NA,NA,-8,0,-8,L,2004,2004,2003,1,NA,NA,NA,5-38-0300363-2003-05-12-1,5-38-0300363,256500,970,0.378,256859,ENVIRONMENTAL MATTERS,Unknown,LOC,Unknown,NGO,LOC
7,57,2,0200602,4,2002-07-26,2002-07-01,US govt plaintiff,893,NA,9607,-8,-8,-8,-8,0,NA,NA,55009,-8,-8,"USA, ET AL",FORT JAMES OPERATING,NA,-8,-8,-8,2004-03-19,2004-03-01,-8,NA,NA,2,14,-8,0,-8,NA,NA,NA,NA,-8,0,-8,L,2004,2004,2002,1,NA,NA,NA,7-57-0200602-2002-07-26-1,7-57-0200602,253656,760,0.3,256859,ENVIRONMENTAL MATTERS,Dismissed (want of pros. or lack of juris.),BIZ,FED,FED,BIZ
9,72,2,9100760,1,1991-06-11,1991-06-01,federal question,893,NA,9607,-8,-8,-8,-8,0,NA,NA,06077,-8,-8,LINCOLN PROPERTIES,"HIGGINS, ET AL",NA,-8,-8,-8,2004-03-24,2004-03-01,-8,NA,NA,10,5,0,0,3,10/26/1992,NA,NA,NA,-8,0,-8,L,2004,2004,1991,1,NA,NA,NA,9-72-9100760-1991-06-11-1,9-72-9100760,217355,1083,0.498,256859,ENVIRONMENTAL MATTERS,Settled (Consent Judgement),Unknown,BIZ,BIZ,FED
9,73,2,0302729,1,2003-04-17,2003-04-01,US govt defendant,893,NA,1538,-8,-8,-8,-8,0,NA,NA,06065,-8,-8,CENTER FOR BIO,"STEVE WILLIAMS, ET AL",NA,-8,-8,-8,2003-10-16,2003-10-01,-8,NA,NA,3,13,-8,0,-8,06/23/2003,NA,NA,NA,-8,0,-8,L,2004,2003,2003,1,NA,NA,NA,9-73-0302729-2003-04-17-1,9-73-0302729,256500,970,0.378,251989,ENVIRONMENTAL MATTERS,Settled,FED,NGO,NGO,FED
9,73,2,0402823,1,2004-04-22,2004-04-01,US govt plaintiff,893,NA,1365,-8,-8,-8,-8,0,NA,NA,06037,-8,-8,UNITED STATES OF AMERICA,KEYSOR-CENTURY CORPORATION,NA,-8,-8,-8,2004-06-18,2004-06-01,-8,NA,NA,2,5,2,440,1,NA,NA,NA,NA,-8,0,-8,L,2004,2004,2004,1,NA,NA,NA,9-73-0402823-2004-04-22-1,9-73-0402823,275439,952,0.346,256859,ENVIRONMENTAL MATTERS,Settled (Consent Judgement),BIZ,FED,FED,BIZ
9,73,8,0301597,1,2003-11-07,2003-11-01,federal question,893,NA,1331,-8,-8,-8,-8,140,NA,NA,06059,-8,-8,PLATT PARTNERS L P,"CHAIM NISSENBAUM, ET AL",NA,-8,-8,-8,2004-03-12,2004-03-01,-8,NA,NA,10,14,-8,0,-8,01/12/2004,NA,NA,NA,-8,0,-8,L,2004,2004,2003,1,NA,NA,NA,9-73-0301597-2003-11-07-1,9-73-0301597,256500,970,0.378,256859,ENVIRONMENTAL MATTERS,Dismissed (want of pros. or lack of juris.),Unknown,BIZ,BIZ,IND
2,08,1,0409208,1,2004-11-19,2004-11-01,federal question,893,NA,1331,OT,-8,-8,-8,0,NA,NA,36061,-8,-8,NATURAL RESOURCES DEFENSE COUN,NORTON,NA,-8,-8,-8,2004-12-21,2004-12-01,-8,NA,NA,2,14,-8,0,-8,NA,NA,NA,NA,-8,0,-8,L,2005,2004,2004,1,NA,NA,NA,2-08-0409208-2004-11-19-1,2-08-0409208,275439,952,0.346,256859,ENVIRONMENTAL MATTERS,Dismissed (want of pros. or lack of juris.),FED,LOC,NGO,FED
2,09,1,0300829,1,2003-11-05,2003-11-01,federal question,893,NA,1319,CW,-8,-8,-8,30,NA,NA,36013,-8,-8,-8,JUNE,NA,-8,-8,-8,2004-10-26,2004-10-01,-8,NA,NA,10,13,-8,0,-8,12/12/2003,NA,NA,NA,-8,0,-8,L,2005,2004,2003,1,NA,NA,NA,2-09-0300829-2003-11-05-1,2-09-0300829,256500,970,0.378,256859,ENVIRONMENTAL MATTERS,Settled,Unknown,FED,FED,IND
3,12,2,0300011,1,2003-01-03,2003-01-01,federal question,893,NA,1365,-8,-8,-8,-8,0,NA,NA,34027,-8,-8,EPCO SERVICES INC.,"MOHAWK OIL COMPANY, ET AL",NA,-8,-8,-8,2004-12-20,2004-12-01,-8,NA,NA,3,13,-8,0,-8,04/09/2003,NA,NA,NA,-8,0,-8,L,2005,2004,2003,1,NA,NA,NA,3-12-0300011-2003-01-03-1,3-12-0300011,256500,970,0.378,256859,ENVIRONMENTAL MATTERS,Settled,BIZ,BIZ,BIZ,BIZ
5,40,1,0500021,1,2005-01-13,2005-01-01,US govt plaintiff,893,NA,9607,-8,-8,-8,-8,5000,NA,NA,88888,-8,-8,UNITED STATES OF AMERICA,CHEVRON U.S.A. INC,NA,-8,-8,-8,2005-03-30,2005-03-01,-8,NA,NA,10,17,0,0,-8,NA,NA,NA,NA,-8,0,-8,L,2005,2005,2005,1,NA,NA,NA,5-40-0500021-2005-01-13-1,5-40-0500021,243413,862,0.354,281098,ENVIRONMENTAL MATTERS,Judgement Issued,FED,FED,FED,BIZ
6,47,3,0407587,1,2004-09-29,2004-09-01,US govt plaintiff,893,NA,1319,CW,-8,-8,-8,0,NA,NA,39143,-8,-8,UNITED STATES OF AMERICA,"CITY OF CLYDE, OHIO, ET AL",NA,-8,-8,-8,2004-12-01,2004-12-01,-8,NA,NA,4,5,0,0,-8,NA,NA,NA,NA,-8,0,-8,L,2005,2004,2004,1,NA,NA,NA,6-47-0407587-2004-09-29-1,6-47-0407587,275439,952,0.346,256859,ENVIRONMENTAL MATTERS,Settled (Consent Judgement),LOC,FED,FED,LOC
9,71,4,0500991,1,2005-03-09,2005-03-01,US govt defendant,893,NA,4321,-8,-8,-8,-8,0,NA,NA,06013,-8,-8,LEAGUE FOR COASTAL PROTECTION,NORTON,NA,-8,-8,-8,2005-08-31,2005-08-01,-8,NA,NA,4,6,0,0,2,05/09/2005,NA,NA,NA,-8,0,-8,L,2005,2005,2005,1,NA,NA,NA,9-71-0500991-2005-03-09-1,9-71-0500991,243413,862,0.354,281098,ENVIRONMENTAL MATTERS,Judgement Issued,FED,BIZ,NGO,FED
9,76,1,0500238,1,2005-06-17,2005-06-01,federal question,893,NA,1319,CW,-8,-8,-8,0,NA,NA,16001,-8,-8,IDAHO CONSERVATION LEAGUE,"DARIGOLD, INC",NA,-8,-8,-8,2005-07-25,2005-07-01,-8,NA,NA,2,14,-8,0,-8,NA,NA,NA,NA,-8,0,-8,L,2005,2005,2005,1,NA,NA,NA,9-76-0500238-2005-06-17-1,9-76-0500238,243413,862,0.354,281098,ENVIRONMENTAL MATTERS,Dismissed (want of pros. or lack of juris.),BIZ,BIZ,NGO,BIZ
9,79,6,0406316,1,2004-09-07,2004-09-01,US govt defendant,893,NA,1600,-8,-8,-8,-8,0,NA,NA,41039,-8,-8,CASCADIA WILDLANDS PROJECT,UNITED STATES FOREST SERVICE,NA,-8,-8,-8,2004-10-14,2004-10-01,-8,NA,NA,1,13,-8,0,-8,NA,NA,NA,NA,-8,0,-8,L,2005,2004,2004,1,NA,NA,NA,9-79-0406316-2004-09-07-1,9-79-0406316,275439,952,0.346,256859,ENVIRONMENTAL MATTERS,Settled,FED,NGO,NGO,FED
10,82,1,0201341,1,2002-07-15,2002-07-01,US govt plaintiff,893,NA,9607,-8,-8,-8,-8,0,NA,NA,88888,-8,-8,USA,"DENVER, CTY & CTY OF, ET AL",NA,-8,-8,-8,2005-09-28,2005-09-01,-8,NA,NA,4,6,0,0,-8,10/03/2002,NA,NA,NA,-8,0,-8,L,2005,2005,2002,1,NA,NA,NA,10-82-0201341-2002-07-15-1,10-82-0201341,253656,760,0.3,281098,ENVIRONMENTAL MATTERS,Judgement Issued,LOC,FED,FED,LOC
10,82,1,0500992,1,2005-05-31,2005-05-01,US govt plaintiff,893,NA,9607,-8,-8,-8,-8,0,NA,NA,88888,-8,-8,USA,"COLORADO, STATE OF",NA,-8,-8,-8,2005-09-20,2005-09-01,-8,NA,NA,2,13,-8,0,-8,NA,NA,NA,NA,-8,0,-8,L,2005,2005,2005,1,NA,NA,NA,10-82-0500992-2005-05-31-1,10-82-0500992,243413,862,0.354,281098,ENVIRONMENTAL MATTERS,Settled,STA,FED,FED,STA
11,3A,5,0400371,1,2004-08-17,2004-08-01,US govt defendant,893,NA,4321,-8,-8,-8,-8,0,NA,NA,12083,-8,-8,"WETLANDS ALERT, INC.",MARR,NA,-8,-8,-8,2004-10-26,2004-10-01,-8,NA,NA,2,12,-8,0,-8,NA,NA,NA,NA,-8,0,-8,L,2005,2004,2004,1,NA,NA,NA,11-3A-0400371-2004-08-17-1,11-3A-0400371,275439,952,0.346,256859,ENVIRONMENTAL MATTERS,Dismissed Voluntarily,FED,BIZ,BIZ,FED
1,02,1,0500376,1,2005-10-26,2005-10-01,US govt plaintiff,893,NA,1319,PV,-8,-8,-8,0,NA,NA,33011,-8,-8,UNITED STATES OF AMERICA,"NASHUA, CITY OF",NA,-8,-8,-8,2005-12-28,2005-12-01,-8,NA,NA,2,5,0,0,-8,NA,NA,NA,NA,-8,0,-8,L,2006,2005,2005,1,NA,NA,NA,1-02-0500376-2005-10-26-1,1-02-0500376,243413,862,0.354,281098,ENVIRONMENTAL MATTERS,Settled (Consent Judgement),LOC,FED,FED,LOC
2,08,1,0506891,1,2005-08-02,2005-08-01,US govt defendant,893,NA,7413,-8,-8,-8,-8,0,NA,NA,88888,-8,-8,SOUTH JERSY ENVIRONMENTAL JUST,JOHNSON,NA,-8,-8,-8,2006-02-01,2006-02-01,-8,NA,NA,1,13,-8,0,-8,NA,NA,NA,NA,-8,0,-8,L,2006,2006,2005,1,NA,NA,NA,2-08-0506891-2005-08-02-1,2-08-0506891,243413,862,0.354,259085,ENVIRONMENTAL MATTERS,Settled,FED,NGO,NGO,FED
8,65,4,0400660,1,2004-05-27,2004-05-01,US govt defendant,893,NA,7413,-8,-8,-8,-8,0,NA,NA,29189,-8,-8,MISSOURI COALITION FOR THE ENV,UNITED STATES ENVIRONMENTAL PR,NA,-8,-8,-8,2005-12-16,2005-12-01,-8,NA,NA,10,13,-8,0,-8,08/11/2004,NA,NA,NA,-8,0,-8,L,2006,2005,2004,1,NA,NA,NA,8-65-0400660-2004-05-27-1,8-65-0400660,275439,952,0.346,281098,ENVIRONMENTAL MATTERS,Settled,FED,BIZ,NGO,FED
9,71,3,0404647,1,2004-11-02,2004-11-01,US govt defendant,893,NA,4321,-8,-8,-8,-8,0,NA,NA,06023,-8,-8,ENVIRONMENTAL PROTECTION INFOR,U.S. FISH AND WILDLIFE SERVICE,NA,-8,-8,-8,2006-02-06,2006-02-01,-8,NA,NA,5,2,-8,0,-8,12/12/2005,02/04/2005,NA,NA,-8,0,-8,L,2006,2006,2004,1,NA,NA,NA,9-71-0404647-2004-11-02-1,9-71-0404647,275439,952,0.346,259085,ENVIRONMENTAL MATTERS,Dismissed (want of pros. or lack of juris.),FED,NGO,NGO,FED
9,72,2,0501574,1,2005-08-09,2005-08-01,federal question,893,NA,5,-8,-8,-8,-8,0,NA,NA,06067,E,-8,ORGANIC SACRAMENTO,-8,NA,-8,-8,-8,2005-10-21,2005-10-01,-8,NA,NA,1,12,-8,0,-8,NA,NA,NA,NA,E,0,-8,L,2006,2005,2005,1,NA,NA,NA,9-72-0501574-2005-08-09-1,9-72-0501574,243413,862,0.354,281098,ENVIRONMENTAL MATTERS,Dismissed Voluntarily,Unknown,Unknown,BIZ,UNKNOWN
9,75,1,0300621,1,2003-11-12,2003-11-01,US govt defendant,893,NA,4321,-8,-8,-8,-8,0,NA,NA,15003,-8,-8,"CENTER FOR FOOD SAFE, ET AL","VENEMAN, ET AL",NA,-8,-8,-8,2006-09-07,2006-09-01,-8,NA,NA,4,6,0,0,3,08/18/2005,NA,NA,NA,-8,0,-8,L,2006,2006,2003,1,NA,NA,NA,9-75-0300621-2003-11-12-1,9-75-0300621,256500,970,0.378,259085,ENVIRONMENTAL MATTERS,Judgement Issued,FED,NGO,NGO,FED
9,79,3,0600443,1,2006-03-30,2006-03-01,US govt defendant,893,NA,4321,-8,-8,-8,-8,0,NA,NA,41017,-8,-8,OREGON NATURAL DESERT ASSOCIAT,RASMUSSEN,NA,-8,-8,-8,2006-09-01,2006-09-01,-8,NA,NA,3,12,-8,0,-8,06/02/2006,NA,NA,NA,-8,0,-8,L,2006,2006,2006,1,NA,NA,NA,9-79-0600443-2006-03-30-1,9-79-0600443,276732,781,0.282,259085,ENVIRONMENTAL MATTERS,Dismissed Voluntarily,FED,STA,NGO,IND
0,90,1,0601350,1,2006-07-31,2006-07-01,US govt defendant,893,NA,7604,CL,-8,-8,-8,0,NA,NA,88888,-8,-8,CENTER FOR BIOLOGICAL DIVERSIT,JOHNSON,NA,-8,-8,-8,2007-02-28,2007-02-01,-8,NA,NA,10,18,0,0,-8,NA,NA,NA,NA,-8,0,-8,L,2007,2007,2006,1,NA,NA,NA,0-90-0601350-2006-07-31-1,0-90-0601350,276732,781,0.282,236762,ENVIRONMENTAL MATTERS,Unknown,FED,NGO,NGO,FED
4,20,6,0603039,1,2006-10-24,2006-10-01,federal question,893,NA,1365,-8,-8,-8,-8,0,NA,NA,45059,-8,-8,MRR SOUTHERN LLC,COUNTY OF LAURENS,NA,-8,-8,-8,2007-04-26,2007-04-01,-8,NA,NA,10,14,-8,0,-8,11/20/2006,NA,NA,NA,-8,0,-8,L,2007,2007,2006,1,NA,NA,NA,4-20-0603039-2006-10-24-1,4-20-0603039,276732,781,0.282,236762,ENVIRONMENTAL MATTERS,Dismissed (want of pros. or lack of juris.),LOC,BIZ,BIZ,LOC
5,41,4,0503375,1,2005-09-30,2005-09-01,federal question,893,NA,9613,-8,-8,-8,-8,0,NA,NA,48201,-8,-8,DIFFERENTIAL DEVELOPMENT-1994,HP VENTURES LTD,NA,-8,-8,-8,2007-01-09,2007-01-01,-8,NA,NA,4,6,0,0,2,11/16/2006,NA,NA,NA,-8,0,-8,L,2007,2007,2005,1,NA,NA,NA,5-41-0503375-2005-09-30-1,5-41-0503375,243413,862,0.354,236762,ENVIRONMENTAL MATTERS,Judgement Issued,BIZ,BIZ,BIZ,BIZ
6,43,3,0600057,1,2006-08-15,2006-08-01,US govt plaintiff,893,NA,1365,-8,-8,-8,-8,0,NA,NA,21187,-8,-8,UNITED STATES OF AMERICA,MID-VALLEY PIPELINE COMPANY,NA,-8,-8,-8,2006-11-03,2006-11-01,-8,NA,NA,1,6,0,0,-8,NA,NA,NA,NA,-8,0,-8,L,2007,2006,2006,1,NA,NA,NA,6-43-0600057-2006-08-15-1,6-43-0600057,276732,781,0.282,259085,ENVIRONMENTAL MATTERS,Judgement Issued,BIZ,FED,FED,BIZ
9,70,2,0000903,3,2003-11-18,2003-11-01,US govt plaintiff,893,NA,0702,-8,-8,-8,-8,0,NA,NA,88888,-8,-8,"NATL ASSOC OF HOME, ET AL","NORTON, ET AL",NA,-8,-8,-8,2007-03-12,2007-03-01,-8,NA,NA,4,6,4,0,1,08/04/2006,NA,NA,NA,-8,0,-8,L,2007,2007,2003,1,NA,NA,NA,9-70-0000903-2003-11-18-1,9-70-0000903,256500,970,0.378,236762,ENVIRONMENTAL MATTERS,Judgement Issued,FED,FED,BIZ,FED
9,71,3,0503100,1,2005-07-29,2005-07-01,federal question,893,NA,6901,EN,-8,-8,-8,0,NA,NA,06075,-8,-8,UNIVERSAL PARAGON CORPORATION,INGERSOLL-RAND COMPANY,NA,-8,-8,-8,2007-09-05,2007-09-01,-8,NA,NA,5,6,0,0,-8,02/17/2006,02/14/2006,NA,NA,-8,0,-8,L,2007,2007,2005,1,NA,NA,NA,9-71-0503100-2005-07-29-1,9-71-0503100,243413,862,0.354,236762,ENVIRONMENTAL MATTERS,Judgement Issued,BIZ,BIZ,BIZ,BIZ
9,72,2,0600737,1,2006-04-04,2006-04-01,federal question,893,NA,1319,CW,-8,-8,-8,0,NA,NA,06067,-8,-8,CALIFORNIA SPORTFISHING PROTEC,LODI IRON WORKS,NA,-8,-8,-8,2007-03-01,2007-03-01,-8,NA,NA,10,13,-8,0,-8,05/26/2006,NA,NA,NA,-8,0,-8,L,2007,2007,2006,1,NA,NA,NA,9-72-0600737-2006-04-04-1,9-72-0600737,276732,781,0.282,236762,ENVIRONMENTAL MATTERS,Settled,BIZ,NGO,NGO,BIZ
9,79,3,0200924,1,2002-07-11,2002-07-01,federal question,893,NA,1319,CW,-8,-8,-8,0,NA,NA,41051,-8,-8,OREGON STATE PUBLIC INTEREST R,PACIFIC COAST SEAFOODS COMPANY,NA,-8,-8,-8,2007-03-13,2007-03-01,-8,NA,NA,5,13,-8,0,-8,01/19/2005,09/19/2006,NA,NA,-8,0,-8,L,2007,2007,2002,1,NA,NA,NA,9-79-0200924-2002-07-11-1,9-79-0200924,253656,760,0.3,236762,ENVIRONMENTAL MATTERS,Settled,BIZ,NGO,NGO,BIZ
9,79,3,0501057,1,2005-07-07,2005-07-01,US govt defendant,893,NA,1600,-8,-8,-8,-8,0,NA,NA,41061,-8,-8,HELLS CANYON PRESERVATION COUN,HAINES,NA,-8,-8,-8,2007-01-12,2007-01-01,-8,NA,NA,10,17,0,0,3,10/18/2005,NA,NA,NA,-8,0,-8,L,2007,2007,2005,1,NA,NA,NA,9-79-0501057-2005-07-07-1,9-79-0501057,243413,862,0.354,236762,ENVIRONMENTAL MATTERS,Judgement Issued,FED,LOC,NGO,FED
9,81,3,0705120,1,2007-03-15,2007-03-01,US govt plaintiff,893,NA,9607,-8,-8,-8,-8,0,NA,NA,53053,-8,-8,UNITED STATES OF AMERICA,STREICH BROS INC,NA,-8,-8,-8,2007-07-20,2007-07-01,-8,NA,NA,10,6,0,0,-8,NA,NA,NA,NA,-8,0,-8,L,2007,2007,2007,1,NA,NA,NA,9-81-0705120-2007-03-15-1,9-81-0705120,245716,693,0.282,236762,ENVIRONMENTAL MATTERS,Judgement Issued,BIZ,FED,FED,BIZ
10,89,2,0600120,1,2006-05-15,2006-05-01,US govt defendant,893,NA,0706,-8,-8,-8,-8,0,NA,NA,56007,-8,-8,ENCAMPMENT RIVER VALLEY ASSOCI,UNITED STATES DEPARTMENT OF AG,NA,-8,-8,-8,2007-09-25,2007-09-01,-8,NA,NA,2,19,0,0,-8,NA,08/29/2006,NA,NA,-8,0,-8,L,2007,2007,2006,1,NA,NA,NA,10-89-0600120-2006-05-15-1,10-89-0600120,276732,781,0.282,236762,ENVIRONMENTAL MATTERS,Judgement Issued,FED,BIZ,BIZ,FED
11,3A,3,0500362,1,2005-04-26,2005-04-01,US govt defendant,893,NA,4321,-8,-8,-8,-8,0,NA,NA,12031,-8,-8,SIERRA CLUB,UNITED STATES ARMY CORPS OF EN,NA,-8,-8,-8,2006-11-20,2006-11-01,-8,NA,NA,10,17,0,0,-8,08/02/2005,NA,NA,NA,-8,0,-8,L,2007,2006,2005,1,NA,NA,NA,11-3A-0500362-2005-04-26-1,11-3A-0500362,243413,862,0.354,259085,ENVIRONMENTAL MATTERS,Judgement Issued,FED,NGO,NGO,FED
11,3C,1,0521963,1,2005-07-20,2005-07-01,federal question,893,NA,4321,-8,-8,-8,-8,0,NA,NA,12025,-8,-8,"POWER U CENTER, ET AL","CITY OF MIAMI, ET AL",NA,-8,-8,-8,2007-01-08,2007-01-01,-8,NA,NA,4,14,-8,0,-8,02/22/2006,09/16/2005,NA,NA,-8,0,-8,L,2007,2007,2005,1,NA,NA,NA,11-3C-0521963-2005-07-20-1,11-3C-0521963,243413,862,0.354,236762,ENVIRONMENTAL MATTERS,Dismissed (want of pros. or lack of juris.),LOC,NGO,NGO,LOC
0,90,1,0900087,1,2009-01-14,2009-01-01,US govt defendant,893,NA,7604,CL,-8,N,-8,0,NA,NA,11001,-8,-8,"ENVIRONMENTAL INTEGRITY, ET AL",JOHNSON,NA,-8,-8,-8,2009-03-19,2009-03-01,-8,NA,NA,3,5,0,0,4,NA,NA,NA,NA,-8,0,-8,L,2009,2009,2009,1,NA,NA,NA,0-90-0900087-2009-01-14-1,0-90-0900087,277200,730,0.263,278178,ENVIRONMENTAL MATTERS,Settled (Consent Judgement),FED,Unknown,NGO,FED
2,05,3,0700144,1,2007-01-30,2007-01-01,federal question,893,NA,-8,-8,-8,P,-8,0,NA,NA,09001,-8,-8,"REMGRIT REALTY INC, ET AL",SPORTING GOODS PROP INC,NA,-8,-8,-8,2009-05-18,2009-05-01,-8,NA,NA,1,13,-8,0,-8,NA,NA,NA,NA,-8,0,-8,L,2009,2009,2007,1,NA,NA,NA,2-05-0700144-2007-01-30-1,2-05-0700144,245716,693,0.282,278178,ENVIRONMENTAL MATTERS,Settled,BIZ,BIZ,BIZ,BIZ
3,15,1,0800323,1,2008-11-20,2008-11-01,federal question,893,NA,0551,-8,-8,N,-8,0,NA,NA,42047,-8,-8,"FOREST SERVICE EMPLOYEE, ET AL",UNITED STATES FOREST SERVICE,NA,-8,-8,-8,2009-05-12,2009-05-01,-8,NA,NA,2,12,-8,0,-8,04/17/2009,NA,NA,NA,-8,0,-8,L,2009,2009,2008,1,NA,NA,NA,3-15-0800323-2008-11-20-1,3-15-0800323,268172,924,0.345,278178,ENVIRONMENTAL MATTERS,Dismissed Voluntarily,BIZ,BIZ,FED,FED
6,43,0,0100099,4,2004-11-29,2004-11-01,federal question,893,NA,1365,-8,-8,-8,-8,0,NA,NA,88888,-8,-8,"AMERICAN CANOE ASSOCIAT, ET AL","LOUISA WATER & SEWER CO, ET AL",NA,-8,-8,-8,2009-07-20,2009-07-01,-8,NA,NA,8,9,2,30,1,03/14/2006,NA,NA,NA,-8,0,-8,L,2009,2009,2004,1,NA,NA,NA,6-43-0100099-2004-11-29-1,6-43-0100099,275439,952,0.346,278178,ENVIRONMENTAL MATTERS,Judgement Issued,FED,BIZ,BIZ,FED
9,71,3,0803494,1,2008-07-21,2008-07-01,US govt defendant,893,NA,4321,-8,-8,N,-8,0,NA,NA,06001,-8,-8,SAVE STRAWBERRY CANYON,"LAWRENCE BERKELEY NATIO, ET AL",NA,-8,-8,-8,2009-08-17,2009-08-01,-8,NA,NA,5,6,0,0,1,12/15/2008,01/28/2009,NA,NA,-8,0,-8,L,2009,2009,2008,1,NA,NA,NA,9-71-0803494-2008-07-21-1,9-71-0803494,268172,924,0.345,278178,ENVIRONMENTAL MATTERS,Judgement Issued,FED,NGO,NGO,FED
9,71,3,0805605,1,2008-12-16,2008-12-01,US govt defendant,893,NA,0704,-8,-8,N,-8,0,NA,NA,88888,-8,-8,"NATURAL RESOURCES DEFEN, ET AL","UNITED STATES DEPARTMEN, ET AL",NA,-8,-8,-8,2009-05-15,2009-05-01,-8,NA,NA,5,12,-8,0,-8,03/13/2009,03/23/2009,NA,NA,-8,0,-8,L,2009,2009,2008,1,NA,NA,NA,9-71-0805605-2008-12-16-1,9-71-0805605,268172,924,0.345,278178,ENVIRONMENTAL MATTERS,Dismissed Voluntarily,FED,NGO,NGO,FED
9,78,3,0600527,1,2006-10-04,2006-10-01,US govt defendant,893,NA,0551,-8,-8,-8,-8,0,NA,NA,32007,-8,-8,WESTERN WATERSHEDS PROJECT,BUREAU OF LAND MANAGEMENT,NA,-8,-8,-8,2008-11-07,2008-11-01,-8,NA,NA,4,14,-8,0,-8,12/04/2006,NA,NA,NA,-8,0,-8,L,2009,2008,2006,1,NA,NA,NA,9-78-0600527-2006-10-04-1,9-78-0600527,276732,781,0.282,234851,ENVIRONMENTAL MATTERS,Dismissed (want of pros. or lack of juris.),FED,Unknown,NGO,FED
11,3A,8,0901325,1,2009-07-15,2009-07-01,US govt plaintiff,893,NA,9607,-8,-8,N,-8,0,NA,NA,12105,-8,-8,UNITED STATES OF AMERICA,"LANDIA CHEMICAL COMPANY, ET AL",NA,-8,-8,-8,2009-08-31,2009-08-01,-8,NA,NA,4,5,0,0,1,NA,NA,NA,NA,-8,0,-8,L,2009,2009,2009,1,NA,NA,NA,11-3A-0901325-2009-07-15-1,11-3A-0901325,277200,730,0.263,278178,ENVIRONMENTAL MATTERS,Settled (Consent Judgement),BIZ,FED,FED,BIZ
11,3A,8,9902524,4,2009-05-19,2009-05-01,US govt plaintiff,893,NA,7604,CL,-8,N,-8,0,NA,NA,12057,-8,-8,USA,TAMPA ELECTRIC COMPANY,NA,-8,-8,-8,2009-06-19,2009-06-01,-8,NA,NA,4,5,0,0,3,05/19/2009,NA,NA,NA,-8,0,-8,L,2009,2009,2009,1,NA,NA,NA,11-3A-9902524-2009-05-19-1,11-3A-9902524,277200,730,0.263,278178,ENVIRONMENTAL MATTERS,Settled (Consent Judgement),BIZ,FED,FED,BIZ
11,3C,1,0821785,4,2008-09-19,2008-09-01,US govt defendant,893,NA,0702,-8,-8,N,-8,0,NA,NA,12025,-8,-8,FRIENDS OF THE EVERGLADES,"UNITED STATES OF AMERIC, ET AL",NA,-8,-8,-8,2008-11-07,2008-11-01,-8,NA,NA,10,18,0,0,0,09/19/2008,NA,NA,NA,-8,1,-8,L,2009,2008,2008,1,NA,NA,NA,11-3C-0821785-2008-09-19-1,11-3C-0821785,268172,924,0.345,234851,ENVIRONMENTAL MATTERS,Unknown,FED,NGO,NGO,FED
0,90,1,0601775,1,2006-10-17,2006-10-01,US govt defendant,893,NA,0706,-8,-8,-8,-8,0,NA,NA,88888,-8,-8,RIVERS UNLIMITED,UNITED STATES DEPARTMENT OF TR,NA,-8,-8,-8,2008-01-09,2008-01-01,-8,NA,NA,1,6,0,0,2,12/29/2006,NA,NA,NA,-8,0,-8,L,2008,2008,2006,1,NA,NA,NA,0-90-0601775-2006-10-17-1,0-90-0601775,276732,781,0.282,234851,ENVIRONMENTAL MATTERS,Judgement Issued,FED,PUB_ORG,NGO,FED
8,60,2,0600166,2,2006-07-20,2006-07-01,federal question,893,NA,1365,-8,-8,-8,-8,0,NA,NA,05107,-8,-8,HARRY STEPHENS FARMS INC,WORMALD AMERICAS INC,NA,-8,-8,-8,2007-10-24,2007-10-01,-8,NA,NA,4,6,0,0,2,10/17/2006,NA,NA,NA,-8,0,-8,L,2008,2007,2006,1,NA,NA,NA,8-60-0600166-2006-07-20-1,8-60-0600166,276732,781,0.282,236762,ENVIRONMENTAL MATTERS,Judgement Issued,BIZ,BIZ,BIZ,BIZ
9,79,3,9900041,1,1999-01-12,1999-01-01,federal question,893,NA,9607,-8,-8,-8,-8,1000,NA,NA,41051,-8,-8,"TIME OIL CO, ET AL","KOPPERS COMPANY INC, ET AL",NA,-8,-8,-8,2007-11-05,2007-11-01,-8,NA,NA,10,12,-8,0,-8,02/16/1999,NA,NA,NA,-8,0,-8,L,2008,2007,1999,1,NA,NA,NA,9-79-9900041-1999-01-12-1,9-79-9900041,258681,818,0.316,236762,ENVIRONMENTAL MATTERS,Dismissed Voluntarily,BIZ,BIZ,BIZ,BIZ
9,81,2,0700704,1,2007-05-04,2007-05-01,federal question,893,NA,1319,CW,-8,-8,-8,0,NA,NA,53033,-8,-8,PUGET SOUNDKEEPER ALLIANCE,FEDERAL EXPRESS CORPORATION,NA,-8,-8,-8,2008-03-21,2008-03-01,-8,NA,NA,10,18,0,0,-8,10/02/2007,NA,NA,NA,-8,0,-8,L,2008,2008,2007,1,NA,NA,NA,9-81-0700704-2007-05-04-1,9-81-0700704,245716,693,0.282,234851,ENVIRONMENTAL MATTERS,Unknown,BIZ,NGO,NGO,BIZ
11,3C,9,0880922,1,2008-08-21,2008-08-01,US govt defendant,893,NA,0702,-8,-8,N,-8,0,NA,NA,12099,-8,-8,"RIVERS COALITION DEFENS, ET AL","UNITED STATES ENVIRONME, ET AL",NA,-8,-8,-8,2008-09-19,2008-09-01,-8,NA,NA,10,18,0,0,0,NA,NA,NA,NA,-8,0,-8,L,2008,2008,2008,1,NA,NA,NA,11-3C-0880922-2008-08-21-1,11-3C-0880922,268172,924,0.345,234851,ENVIRONMENTAL MATTERS,Unknown,FED,BIZ,NGO,FED
0,90,1,0902322,1,2009-12-07,2009-12-01,US govt defendant,893,NA,7413,-8,-8,N,-8,0,NA,NA,11001,-8,-8,"ENVIRONMENTAL INTEGRITY, ET AL",JACKSON,NA,-8,-8,-8,2010-05-03,2010-05-01,-8,NA,NA,10,18,0,0,0,NA,NA,NA,NA,-8,0,-8,L,2010,2010,2009,1,NA,NA,NA,0-90-0902322-2009-12-07-1,0-90-0902322,277200,730,0.263,315011,ENVIRONMENTAL MATTERS,Unknown,FED,Unknown,NGO,FED
2,08,1,0906610,1,2009-07-24,2009-07-01,US govt defendant,893,NA,0701,-8,-8,N,-8,0,NA,NA,36061,-8,-8,"C/S 12TH AVENUE L.L.C., ET AL","UNITED STATES DEPARTMEN, ET AL",NA,-8,-8,-8,2009-10-28,2009-10-01,-8,NA,NA,1,12,-8,0,-8,NA,NA,NA,NA,-8,0,-8,L,2010,2009,2009,1,NA,NA,NA,2-08-0906610-2009-07-24-1,2-08-0906610,277200,730,0.263,278178,ENVIRONMENTAL MATTERS,Dismissed Voluntarily,FED,BIZ,BIZ,FED
2,09,1,0901084,1,2009-12-22,2009-12-01,federal question,893,NA,1331,-8,-8,N,-8,0,NA,NA,36063,-8,-8,"MODERN LANDFILL, INC.",TOWN OF LEWISTON,NA,-8,-8,-8,2010-07-13,2010-07-01,-8,NA,NA,2,13,-8,0,-8,NA,NA,NA,NA,-8,0,-8,L,2010,2010,2009,1,NA,NA,NA,2-09-0901084-2009-12-22-1,2-09-0901084,277200,730,0.263,315011,ENVIRONMENTAL MATTERS,Settled,LOC,BIZ,BIZ,LOC
4,17,7,0900181,1,2009-11-09,2009-11-01,US govt plaintiff,893,NA,1319,CW,-8,N,-8,0,NA,NA,37129,-8,-8,UNITED STATES OF AMERICA,"CORBETT FARMING COMPANY, ET AL",NA,-8,-8,-8,2009-12-22,2009-12-01,-8,NA,NA,2,13,-8,0,-8,NA,NA,NA,NA,-8,0,-8,L,2010,2009,2009,1,NA,NA,NA,4-17-0900181-2009-11-09-1,4-17-0900181,277200,730,0.263,278178,ENVIRONMENTAL MATTERS,Settled,BIZ,FED,FED,BIZ
6,49,3,1000035,1,2010-01-26,2010-01-01,US govt plaintiff,893,NA,1365,-8,-8,N,-8,1572,NA,NA,47129,-8,-8,UNITED STATES OF AMERICA,"WALDEN RESOURCES, LLC, ET AL",NA,-8,-8,-8,2010-09-29,2010-09-01,-8,NA,NA,10,13,-8,0,-8,03/24/2010,NA,NA,NA,-8,0,-8,L,2010,2010,2010,1,NA,NA,NA,6-49-1000035-2010-01-26-1,6-49-1000035,291134,950,0.326,315011,ENVIRONMENTAL MATTERS,Settled,BIZ,FED,FED,BIZ
7,56,1,0900633,1,2009-05-21,2009-05-01,federal question,893,NA,1331,-8,-8,P,-8,0,NA,NA,88888,-8,-8,"MERVIS INDUSTRIES, INC.","PPG INDUSTRIES, INC.",NA,-8,-8,-8,2010-09-01,2010-09-01,-8,NA,NA,5,13,-8,0,-8,10/20/2009,09/15/2009,NA,NA,-8,0,-8,L,2010,2010,2009,1,NA,NA,NA,7-56-0900633-2009-05-21-1,7-56-0900633,277200,730,0.263,315011,ENVIRONMENTAL MATTERS,Settled,BIZ,BIZ,BIZ,BIZ
9,77,9,0500107,1,2005-06-20,2005-06-01,US govt defendant,893,NA,1538,-8,-8,N,-8,0,NA,NA,30063,-8,-8,"ROCK CREEK ALLIANCE, ET AL","USFS, ET AL",NA,-8,-8,-8,2010-05-05,2010-05-01,-8,NA,NA,4,6,0,0,3,04/28/2008,NA,NA,NA,-8,0,-8,L,2010,2010,2005,1,NA,NA,NA,9-77-0500107-2005-06-20-1,9-77-0500107,243413,862,0.354,315011,ENVIRONMENTAL MATTERS,Judgement Issued,FED,NGO,NGO,FED
9,79,3,0801086,1,2008-09-17,2008-09-01,federal question,893,NA,9607,-8,-8,-8,-8,0,NA,NA,41067,-8,-8,"GRABHORN, INC.",DOE,NA,-8,-8,-8,2010-01-27,2010-01-01,-8,NA,NA,2,14,-8,0,-8,NA,NA,NA,NA,-8,0,-8,L,2010,2010,2008,1,NA,NA,NA,9-79-0801086-2008-09-17-1,9-79-0801086,268172,924,0.345,315011,ENVIRONMENTAL MATTERS,Dismissed (want of pros. or lack of juris.),FED,BIZ,BIZ,FED
9,79,3,0900017,1,2009-01-06,2009-01-01,US govt defendant,893,NA,0701,-8,-8,N,-8,0,NA,NA,41051,-8,-8,NORTHWEST ENVIRONMENTAL ADVOCA,"GUTIERREZ, ET AL",NA,-8,-8,-8,2010-09-28,2010-09-01,-8,NA,NA,3,14,-8,0,-8,09/28/2010,NA,NA,NA,-8,0,-8,L,2010,2010,2009,1,NA,NA,NA,9-79-0900017-2009-01-06-1,9-79-0900017,277200,730,0.263,315011,ENVIRONMENTAL MATTERS,Dismissed (want of pros. or lack of juris.),FED,NGO,NGO,FED
11,3C,0,0661448,4,2008-01-31,2008-01-01,federal question,893,NA,1983,CV,-8,P,-8,0,NA,NA,12011,-8,-8,"SOUTHERN WASTE SYSTEMS, LLC","STATE OF FLORIDA, ET AL",NA,-8,-8,-8,2010-01-22,2010-01-01,-8,NA,NA,10,6,0,0,3,09/08/2008,NA,NA,NA,-8,0,-8,L,2010,2010,2008,1,NA,NA,NA,11-3C-0661448-2008-01-31-1,11-3C-0661448,268172,924,0.345,315011,ENVIRONMENTAL MATTERS,Judgement Issued,STA,BIZ,BIZ,STA
0,90,1,1000165,1,2010-01-29,2010-01-01,US govt defendant,893,NA,3313,33,-8,N,-8,0,NA,NA,11001,-8,-8,"ENVIRONMENTAL INTEGRITY, ET AL",JACKSON,NA,-8,-8,-8,2010-12-10,2010-12-01,-8,NA,NA,1,14,-8,0,-8,NA,NA,NA,NA,-8,0,-8,L,2011,2010,2010,1,NA,NA,NA,0-90-1000165-2010-01-29-1,0-90-1000165,291134,950,0.326,315011,ENVIRONMENTAL MATTERS,Dismissed (want of pros. or lack of juris.),FED,Unknown,NGO,FED
0,90,1,1100100,1,2011-01-13,2011-01-01,US govt defendant,893,NA,1365,-8,-8,N,-8,0,NA,NA,88888,-8,-8,"SIERRA CLUB, ET AL",JACKSON,NA,-8,-8,-8,2011-09-13,2011-09-01,-8,NA,NA,1,18,0,0,0,03/24/2011,NA,NA,NA,-8,0,-8,L,2011,2011,2011,1,NA,NA,NA,0-90-1100100-2011-01-13-1,0-90-1100100,289531,727,0.251,304953,ENVIRONMENTAL MATTERS,Unknown,FED,NGO,NGO,FED
1,00,1,1100144,1,2011-04-07,2011-04-01,federal question,893,NA,7413,-8,-8,N,-8,0,NA,NA,23025,-8,-8,COYNE,BROWN,NA,-8,-8,-8,2011-05-16,2011-05-01,-8,NA,NA,2,14,0,0,0,NA,NA,NA,NA,-8,1,FP,L,2011,2011,2011,1,NA,NA,NA,1-00-1100144-2011-04-07-1,1-00-1100144,289531,727,0.251,304953,ENVIRONMENTAL MATTERS,Dismissed (want of pros. or lack of juris.),FED,BIZ,BIZ,FED
3,12,1,1005098,1,2010-10-01,2010-10-01,US govt plaintiff,893,NA,9607,-8,-8,N,-8,0,NA,NA,88888,-8,-8,UNITED STATES OF AMERICA,"QUALITY DISTRIBUTION, INC.",NA,-8,-8,-8,2011-02-02,2011-02-01,-8,NA,NA,2,14,0,0,0,NA,NA,NA,NA,-8,0,-8,L,2011,2011,2010,1,NA,NA,NA,3-12-1005098-2010-10-01-1,3-12-1005098,291134,950,0.326,304953,ENVIRONMENTAL MATTERS,Dismissed (want of pros. or lack of juris.),BIZ,FED,FED,BIZ
9,72,2,0900819,1,2009-03-25,2009-03-01,federal question,893,NA,1365,-8,-8,D,-8,0,NA,NA,06067,-8,-8,CALIFORNIA SPORTFISHING PROTEC,"CASTLE & KING, INC.",NA,-8,-8,-8,2010-10-25,2010-10-01,-8,NA,NA,10,13,0,0,0,06/17/2009,NA,NA,NA,-8,0,-8,L,2011,2010,2009,1,NA,NA,NA,9-72-0900819-2009-03-25-1,9-72-0900819,277200,730,0.263,315011,ENVIRONMENTAL MATTERS,Settled,BIZ,NGO,NGO,BIZ
9,76,3,9600122,1,1996-03-22,1996-03-01,US govt plaintiff,893,NA,9607,-8,-8,N,-8,0,NA,NA,16079,-8,-8,"USA, ET AL","ASARCO, INCORPORATED, ET AL",NA,-8,-8,-8,2011-09-08,2011-09-01,-8,NA,NA,8,9,2,9999,3,09/11/2000,12/18/2000,01/22/2001,07/29/2001,-8,0,-8,L,2011,2011,1996,1,NA,NA,NA,9-76-9600122-1996-03-22-1,9-76-9600122,261357,1096,0.419,304953,ENVIRONMENTAL MATTERS,Judgement Issued,BIZ,FED,FED,BIZ
9,77,9,0200209,4,2006-06-08,2006-06-01,federal question,893,NA,1365,-8,-8,N,-8,0,NA,NA,30063,-8,-8,CABINET RESOURCE GROUP,"ASARCO, ET AL",NA,-8,-8,-8,2011-01-19,2011-01-01,-8,NA,NA,3,13,0,0,0,06/08/2006,NA,NA,NA,-8,0,-8,L,2011,2011,2006,1,NA,NA,NA,9-77-0200209-2006-06-08-1,9-77-0200209,276732,781,0.282,304953,ENVIRONMENTAL MATTERS,Settled,BIZ,BIZ,BIZ,BIZ
9,78,2,0900302,1,2009-02-13,2009-02-01,US govt defendant,893,NA,0702,-8,-8,N,-8,0,NA,NA,32003,-8,-8,"WILDERNESS WATCH, INC.","BUREAU OF LAND MANAGEME, ET AL",NA,-8,-8,-8,2011-06-29,2011-06-01,-8,NA,NA,4,6,0,0,2,04/22/2009,NA,NA,NA,-8,0,-8,L,2011,2011,2009,1,NA,NA,NA,9-78-0900302-2009-02-13-1,9-78-0900302,277200,730,0.263,304953,ENVIRONMENTAL MATTERS,Judgement Issued,FED,BIZ,BIZ,FED
9,81,2,1001040,1,2010-06-23,2010-06-01,federal question,893,NA,6972,-8,-8,N,-8,0,NA,NA,53033,-8,-8,PUGET SOUNDKEEPER ALLIANCE,"ALASKA MARINE LINES, INC.",NA,-8,-8,-8,2010-12-17,2010-12-01,-8,NA,NA,2,5,4,0,3,NA,NA,NA,NA,-8,0,-8,L,2011,2010,2010,1,NA,NA,NA,9-81-1001040-2010-06-23-1,9-81-1001040,291134,950,0.326,315011,ENVIRONMENTAL MATTERS,Settled (Consent Judgement),BIZ,NGO,NGO,BIZ
11,29,3,1100047,1,2011-01-27,2011-01-01,US govt defendant,893,NA,0551,-8,-8,N,-8,0,NA,NA,12073,-8,-8,"FLORIDA PULP AND PAPER , ET AL","LISA JACKSON, ET AL",NA,-8,-8,-8,2011-03-24,2011-03-01,-8,NA,NA,10,14,0,0,0,NA,NA,NA,NA,-8,0,-8,L,2011,2011,2011,1,NA,NA,NA,11-29-1100047-2011-01-27-1,11-29-1100047,289531,727,0.251,304953,ENVIRONMENTAL MATTERS,Dismissed (want of pros. or lack of juris.),FED,BIZ,BIZ,FED
11,3A,3,1000676,1,2010-08-02,2010-08-01,US govt defendant,893,NA,9607,-8,-8,N,-8,2490,NA,NA,12031,-8,-8,"CSX TRANSPORTATION, INC.",UNITED STATES OF AMERICA,NA,-8,-8,-8,2011-07-13,2011-07-01,-8,NA,NA,10,12,0,0,0,01/21/2011,NA,NA,NA,-8,0,-8,L,2011,2011,2010,1,NA,NA,NA,11-3A-1000676-2010-08-02-1,11-3A-1000676,291134,950,0.326,304953,ENVIRONMENTAL MATTERS,Dismissed Voluntarily,FED,BIZ,BIZ,FED
3,11,1,1101057,1,2011-10-31,2011-10-01,US govt plaintiff,893,NA,1319,CW,-8,N,-8,0,NA,NA,10003,-8,-8,"USA, ET AL",E.I. DU PONT DE NEMOURS & COMP,NA,-8,-8,-8,2011-12-19,2011-12-01,-8,NA,NA,2,5,0,0,1,NA,NA,NA,NA,-8,0,-8,L,2012,2011,2011,1,NA,NA,NA,3-11-1101057-2011-10-31-1,3-11-1101057,289531,727,0.251,304953,ENVIRONMENTAL MATTERS,Settled (Consent Judgement),BIZ,FED,FED,BIZ
4,16,8,0900824,4,2011-05-12,2011-05-01,US govt defendant,893,NA,1156,-8,-8,N,-8,0,NA,NA,99999,-8,-8,"DOW AGROSCIENCES LLC, ET AL","NATIONAL MARINE FISHERI, ET AL",NA,-8,-8,-8,2011-10-31,2011-10-01,-8,NA,NA,4,6,0,0,2,08/23/2011,NA,NA,NA,-8,0,-8,L,2012,2011,2011,1,NA,NA,NA,4-16-0900824-2011-05-12-1,4-16-0900824,289531,727,0.251,304953,ENVIRONMENTAL MATTERS,Judgement Issued,FED,BIZ,BIZ,FED
4,17,5,0900191,1,2009-04-30,2009-04-01,federal question,893,NA,9607,-8,-8,N,-8,9999,NA,NA,88888,-8,-8,CONSOLIDATION COAL COMPANY,"3M COMPANY, ET AL",NA,-8,-8,-8,2012-09-27,2012-09-01,-8,NA,NA,10,18,0,0,0,NA,NA,NA,NA,-8,0,-8,L,2012,2012,2009,1,NA,NA,NA,4-17-0900191-2009-04-30-1,4-17-0900191,277200,730,0.263,253385,ENVIRONMENTAL MATTERS,Unknown,BIZ,BIZ,BIZ,BIZ
5,39,4,1100095,4,2012-05-18,2012-05-01,federal question,893,NA,1319,CW,-8,N,-8,0,NA,NA,48143,-8,-8,"MAYFIELD, ET AL",DEVRIES,NA,-8,-8,-8,2012-06-29,2012-06-01,-8,NA,NA,4,4,1,391,1,05/18/2012,NA,NA,NA,-8,2,-8,L,2012,2012,2012,1,NA,NA,NA,5-39-1100095-2012-05-18-1,5-39-1100095,270303,641,0.237,253385,ENVIRONMENTAL MATTERS,Judgement Issued,Unknown,Unknown,FED,IND
9,70,2,0901729,1,2009-08-20,2009-08-01,US govt plaintiff,893,NA,6901,RS,-8,N,-8,0,NA,NA,04013,-8,-8,UNITED STATES OF AMERICA,"NICHOLSON, ET AL",NA,-8,-8,-8,2011-12-28,2011-12-01,-8,NA,NA,10,13,0,0,0,03/15/2010,NA,NA,NA,-8,0,-8,L,2012,2011,2009,1,NA,NA,NA,9-70-0901729-2009-08-20-1,9-70-0901729,277200,730,0.263,304953,ENVIRONMENTAL MATTERS,Settled,Unknown,FED,FED,IND
9,71,3,0801988,4,2011-04-05,2011-04-01,US govt defendant,893,NA,0551,-8,-8,N,1,0,NA,NA,06023,-8,-8,BARNUM TIMBER CO.,"UNITED STATES ENVIRONME, ET AL",NA,-8,-8,-8,2011-12-16,2011-12-01,-8,NA,NA,4,6,0,0,2,08/10/2011,NA,NA,NA,-8,0,-8,L,2012,2011,2011,1,NA,NA,NA,9-71-0801988-2011-04-05-1,9-71-0801988,289531,727,0.251,304953,ENVIRONMENTAL MATTERS,Judgement Issued,FED,BIZ,BIZ,FED
3,14,3,0901873,1,2009-09-29,2009-09-01,US govt plaintiff,893,NA,1319,CW,-8,D,-8,0,NA,NA,42069,-8,-8,"UNITED STATES OF AMERIC, ET AL",SEWER AUTHORITY OF THE CITY OF,NA,-8,-8,-8,2013-01-31,2013-01-01,-8,NA,NA,10,5,0,0,1,03/04/2011,NA,NA,NA,-8,0,-8,L,2013,2013,2009,1,NA,NA,NA,3-14-0901873-2009-09-29-1,3-14-0901873,277200,730,0.263,259091,ENVIRONMENTAL MATTERS,Settled (Consent Judgement),LOC,FED,FED,LOC
5,36,6,1001085,1,2010-07-06,2010-07-01,federal question,893,NA,1319,CW,-8,N,-8,0,NA,NA,22099,-8,-8,"LOUISIANA CRAWFISH PROD, ET AL","MALLARD BASIN INC, ET AL",NA,-8,-8,-8,2012-10-03,2012-10-01,-8,NA,NA,10,18,0,0,0,12/02/2011,NA,NA,NA,-8,0,-8,L,2013,2012,2010,1,NA,NA,NA,5-36-1001085-2010-07-06-1,5-36-1001085,291134,950,0.326,253385,ENVIRONMENTAL MATTERS,Unknown,BIZ,FED,BIZ,BIZ
6,47,3,1300455,1,2013-03-01,2013-03-01,US govt plaintiff,893,NA,1365,-8,-8,N,-8,0,NA,NA,39095,-8,-8,UNITED STATES OF AMERICA,"DELTA FUELS, INC., ET AL",NA,-8,-8,-8,2013-09-16,2013-09-01,-8,NA,NA,1,5,1,2330,1,NA,NA,NA,NA,-8,0,-8,L,2013,2013,2013,1,NA,NA,NA,6-47-1300455-2013-03-01-1,6-47-1300455,301459,1457,0.483,259091,ENVIRONMENTAL MATTERS,Settled (Consent Judgement),BIZ,FED,FED,BIZ
6,49,2,1300178,1,2013-06-28,2013-06-01,US govt plaintiff,893,NA,7413,-8,-8,N,-8,0,NA,NA,47163,-8,-8,"UNITED STATES OF AMERIC, ET AL",KING PHARMACEUTICALS LLC,NA,-8,-8,-8,2013-08-22,2013-08-01,-8,NA,NA,2,13,0,0,0,NA,NA,NA,NA,-8,0,-8,L,2013,2013,2013,1,NA,NA,NA,6-49-1300178-2013-06-28-1,6-49-1300178,301459,1457,0.483,259091,ENVIRONMENTAL MATTERS,Settled,BIZ,FED,FED,BIZ
9,71,3,1105365,1,2011-11-04,2011-11-01,US govt plaintiff,893,NA,9601,-8,-8,N,-8,223,NA,NA,06023,-8,-8,UNITED STATES OF AMERICA,MURPHY,01/01/2010,1,1105365,1,2012-11-26,2012-11-01,-8,NA,NA,2,13,0,0,0,NA,NA,NA,NA,-8,0,-8,L,2013,2012,2011,1,NA,NA,NA,9-71-1105365-2011-11-04-1,9-71-1105365,289531,727,0.251,253385,ENVIRONMENTAL MATTERS,Settled,Unknown,FED,FED,IND
9,71,5,1106386,1,2011-12-16,2011-12-01,federal question,893,NA,1331,-8,-8,B,-8,1000,NA,NA,06037,-8,-8,"ARE-SAN FRANCISCO NO. 25, LLC","RIO GRANDE HOLDING, INC, ET AL",NA,-8,-8,-8,2013-05-16,2013-05-01,-8,NA,NA,4,6,0,0,3,02/21/2012,NA,NA,NA,-8,0,-8,L,2013,2013,2011,1,NA,NA,NA,9-71-1106386-2011-12-16-1,9-71-1106386,289531,727,0.251,259091,ENVIRONMENTAL MATTERS,Judgement Issued,BIZ,BIZ,BIZ,BIZ
9,72,2,1200044,1,2012-01-05,2012-01-01,federal question,893,NA,1331,RD,-8,N,-8,0,NA,NA,06067,-8,-8,"SIERRA CLUB, ET AL","TAHOE REGIONAL PLANNING, ET AL",NA,-8,-8,-8,2013-01-04,2013-01-01,-8,NA,NA,10,18,0,0,0,09/07/2012,NA,NA,NA,-8,0,-8,L,2013,2013,2012,1,NA,NA,NA,9-72-1200044-2012-01-05-1,9-72-1200044,270303,641,0.237,259091,ENVIRONMENTAL MATTERS,Unknown,Unknown,NGO,NGO,LOC
9,72,2,1200222,1,2012-01-27,2012-01-01,federal question,893,NA,1319,CW,-8,D,-8,0,NA,NA,06067,-8,-8,CALIFORNIA SPORTFISHING PROTEC,"PICK AND PULL AUTO DISM, ET AL",NA,-8,-8,-8,2013-02-08,2013-02-01,-8,NA,NA,10,13,0,0,0,07/10/2012,NA,NA,NA,-8,0,-8,L,2013,2013,2012,1,NA,NA,NA,9-72-1200222-2012-01-27-1,9-72-1200222,270303,641,0.237,259091,ENVIRONMENTAL MATTERS,Settled,BIZ,NGO,NGO,BIZ
11,3A,6,1100663,8,2012-10-03,2012-10-01,US govt defendant,893,NA,9607,-8,-8,N,-8,792,NA,NA,12095,-8,-8,"BELTWAY COMMERCE CENTER CD93,",USA,NA,-8,-8,-8,2012-10-03,2012-10-01,-8,NA,NA,4,6,1,350,1,10/03/2012,NA,NA,NA,-8,0,-8,L,2013,2012,2012,1,NA,NA,NA,11-3A-1100663-2012-10-03-1,11-3A-1100663,270303,641,0.237,253385,ENVIRONMENTAL MATTERS,Judgement Issued,FED,BIZ,BIZ,FED
0,90,1,0801409,1,2008-08-13,2008-08-01,US govt defendant,893,NA,4321,-8,-8,N,-8,0,NA,NA,88888,-8,-8,"CARPENTERS INDUSTRIAL C, ET AL","KEMPTHORNE, ET AL",NA,-8,-8,-8,2013-10-10,2013-10-01,-8,NA,NA,1,14,0,0,0,02/18/2009,NA,NA,NA,-8,0,-8,L,2014,2013,2008,1,NA,NA,NA,0-90-0801409-2008-08-13-1,0-90-0801409,268172,924,0.345,259091,ENVIRONMENTAL MATTERS,Dismissed (want of pros. or lack of juris.),FED,BIZ,BIZ,FED
4,25,2,1305008,1,2013-03-13,2013-03-01,federal question,893,NA,1270,-8,-8,N,-8,0,NA,NA,54067,-8,-8,"OHIO VALLEY ENVIRONMENT, ET AL","ALEX ENERGY, INC.",NA,-8,-8,-8,2014-07-14,2014-07-01,-8,NA,NA,10,12,0,0,0,04/15/2013,NA,NA,NA,-8,0,-8,L,2014,2014,2013,1,NA,NA,NA,4-25-1305008-2013-03-13-1,4-25-1305008,301459,1457,0.483,260736,ENVIRONMENTAL MATTERS,Dismissed Voluntarily,BIZ,Unknown,NGO,BIZ
6,50,3,0900812,1,2009-09-04,2009-09-01,US govt plaintiff,893,NA,1319,PV,-8,D,-8,0,NA,NA,47085,-8,-8,"UNITED STATES OF AMERIC, ET AL","ROBERTS, ET AL",NA,-8,-8,-8,2013-12-03,2013-12-01,-8,NA,NA,7,14,0,0,0,02/19/2010,NA,NA,11/07/2013,-8,0,-8,L,2014,2013,2009,1,NA,NA,NA,6-50-0900812-2009-09-04-1,6-50-0900812,277200,730,0.263,259091,ENVIRONMENTAL MATTERS,Dismissed (want of pros. or lack of juris.),Unknown,FED,FED,IND
9,72,2,1302557,5,2013-12-10,2013-12-01,federal question,893,NA,1319,CW,-8,N,-8,0,NA,NA,06067,-8,-8,CALIFORNIA RIVER WATCH,AMENT MARINE SERVICE,NA,-8,-8,-8,2014-01-03,2014-01-01,-8,NA,NA,1,12,0,0,0,NA,NA,NA,NA,-8,0,-8,L,2014,2014,2013,1,NA,NA,NA,9-72-1302557-2013-12-10-1,9-72-1302557,301459,1457,0.483,260736,ENVIRONMENTAL MATTERS,Dismissed Voluntarily,BIZ,NGO,NGO,BIZ
9,73,5,1400071,1,2014-01-13,2014-01-01,federal question,893,NA,1365,-8,-8,N,-8,0,NA,NA,06065,-8,-8,"INLAND EMPIRE WATERKEEP, ET AL","BURRTEC WASTE GROUP INC, ET AL",NA,-8,-8,-8,2014-07-03,2014-07-01,-8,NA,NA,1,12,0,0,0,NA,NA,NA,NA,-8,0,-8,L,2014,2014,2014,1,NA,NA,NA,9-73-1400071-2014-01-13-1,9-73-1400071,298109,574,0.193,260736,ENVIRONMENTAL MATTERS,Dismissed Voluntarily,BIZ,NGO,NGO,BIZ
9,73,5,1400230,1,2014-02-05,2014-02-01,federal question,893,NA,3371,-8,-8,N,-8,0,NA,NA,06065,-8,-8,CENTER FOR COMMUNITY ACTION AN,RUUHWA DANN & ASSOCIATES INC,NA,-8,-8,-8,2014-06-03,2014-06-01,-8,NA,NA,1,12,0,0,0,NA,NA,NA,NA,-8,0,-8,L,2014,2014,2014,1,NA,NA,NA,9-73-1400230-2014-02-05-1,9-73-1400230,298109,574,0.193,260736,ENVIRONMENTAL MATTERS,Dismissed Voluntarily,BIZ,LOC,NGO,BIZ
9,76,1,1400156,1,2014-04-22,2014-04-01,US govt defendant,893,NA,4321,-8,-8,N,-8,0,NA,NA,16001,-8,-8,"IDAHO CONSERVATION LEAG, ET AL","U.S. FOREST SERVICE, ET AL",NA,-8,-8,-8,2014-07-03,2014-07-01,-8,NA,NA,1,12,0,0,0,NA,NA,NA,NA,-8,0,-8,L,2014,2014,2014,1,NA,NA,NA,9-76-1400156-2014-04-22-1,9-76-1400156,298109,574,0.193,260736,ENVIRONMENTAL MATTERS,Dismissed Voluntarily,FED,BIZ,NGO,FED
9,76,2,1400100,1,2014-03-12,2014-03-01,US govt defendant,893,NA,1538,-8,-8,N,-8,0,NA,NA,16017,-8,-8,"IDAHO STATE SNOWMOBILE , ET AL","U.S. DEPARTMENT OF THE , ET AL",NA,-8,-8,-8,2014-07-15,2014-07-01,-8,NA,NA,2,12,0,0,0,NA,NA,NA,NA,-8,0,-8,L,2014,2014,2014,1,NA,NA,NA,9-76-1400100-2014-03-12-1,9-76-1400100,298109,574,0.193,260736,ENVIRONMENTAL MATTERS,Dismissed Voluntarily,FED,BIZ,BIZ,FED
9,76,4,1000612,1,2010-12-13,2010-12-01,US govt defendant,893,NA,4321,-8,-8,N,-8,0,NA,NA,16037,-8,-8,"WESTERN WATERSHEDS PROJ, ET AL","U.S. FOREST SERVICE, ET AL",NA,-8,-8,-8,2013-11-07,2013-11-01,-8,NA,NA,5,13,0,0,0,03/21/2011,04/06/2011,NA,NA,-8,0,-8,L,2014,2013,2010,1,NA,NA,NA,9-76-1000612-2010-12-13-1,9-76-1000612,291134,950,0.326,259091,ENVIRONMENTAL MATTERS,Settled,FED,Unknown,NGO,FED
10,86,6,0600009,4,2013-10-01,2013-10-01,US govt plaintiff,893,NA,1319,CW,-8,N,-8,0,NA,NA,40111,-8,-8,"UNITED STATES OF AMERIC, ET AL","CITY OF OKMULGEE, OKLAH, ET AL",NA,-8,-8,-8,2013-10-01,2013-10-01,-8,NA,NA,10,14,0,0,0,10/01/2013,NA,NA,NA,-8,0,-8,L,2014,2013,2013,1,NA,NA,NA,10-86-0600009-2013-10-01-1,10-86-0600009,301459,1457,0.483,259091,ENVIRONMENTAL MATTERS,Dismissed (want of pros. or lack of juris.),LOC,FED,FED,LOC
11,26,2,1400850,1,2014-05-07,2014-05-01,US govt plaintiff,893,NA,0651,-8,-8,N,-8,8,NA,NA,01073,-8,-8,UNITED STATES OF AMERICA,C W WOODS CONTRACTING SERVICES,NA,-8,-8,-8,2014-09-17,2014-09-01,-8,NA,NA,1,14,0,0,0,NA,NA,NA,NA,-8,0,-8,L,2014,2014,2014,1,NA,NA,NA,11-26-1400850-2014-05-07-1,11-26-1400850,298109,574,0.193,260736,ENVIRONMENTAL MATTERS,Dismissed (want of pros. or lack of juris.),BIZ,FED,FED,BIZ
0,90,1,1400360,5,2014-03-06,2014-03-01,federal question,893,NA,0668,-8,-8,N,-8,0,NA,NA,88888,-8,-8,"CENTER FOR FOOD SAFETY, ET AL","JEWELL, ET AL",NA,-8,-8,-8,2015-04-22,2015-04-01,-8,NA,NA,2,17,0,0,1,NA,NA,NA,NA,-8,0,-8,L,2015,2015,2014,1,NA,NA,NA,0-90-1400360-2014-03-06-1,0-90-1400360,298109,574,0.193,273205,ENVIRONMENTAL MATTERS,Judgement Issued,FED,NGO,NGO,FED
6,49,3,1400356,1,2014-07-30,2014-07-01,federal question,893,NA,1331,-8,-8,N,-8,0,NA,NA,47093,-8,-8,RYAN,TENNESSEE VALLEY AUTHORITY,NA,-8,-8,-8,2015-04-30,2015-04-01,-8,NA,NA,4,6,0,0,2,NA,NA,NA,NA,-8,1,-8,L,2015,2015,2014,1,NA,NA,NA,6-49-1400356-2014-07-30-1,6-49-1400356,298109,574,0.193,273205,ENVIRONMENTAL MATTERS,Judgement Issued,PUB_ORG,Unknown,FED,FED
7,58,3,1200602,1,2012-08-17,2012-08-01,federal question,893,NA,9607,-8,-8,N,-8,0,NA,NA,55025,-8,-8,"NORTHERN STATES POWER C, ET AL","THE CITY OF ASHLAND, WI, ET AL",NA,-8,-8,-8,2015-09-15,2015-09-01,-8,NA,NA,8,9,0,0,2,06/17/2013,11/27/2012,05/11/2015,05/11/2015,-8,1,-8,L,2015,2015,2012,1,NA,NA,NA,7-58-1200602-2012-08-17-1,7-58-1200602,270303,641,0.237,273205,ENVIRONMENTAL MATTERS,Judgement Issued,LOC,Unknown,BIZ,LOC
9,79,6,1300933,1,2013-06-05,2013-06-01,federal question,893,NA,1319,CW,-8,N,-8,0,NA,NA,41011,-8,-8,"COOS WATERKEEPER, ET AL","JOHNSON ROCK PRODUCTS, , ET AL",NA,-8,-8,-8,2014-12-15,2014-12-01,-8,NA,NA,4,5,0,0,3,08/14/2013,NA,NA,NA,-8,0,-8,L,2015,2014,2013,1,NA,NA,NA,9-79-1300933-2013-06-05-1,9-79-1300933,301459,1457,0.483,260736,ENVIRONMENTAL MATTERS,Settled (Consent Judgement),BIZ,BIZ,NGO,BIZ
3,13,2,9301976,4,2014-10-10,2014-10-01,US govt plaintiff,893,NA,9604,-8,-8,D,-8,0,NA,NA,42029,-8,-8,"UNITED STATES OF AMERIC, ET AL","BLOSENSKI, ET AL",NA,-8,-8,-8,2016-09-21,2016-09-01,-8,NA,NA,10,13,0,0,0,10/10/2014,NA,NA,NA,-8,2,-8,L,2016,2016,2014,1,NA,NA,NA,3-13-9301976-2014-10-10-1,3-13-9301976,298109,574,0.193,278906,ENVIRONMENTAL MATTERS,Settled,Unknown,FED,FED,IND
4,17,5,1400494,1,2014-09-03,2014-09-01,federal question,893,NA,1319,CW,-8,P,-8,0,NA,NA,37049,-8,-8,"NEUSE RIVERKEEPER FOUND, ET AL","DUKE ENERGY PROGRESS, INC.",NA,-8,-8,-8,2016-06-08,2016-06-01,-8,NA,NA,3,14,0,0,0,NA,NA,NA,NA,-8,0,-8,L,2016,2016,2014,1,NA,NA,NA,4-17-1400494-2014-09-03-1,4-17-1400494,298109,574,0.193,278906,ENVIRONMENTAL MATTERS,Dismissed (want of pros. or lack of juris.),BIZ,NGO,NGO,BIZ
4,25,2,1512554,1,2015-08-20,2015-08-01,federal question,893,NA,1319,CW,-8,N,-8,0,NA,NA,54039,-8,-8,"OHIO VALLEY ENVIRONMENT, ET AL","PRITCHARD MINING COMPANY, INC.",NA,-8,-8,-8,2016-07-25,2016-07-01,-8,NA,NA,2,12,0,0,0,NA,NA,NA,NA,-8,0,-8,L,2016,2016,2015,1,NA,NA,NA,4-25-1512554-2015-08-20-1,4-25-1512554,281925,898,0.319,278906,ENVIRONMENTAL MATTERS,Dismissed Voluntarily,BIZ,Unknown,NGO,BIZ
9,71,3,1501482,1,2015-03-31,2015-03-01,federal question,893,NA,1319,CW,-8,D,-8,0,NA,NA,06097,-8,-8,CALIFORNIA SPORTFISHING PROTEC,"PACIFIC STATES INDUSTRI, ET AL",06/19/2015,5,1501482,1,2015-12-15,2015-12-01,2,NA,NA,10,13,0,0,0,10/06/2015,09/23/2015,NA,NA,-8,0,-8,L,2016,2015,2015,1,NA,NA,NA,9-71-1501482-2015-03-31-1,9-71-1501482,281925,898,0.319,273205,ENVIRONMENTAL MATTERS,Settled,BIZ,NGO,NGO,BIZ
10,88,2,1200527,1,2012-06-05,2012-06-01,federal question,893,NA,1331,-8,-8,P,-8,0,NA,NA,49043,-8,-8,ASARCO,"XSTRATA, ET AL",NA,-8,-8,-8,2016-03-29,2016-03-01,-8,NA,NA,4,6,0,0,2,11/05/2013,NA,NA,NA,-8,0,-8,L,2016,2016,2012,1,NA,NA,NA,10-88-1200527-2012-06-05-1,10-88-1200527,270303,641,0.237,278906,ENVIRONMENTAL MATTERS,Judgement Issued,Unknown,Unknown,BIZ,BIZ
2,07,2,1606989,1,2016-12-19,2016-12-01,US govt plaintiff,893,NA,1331,-8,-8,N,-8,0,NA,NA,36047,-8,-8,UNITED STATES OF AMERICA,"STATE OF NEW YORK, ET AL",NA,-8,-8,-8,2017-04-03,2017-04-01,-8,NA,NA,12,5,1,150,1,NA,NA,NA,NA,-8,0,-8,L,2017,2017,2016,1,NA,NA,NA,2-07-1606989-2016-12-19-1,2-07-1606989,294173,1832,0.623,278803,ENVIRONMENTAL MATTERS,Settled (Consent Judgement),STA,FED,FED,STA
4,24,1,1700004,1,2017-01-09,2017-01-01,US govt plaintiff,893,NA,1319,CW,-8,N,-8,0,NA,NA,54061,-8,-8,"UNITED STATES OF AMERIC, ET AL","GREER INDUSTRIES, INC., ET AL",NA,-8,-8,-8,2017-03-29,2017-03-01,-8,NA,NA,2,5,0,0,1,NA,NA,NA,NA,-8,0,-8,L,2017,2017,2017,1,NA,NA,NA,4-24-1700004-2017-01-09-1,4-24-1700004,275591,1335,0.484,278803,ENVIRONMENTAL MATTERS,Settled (Consent Judgement),BIZ,FED,FED,BIZ
4,25,2,1603769,1,2016-04-20,2016-04-01,federal question,893,NA,1365,-8,-8,N,-8,0,NA,NA,54067,-8,-8,"WEST VIRGINIA HIGHLANDS, ET AL","HUFFMAN, ET AL",NA,-8,-8,-8,2017-03-27,2017-03-01,-8,NA,NA,10,13,0,0,0,01/24/2017,NA,NA,NA,-8,0,-8,L,2017,2017,2016,1,NA,NA,NA,4-25-1603769-2016-04-20-1,4-25-1603769,294173,1832,0.623,278803,ENVIRONMENTAL MATTERS,Settled,Unknown,Unknown,NGO,IND
9,71,3,1603796,1,2016-07-07,2016-07-01,federal question,893,NA,7604,CL,-8,N,-8,0,NA,NA,06001,-8,-8,"CENTER FOR BIOLOGICAL D, ET AL","MCCARTHY, ET AL",NA,-8,-8,-8,2017-04-28,2017-04-01,-8,NA,NA,5,5,0,0,3,09/23/2016,10/04/2016,NA,NA,-8,0,-8,L,2017,2017,2016,1,NA,NA,NA,9-71-1603796-2016-07-07-1,9-71-1603796,294173,1832,0.623,278803,ENVIRONMENTAL MATTERS,Settled (Consent Judgement),FED,NGO,NGO,FED
9,73,8,1501471,1,2015-09-09,2015-09-01,federal question,893,NA,6901,EN,-8,P,-8,0,NA,NA,06059,-8,-8,"3381 KATELLA AVENUE, LLC","9980 GRINDLAY PARTNERS, ET AL",09/11/2015,2,1507116,1,2017-08-30,2017-08-01,-8,NA,NA,10,14,0,0,0,02/09/2016,NA,NA,NA,-8,0,-8,L,2017,2017,2015,1,NA,NA,NA,9-73-1501471-2015-09-09-1,9-73-1501471,281925,898,0.319,278803,ENVIRONMENTAL MATTERS,Dismissed (want of pros. or lack of juris.),BIZ,BIZ,BIZ,BIZ
11,26,2,1501777,1,2015-10-13,2015-10-01,US govt defendant,893,NA,4321,-8,-8,N,-8,0,NA,NA,01073,-8,-8,"AUSTIN, ET AL","ALABAMA DEPARTMENT OF T, ET AL",NA,-8,-8,-8,2016-11-15,2016-11-01,-8,NA,NA,10,14,0,0,0,01/19/2016,NA,NA,NA,-8,0,-8,L,2017,2016,2015,1,NA,NA,NA,11-26-1501777-2015-10-13-1,11-26-1501777,281925,898,0.319,278906,ENVIRONMENTAL MATTERS,Dismissed (want of pros. or lack of juris.),FED,Unknown,FED,STA
11,3G,5,1600038,1,2016-01-25,2016-01-01,US govt defendant,893,NA,7604,CL,-8,N,-8,0,NA,NA,88888,-8,-8,PARTNERSHIP FOR POLICY INTEGRI,MCCARTHY,NA,-8,-8,-8,2016-12-21,2016-12-01,-8,NA,NA,10,12,0,0,0,NA,NA,NA,NA,-8,0,-8,L,2017,2016,2016,1,NA,NA,NA,11-3G-1600038-2016-01-25-1,11-3G-1600038,294173,1832,0.623,278906,ENVIRONMENTAL MATTERS,Dismissed Voluntarily,FED,BIZ,BIZ,FED
1,03,1,1500461,1,2015-10-30,2015-10-01,US govt defendant,893,42,9607,-8,-8,N,-8,0,NA,NA,44007,-8,-8,ELECTRIC BOAT CORPORATION,UNITED STATES OF AMERICA,NA,-8,-8,-8,2018-05-31,2018-05-01,-8,NA,NA,4,5,0,0,1,02/08/2016,NA,NA,NA,-8,0,-8,L,2018,2018,2015,1,NA,NA,NA,1-03-1500461-2015-10-30-1,1-03-1500461,281925,898,0.319,290709,ENVIRONMENTAL MATTERS,Settled (Consent Judgement),FED,BIZ,BIZ,FED
2,06,5,1701364,1,2017-12-20,2017-12-01,US govt plaintiff,893,42,9607,-8,-8,N,-8,0,NA,NA,36067,M,-8,UNITED STATES OF AMERICA,"HONEYWELL INTERNATIONAL, ET AL",NA,-8,-8,-8,2018-03-14,2018-03-01,-8,NA,NA,2,5,0,0,1,NA,NA,NA,NA,-8,0,-8,L,2018,2018,2017,1,NA,NA,NA,2-06-1701364-2017-12-20-1,2-06-1701364,275591,1335,0.484,290709,ENVIRONMENTAL MATTERS,Settled (Consent Judgement),Unknown,FED,FED,BIZ
5,42,1,1500497,1,2015-06-11,2015-06-01,federal question,893,33,1319,CW,-8,P,-8,0,NA,NA,48453,-8,-8,"AUSPRO ENTERPRISES, LP, ET AL",CITY OF AUSTIN,NA,-8,-8,-8,2018-03-06,2018-03-01,-8,NA,NA,8,17,0,0,1,01/10/2017,NA,NA,09/21/2017,-8,0,-8,L,2018,2018,2015,1,NA,NA,NA,5-42-1500497-2015-06-11-1,5-42-1500497,281925,898,0.319,290709,ENVIRONMENTAL MATTERS,Judgement Issued,LOC,BIZ,BIZ,LOC
6,47,1,1301516,1,2013-07-12,2013-07-01,federal question,893,42,9607,-8,-8,N,-8,9999,NA,NA,39093,-8,-8,CRS SITE RD/RA GROUP,"ACME-CLEVELAND CORP., ET AL",NA,-8,-8,-8,2019-01-02,2019-01-01,-8,NA,NA,5,14,0,0,0,10/12/2015,10/23/2013,NA,NA,-8,0,-8,L,2019,2019,2013,1,NA,NA,NA,6-47-1301516-2013-07-12-1,6-47-1301516,301459,1457,0.483,305952,ENVIRONMENTAL MATTERS,Dismissed (want of pros. or lack of juris.),BIZ,BIZ,BIZ,BIZ
9,71,3,1604469,6,2016-08-08,2016-08-01,federal question,893,42,7604,CL,-8,P,-8,0,NA,NA,88888,-8,-8,JAMES,"VOLKSWAGEN GROUP OF AME, ET AL",NA,-8,-8,-8,2018-10-19,2018-10-01,-8,NA,NA,1,12,0,0,0,NA,NA,NA,NA,-8,0,-8,L,2019,2018,2016,1,NA,NA,NA,9-71-1604469-2016-08-08-1,9-71-1604469,294173,1832,0.623,290709,ENVIRONMENTAL MATTERS,Dismissed Voluntarily,BIZ,Unknown,FED,BIZ
9,75,1,1600676,1,2016-12-28,2016-12-01,federal question,893,42,9607,-8,-8,P,-8,0,NA,NA,15003,-8,-8,"WOND FAMILY KAPALAMA, LLC","CONTINENTAL TIRE THE AMERICAS,",NA,-8,-8,-8,2018-12-21,2018-12-01,-8,NA,NA,2,13,0,0,0,06/20/2018,NA,NA,NA,-8,0,-8,L,2019,2018,2016,1,NA,NA,NA,9-75-1600676-2016-12-28-1,9-75-1600676,294173,1832,0.623,290709,ENVIRONMENTAL MATTERS,Settled,BIZ,BIZ,BIZ,BIZ
9,79,1,1700960,1,2017-06-19,2017-06-01,US govt defendant,893,33,1365,-8,-8,N,-8,0,NA,NA,41037,-8,-8,"CAHILL RANCHES, INC.","BUREAU OF LAND MANAGEME, ET AL",NA,-8,-8,-8,2019-09-25,2019-09-01,-8,NA,NA,4,6,0,0,3,NA,NA,NA,NA,-8,0,-8,L,2019,2019,2017,1,NA,NA,NA,9-79-1700960-2017-06-19-1,9-79-1700960,275591,1335,0.484,305952,ENVIRONMENTAL MATTERS,Judgement Issued,FED,BIZ,BIZ,FED
5,40,1,1900154,1,2019-03-27,2019-03-01,federal question,893,42,9607,-8,-8,P,-8,0,NA,NA,48241,-8,-8,"EPIC RENEWABLES, INC.","BRUCE'S PULP AND PAPER, ET AL",NA,-8,-8,-8,2020-01-06,2020-01-01,-8,NA,NA,10,13,0,0,0,05/17/2019,NA,NA,NA,-8,0,-8,L,2020,2020,2019,1,NA,NA,NA,5-40-1900154-2019-03-27-1,5-40-1900154,296537,539,0.182,276486,ENVIRONMENTAL MATTERS,Settled,BIZ,BIZ,BIZ,BIZ
5,41,4,2002423,1,2020-07-09,2020-07-01,US govt plaintiff,893,42,7413,-8,-8,N,-8,0,NA,NA,48201,-8,-8,"UNITED STATES OF AMERIC, ET AL",E.I. DU PONT DE NEMOURS AND CO,NA,-8,-8,-8,2020-09-22,2020-09-01,-8,NA,NA,3,5,0,0,1,NA,NA,NA,NA,-8,0,-8,L,2020,2020,2020,1,NA,NA,NA,5-41-2002423-2020-07-09-1,5-41-2002423,495317,488,0.099,276486,ENVIRONMENTAL MATTERS,Settled (Consent Judgement),FED,FED,FED,BIZ
5,42,7,2000074,1,2020-03-20,2020-03-01,US govt plaintiff,893,42,6901,RS,-8,N,-8,0,NA,NA,48135,-8,-8,UNITED STATES OF AMERICA,"ECTOR DRUM, INC., ET AL",NA,-8,-8,-8,2020-05-08,2020-05-01,-8,NA,NA,2,5,0,0,3,NA,NA,NA,NA,-8,0,-8,L,2020,2020,2020,1,NA,NA,NA,5-42-2000074-2020-03-20-1,5-42-2000074,495317,488,0.099,276486,ENVIRONMENTAL MATTERS,Settled (Consent Judgement),BIZ,FED,FED,BIZ
8,61,1,1801076,1,2018-12-14,2018-12-01,US govt plaintiff,893,42,7413,-8,-8,N,-8,0,NA,NA,05003,-8,-8,"UNITED STATES OF  AMERI, ET AL","GEORGIA-PACIFIC CHEMICA, ET AL",NA,-8,-8,-8,2020-06-05,2020-06-01,-8,NA,NA,6,5,0,0,1,08/02/2019,NA,NA,NA,-8,0,-8,L,2020,2020,2018,1,NA,NA,NA,8-61-1801076-2018-12-14-1,8-61-1801076,278681,1496,0.537,276486,ENVIRONMENTAL MATTERS,Settled (Consent Judgement),BIZ,FED,FED,BIZ
9,71,4,1600431,1,2016-01-25,2016-01-01,federal question,893,33,1365,-8,-8,N,-8,0,NA,NA,06001,-8,-8,FRIENDS OF OUTLET CREEK,"GRIST CREEK AGGREGATES, LLC",NA,-8,-8,-8,2020-01-06,2020-01-01,-8,NA,NA,5,12,0,0,0,03/21/2016,04/29/2016,NA,NA,-8,0,-8,L,2020,2020,2016,1,NA,NA,NA,9-71-1600431-2016-01-25-1,9-71-1600431,294173,1832,0.623,276486,ENVIRONMENTAL MATTERS,Dismissed Voluntarily,BIZ,NGO,NGO,BIZ
7,54,3,2100339,1,2021-03-30,2021-03-01,US govt plaintiff,893,42,6901,EN,-8,N,-8,0,NA,NA,17163,-8,-8,"USA, ET AL","XTRA INTERMODAL, INC., ET AL",NA,-8,-8,-8,2021-06-07,2021-06-01,-8,NA,NA,1,5,0,0,3,NA,NA,NA,NA,-8,0,-8,L,2021,2021,2021,1,NA,NA,NA,7-54-2100339-2021-03-30-1,7-54-2100339,328186,448,0.137,260709,ENVIRONMENTAL MATTERS,Settled (Consent Judgement),BIZ,FED,FED,BIZ
7,55,1,2100086,1,2021-03-01,2021-03-01,US govt plaintiff,893,42,7413,-8,-8,N,-8,0,NA,NA,18003,-8,-8,"UNITED STATES OF AMERIC, ET AL","STEEL DYNAMICS, INC.",NA,-8,-8,-8,2021-06-11,2021-06-01,-8,NA,NA,2,5,0,0,1,NA,NA,NA,NA,-8,0,-8,L,2021,2021,2021,1,NA,NA,NA,7-55-2100086-2021-03-01-1,7-55-2100086,328186,448,0.137,260709,ENVIRONMENTAL MATTERS,Settled (Consent Judgement),BIZ,FED,FED,BIZ
9,71,3,2009205,1,2020-12-18,2020-12-01,federal question,893,33,1319,CW,-8,P,-8,0,NA,NA,06013,-8,-8,EDEN ENVIRONMENTAL CITIZEN'S G,MIDWEST COMPOSITE TECHNOLOGIES,NA,-8,-8,-8,2021-03-12,2021-03-01,-8,NA,NA,1,12,0,0,0,NA,NA,NA,NA,-8,0,-8,L,2021,2021,2020,1,NA,NA,NA,9-71-2009205-2020-12-18-1,9-71-2009205,495317,488,0.099,260709,ENVIRONMENTAL MATTERS,Dismissed Voluntarily,BIZ,Unknown,NGO,BIZ
9,79,2,2000648,1,2020-04-20,2020-04-01,US govt defendant,893,16,1600,-8,-8,N,-8,0,NA,NA,41013,-8,-8,"CENTRAL OREGON LANDWATC, ET AL","KOVARIK, ET AL",NA,-8,-8,-8,2021-06-14,2021-06-01,-8,NA,NA,3,13,0,0,0,06/22/2020,NA,NA,NA,-8,0,-8,L,2021,2021,2020,1,NA,NA,NA,9-79-2000648-2020-04-20-1,9-79-2000648,495317,488,0.099,260709,ENVIRONMENTAL MATTERS,Settled,FED,NGO,NGO,FED
11,26,5,1500209,1,2015-02-04,2015-02-01,federal question,893,42,9601,-8,-8,N,-8,3400,NA,NA,01073,-8,-8,BPA SITE PRP GROUP,"INVERSIONES BELLRIM SA, ET AL",NA,-8,-8,-8,2021-08-05,2021-08-01,-8,NA,NA,10,14,0,0,0,06/30/2017,NA,NA,NA,-8,0,-8,L,2021,2021,2015,1,NA,NA,NA,11-26-1500209-2015-02-04-1,11-26-1500209,281925,898,0.319,260709,ENVIRONMENTAL MATTERS,Dismissed (want of pros. or lack of juris.),Unknown,BIZ,BIZ,BIZ
0,90,1,2100097,1,2021-01-12,2021-01-01,US govt defendant,893,33,1365,-8,-8,N,-8,0,NA,NA,11001,-8,-8,"AMERICAN RIVERS, ET AL","ENVIRONMENTAL PROTECTIO, ET AL",NA,-8,-8,-8,2021-11-19,2021-11-01,-8,NA,NA,1,12,0,0,0,NA,NA,NA,NA,-8,0,-8,L,2022,2021,2021,1,NA,NA,NA,0-90-2100097-2021-01-12-1,0-90-2100097,328186,448,0.137,260709,ENVIRONMENTAL MATTERS,Dismissed Voluntarily,FED,NGO,NGO,FED
9,71,4,2108086,1,2021-10-15,2021-10-01,federal question,893,33,1319,CW,-8,P,-8,0,NA,NA,06097,-8,-8,EDEN ENVIRONMENTAL CITIZEN'S G,SHASTA BEVERAGES INC.,NA,-8,-8,-8,2022-02-10,2022-02-01,-8,NA,NA,1,12,0,0,0,NA,NA,NA,NA,-8,0,-8,L,2022,2022,2021,1,NA,NA,NA,9-71-2108086-2021-10-15-1,9-71-2108086,328186,448,0.137,318762,ENVIRONMENTAL MATTERS,Dismissed Voluntarily,BIZ,Unknown,NGO,BIZ
9,77,2,2000028,1,2020-07-10,2020-07-01,federal question,893,33,1365,-8,-8,D,-8,0,NA,NA,30031,-8,-8,"COTTONWOOD ENVIRONMENTA, ET AL","EDWARDS, ET AL",NA,-8,-8,-8,2022-05-09,2022-05-01,-8,NA,NA,7,7,0,0,2,03/09/2022,10/28/2020,NA,04/27/2022,-8,0,-8,L,2022,2022,2020,1,NA,NA,NA,9-77-2000028-2020-07-10-1,9-77-2000028,495317,488,0.099,318762,ENVIRONMENTAL MATTERS,Judgement Issued,Unknown,BIZ,NGO,IND
9,77,4,2000059,1,2020-07-14,2020-07-01,US govt defendant,893,42,4321,-8,-8,N,-8,0,NA,NA,88888,-8,-8,"BOLD ALLIANCE, ET AL","U.S. DEPARTMENT OF THE , ET AL",NA,-8,-8,-8,2022-04-04,2022-04-01,-8,NA,NA,10,13,0,0,0,09/17/2020,11/18/2020,NA,NA,-8,0,-8,L,2022,2022,2020,1,NA,NA,NA,9-77-2000059-2020-07-14-1,9-77-2000059,495317,488,0.099,318762,ENVIRONMENTAL MATTERS,Settled,FED,NGO,NGO,FED
9,79,1,1900516,1,2019-04-09,2019-04-01,US govt defendant,893,05,0551,-8,-8,N,-8,0,NA,NA,41035,-8,-8,"CONCERNED FRIENDS OF TH, ET AL","MCKAY, ET AL",NA,-8,-8,-8,2022-07-05,2022-07-01,-8,NA,NA,4,6,0,0,2,09/06/2019,NA,NA,NA,-8,0,-8,L,2022,2022,2019,1,NA,NA,NA,9-79-1900516-2019-04-09-1,9-79-1900516,296537,539,0.182,318762,ENVIRONMENTAL MATTERS,Judgement Issued,FED,BIZ,NGO,FED
9,71,3,2204704,1,2022-08-16,2022-08-01,federal question,893,33,1319,PV,-8,N,-8,0,NA,NA,06001,-8,-8,THE CALIFORNIA SPORTFISHING PR,CLOVER FLAT LAND FILL INC.,NA,-8,-8,-8,2023-04-14,2023-04-01,-8,NA,NA,1,18,0,0,0,NA,NA,NA,NA,-8,0,-8,L,2023,2023,2022,1,NA,NA,NA,9-71-2204704-2022-08-16-1,9-71-2204704,266080,415,0.156,296508,ENVIRONMENTAL MATTERS,Unknown,BIZ,NGO,NGO,BIZ
9,78,3,2100508,1,2021-12-09,2021-12-01,federal question,893,42,4321,-8,-8,N,-8,0,NA,NA,32003,-8,-8,"WILDEARTH GUARDIANS, ET AL","U.S. DEPARTMENT OF AGRI, ET AL",NA,-8,-8,-8,2023-08-28,2023-08-01,-8,NA,NA,4,6,0,0,2,03/04/2022,NA,NA,NA,-8,0,-8,L,2023,2023,2021,1,NA,NA,NA,9-78-2100508-2021-12-09-1,9-78-2100508,328186,448,0.137,296508,ENVIRONMENTAL MATTERS,Judgement Issued,FED,NGO,NGO,FED
10,84,1,2200796,1,2022-10-25,2022-10-01,federal question,893,16,1538,-8,-8,N,-8,0,NA,NA,88888,-8,-8,CENTER FOR BIOLOGICAL DIVERSIT,"U.S. FISH AND WILDLIFE , ET AL",NA,-8,-8,-8,2022-11-30,2022-11-01,-8,NA,NA,1,12,0,0,0,NA,NA,NA,NA,-8,0,-8,L,2023,2022,2022,1,NA,NA,NA,10-84-2200796-2022-10-25-1,10-84-2200796,266080,415,0.156,318762,ENVIRONMENTAL MATTERS,Dismissed Voluntarily,FED,NGO,NGO,FED
2,06,1,1900134,1,2019-02-01,2019-02-01,US govt defendant,893,42,9607,-8,-8,D,-8,0,NA,NA,36001,M,-8,BASF CORPORATION,"CURIA GLOBAL, INC., ET AL",NA,-8,-8,-8,2023-11-22,2023-11-01,-8,NA,NA,5,13,0,0,0,03/29/2021,06/04/2020,NA,NA,-8,0,-8,L,2024,2023,2019,1,NA,NA,NA,2-06-1900134-2019-02-01-1,2-06-1900134,296537,539,0.182,296508,ENVIRONMENTAL MATTERS,Settled,FED,BIZ,BIZ,BIZ
2,06,6,1601523,1,2016-12-22,2016-12-01,federal question,893,42,9601,-8,-8,D,-8,3700,NA,NA,36065,M,-8,"ELG UTICA ALLOYS, INC.","NIAGARA MOHAWK POWER CO, ET AL",NA,-8,-8,-8,2023-10-02,2023-10-01,-8,NA,NA,10,17,0,0,2,11/25/2019,04/13/2017,NA,NA,-8,0,-8,L,2024,2023,2016,1,NA,NA,NA,2-06-1601523-2016-12-22-1,2-06-1601523,294173,1832,0.623,296508,ENVIRONMENTAL MATTERS,Judgement Issued,BIZ,BIZ,BIZ,BIZ
9,81,3,2105486,1,2021-07-07,2021-07-01,federal question,893,33,1365,-8,-8,N,-8,0,NA,NA,88888,-8,-8,COLUMBIA RIVERKEEPER,"PORT OF VANCOUVER USA, ET AL",NA,-8,-8,-8,2023-11-14,2023-11-01,-8,NA,NA,4,5,0,0,1,05/02/2023,NA,NA,NA,-8,0,-8,L,2024,2023,2021,1,NA,NA,NA,9-81-2105486-2021-07-07-1,9-81-2105486,328186,448,0.137,296508,ENVIRONMENTAL MATTERS,Settled (Consent Judgement),LOC,BIZ,NGO,LOC
