replicate,block,temp,rh,evap,tray_no,development_time,development_rate
38-30-C-2,1,38,30,C,2,6,0.16666666666666666
38-30-C-2,1,38,30,C,2,6,0.16666666666666666
38-30-C-2,1,38,30,C,2,6,0.16666666666666666
38-30-C-2,1,38,30,C,2,6,0.16666666666666666
38-30-C-2,1,38,30,C,2,6,0.16666666666666666
38-30-C-2,1,38,30,C,2,6,0.16666666666666666
38-30-C-2,1,38,30,C,2,6,0.16666666666666666
38-30-C-2,1,38,30,C,2,6,0.16666666666666666
38-30-C-2,1,38,30,C,2,6,0.16666666666666666
38-30-C-2,1,38,30,C,2,6,0.16666666666666666
38-30-C-2,1,38,30,C,2,6,0.16666666666666666
38-30-C-2,1,38,30,C,2,6,0.16666666666666666
38-30-C-2,1,38,30,C,2,6,0.16666666666666666
38-30-C-2,1,38,30,C,2,6,0.16666666666666666
38-30-C-2,1,38,30,C,2,6,0.16666666666666666
38-30-C-2,1,38,30,C,2,6,0.16666666666666666
38-30-C-2,1,38,30,C,2,6,0.16666666666666666
38-30-C-2,1,38,30,C,2,6,0.16666666666666666
38-30-C-2,1,38,30,C,2,7,0.14285714285714285
38-30-C-2,1,38,30,C,2,7,0.14285714285714285
38-30-C-2,1,38,30,C,2,7,0.14285714285714285
38-30-C-2,1,38,30,C,2,7,0.14285714285714285
38-30-C-2,1,38,30,C,2,7,0.14285714285714285
38-30-C-2,1,38,30,C,2,7,0.14285714285714285
38-30-C-2,1,38,30,C,2,7,0.14285714285714285
38-30-C-2,1,38,30,C,2,7,0.14285714285714285
38-30-C-2,1,38,30,C,2,7,0.14285714285714285
38-30-C-2,1,38,30,C,2,7,0.14285714285714285
38-30-C-2,1,38,30,C,2,7,0.14285714285714285
38-30-C-2,1,38,30,C,2,7,0.14285714285714285
38-30-C-2,1,38,30,C,2,7,0.14285714285714285
38-30-C-2,1,38,30,C,2,7,0.14285714285714285
38-30-C-2,1,38,30,C,2,7,0.14285714285714285
38-30-C-2,1,38,30,C,2,7,0.14285714285714285
38-30-C-2,1,38,30,C,2,7,0.14285714285714285
38-30-C-2,1,38,30,C,2,7,0.14285714285714285
38-30-C-2,1,38,30,C,2,7,0.14285714285714285
38-30-C-2,1,38,30,C,2,7,0.14285714285714285
38-30-C-2,1,38,30,C,2,7,0.14285714285714285
38-30-C-2,1,38,30,C,2,7,0.14285714285714285
38-30-C-2,1,38,30,C,2,7,0.14285714285714285
38-30-C-2,1,38,30,C,2,7,0.14285714285714285
38-30-C-2,1,38,30,C,2,7,0.14285714285714285
38-30-C-2,1,38,30,C,2,7,0.14285714285714285
38-30-C-2,1,38,30,C,2,7,0.14285714285714285
38-30-C-2,1,38,30,C,2,7,0.14285714285714285
38-30-C-2,1,38,30,C,2,7,0.14285714285714285
38-30-C-2,1,38,30,C,2,7,0.14285714285714285
38-30-C-2,1,38,30,C,2,8,0.125
38-30-C-2,1,38,30,C,2,8,0.125
38-30-C-2,1,38,30,C,2,8,0.125
38-30-C-2,1,38,30,C,2,10,0.1
38-30-C-2,1,38,30,C,2,14,0.07142857142857142
38-30-C-2,1,38,30,C,2,14,0.07142857142857142
38-30-C-2,1,38,30,C,2,14,0.07142857142857142
38-30-C-2,1,38,30,C,2,17,0.058823529411764705
38-30-C-2,1,38,30,C,2,17,0.058823529411764705
38-30-C-3,1,38,30,C,3,6,0.16666666666666666
38-30-C-3,1,38,30,C,3,6,0.16666666666666666
38-30-C-3,1,38,30,C,3,6,0.16666666666666666
38-30-C-3,1,38,30,C,3,6,0.16666666666666666
38-30-C-3,1,38,30,C,3,6,0.16666666666666666
38-30-C-3,1,38,30,C,3,6,0.16666666666666666
38-30-C-3,1,38,30,C,3,6,0.16666666666666666
38-30-C-3,1,38,30,C,3,6,0.16666666666666666
38-30-C-3,1,38,30,C,3,6,0.16666666666666666
38-30-C-3,1,38,30,C,3,6,0.16666666666666666
38-30-C-3,1,38,30,C,3,6,0.16666666666666666
38-30-C-3,1,38,30,C,3,6,0.16666666666666666
38-30-C-3,1,38,30,C,3,6,0.16666666666666666
38-30-C-3,1,38,30,C,3,6,0.16666666666666666
38-30-C-3,1,38,30,C,3,6,0.16666666666666666
38-30-C-3,1,38,30,C,3,6,0.16666666666666666
38-30-C-3,1,38,30,C,3,6,0.16666666666666666
38-30-C-3,1,38,30,C,3,6,0.16666666666666666
38-30-C-3,1,38,30,C,3,6,0.16666666666666666
38-30-C-3,1,38,30,C,3,6,0.16666666666666666
38-30-C-3,1,38,30,C,3,6,0.16666666666666666
38-30-C-3,1,38,30,C,3,6,0.16666666666666666
38-30-C-3,1,38,30,C,3,7,0.14285714285714285
38-30-C-3,1,38,30,C,3,7,0.14285714285714285
38-30-C-3,1,38,30,C,3,7,0.14285714285714285
38-30-C-3,1,38,30,C,3,7,0.14285714285714285
38-30-C-3,1,38,30,C,3,7,0.14285714285714285
38-30-C-3,1,38,30,C,3,7,0.14285714285714285
38-30-C-3,1,38,30,C,3,7,0.14285714285714285
38-30-C-3,1,38,30,C,3,7,0.14285714285714285
38-30-C-3,1,38,30,C,3,7,0.14285714285714285
38-30-C-3,1,38,30,C,3,7,0.14285714285714285
38-30-C-3,1,38,30,C,3,7,0.14285714285714285
38-30-C-3,1,38,30,C,3,7,0.14285714285714285
38-30-C-3,1,38,30,C,3,7,0.14285714285714285
38-30-C-3,1,38,30,C,3,7,0.14285714285714285
38-30-C-3,1,38,30,C,3,7,0.14285714285714285
38-30-C-3,1,38,30,C,3,7,0.14285714285714285
38-30-C-3,1,38,30,C,3,7,0.14285714285714285
38-30-C-3,1,38,30,C,3,7,0.14285714285714285
38-30-C-3,1,38,30,C,3,7,0.14285714285714285
38-30-C-3,1,38,30,C,3,7,0.14285714285714285
38-30-C-3,1,38,30,C,3,7,0.14285714285714285
38-30-C-3,1,38,30,C,3,7,0.14285714285714285
38-30-C-3,1,38,30,C,3,7,0.14285714285714285
38-30-C-3,1,38,30,C,3,7,0.14285714285714285
38-30-C-3,1,38,30,C,3,7,0.14285714285714285
38-30-C-3,1,38,30,C,3,7,0.14285714285714285
38-30-C-3,1,38,30,C,3,7,0.14285714285714285
38-30-C-3,1,38,30,C,3,7,0.14285714285714285
38-30-C-3,1,38,30,C,3,7,0.14285714285714285
38-30-C-3,1,38,30,C,3,7,0.14285714285714285
38-30-C-3,1,38,30,C,3,7,0.14285714285714285
38-30-C-3,1,38,30,C,3,7,0.14285714285714285
38-30-C-3,1,38,30,C,3,7,0.14285714285714285
38-30-C-3,1,38,30,C,3,7,0.14285714285714285
38-30-C-3,1,38,30,C,3,7,0.14285714285714285
38-30-C-3,1,38,30,C,3,7,0.14285714285714285
38-30-C-3,1,38,30,C,3,7,0.14285714285714285
38-30-C-3,1,38,30,C,3,7,0.14285714285714285
38-30-C-3,1,38,30,C,3,7,0.14285714285714285
38-30-C-3,1,38,30,C,3,7,0.14285714285714285
38-30-C-3,1,38,30,C,3,7,0.14285714285714285
38-30-C-3,1,38,30,C,3,7,0.14285714285714285
38-30-C-3,1,38,30,C,3,7,0.14285714285714285
38-30-C-3,1,38,30,C,3,7,0.14285714285714285
38-30-C-3,1,38,30,C,3,7,0.14285714285714285
38-30-C-3,1,38,30,C,3,7,0.14285714285714285
38-30-C-3,1,38,30,C,3,7,0.14285714285714285
38-30-C-3,1,38,30,C,3,7,0.14285714285714285
38-30-C-3,1,38,30,C,3,8,0.125
38-30-C-3,1,38,30,C,3,8,0.125
38-30-C-3,1,38,30,C,3,9,0.1111111111111111
38-30-C-4,1,38,30,C,4,6,0.16666666666666666
38-30-C-4,1,38,30,C,4,6,0.16666666666666666
38-30-C-4,1,38,30,C,4,6,0.16666666666666666
38-30-C-4,1,38,30,C,4,6,0.16666666666666666
38-30-C-4,1,38,30,C,4,6,0.16666666666666666
38-30-C-4,1,38,30,C,4,6,0.16666666666666666
38-30-C-4,1,38,30,C,4,6,0.16666666666666666
38-30-C-4,1,38,30,C,4,6,0.16666666666666666
38-30-C-4,1,38,30,C,4,6,0.16666666666666666
38-30-C-4,1,38,30,C,4,6,0.16666666666666666
38-30-C-4,1,38,30,C,4,6,0.16666666666666666
38-30-C-4,1,38,30,C,4,6,0.16666666666666666
38-30-C-4,1,38,30,C,4,6,0.16666666666666666
38-30-C-4,1,38,30,C,4,6,0.16666666666666666
38-30-C-4,1,38,30,C,4,6,0.16666666666666666
38-30-C-4,1,38,30,C,4,6,0.16666666666666666
38-30-C-4,1,38,30,C,4,6,0.16666666666666666
38-30-C-4,1,38,30,C,4,6,0.16666666666666666
38-30-C-4,1,38,30,C,4,6,0.16666666666666666
38-30-C-4,1,38,30,C,4,6,0.16666666666666666
38-30-C-4,1,38,30,C,4,6,0.16666666666666666
38-30-C-4,1,38,30,C,4,6,0.16666666666666666
38-30-C-4,1,38,30,C,4,6,0.16666666666666666
38-30-C-4,1,38,30,C,4,6,0.16666666666666666
38-30-C-4,1,38,30,C,4,6,0.16666666666666666
38-30-C-4,1,38,30,C,4,6,0.16666666666666666
38-30-C-4,1,38,30,C,4,6,0.16666666666666666
38-30-C-4,1,38,30,C,4,6,0.16666666666666666
38-30-C-4,1,38,30,C,4,6,0.16666666666666666
38-30-C-4,1,38,30,C,4,6,0.16666666666666666
38-30-C-4,1,38,30,C,4,6,0.16666666666666666
38-30-C-4,1,38,30,C,4,6,0.16666666666666666
38-30-C-4,1,38,30,C,4,6,0.16666666666666666
38-30-C-4,1,38,30,C,4,6,0.16666666666666666
38-30-C-4,1,38,30,C,4,6,0.16666666666666666
38-30-C-4,1,38,30,C,4,6,0.16666666666666666
38-30-C-4,1,38,30,C,4,6,0.16666666666666666
38-30-C-4,1,38,30,C,4,6,0.16666666666666666
38-30-C-4,1,38,30,C,4,6,0.16666666666666666
38-30-C-4,1,38,30,C,4,6,0.16666666666666666
38-30-C-4,1,38,30,C,4,6,0.16666666666666666
38-30-C-4,1,38,30,C,4,6,0.16666666666666666
38-30-C-4,1,38,30,C,4,7,0.14285714285714285
38-30-C-4,1,38,30,C,4,7,0.14285714285714285
38-30-C-4,1,38,30,C,4,7,0.14285714285714285
38-30-C-4,1,38,30,C,4,7,0.14285714285714285
38-30-C-4,1,38,30,C,4,7,0.14285714285714285
38-30-C-4,1,38,30,C,4,7,0.14285714285714285
38-30-C-4,1,38,30,C,4,7,0.14285714285714285
38-30-C-4,1,38,30,C,4,7,0.14285714285714285
38-30-C-4,1,38,30,C,4,7,0.14285714285714285
38-30-C-4,1,38,30,C,4,7,0.14285714285714285
38-30-C-4,1,38,30,C,4,7,0.14285714285714285
38-30-C-4,1,38,30,C,4,7,0.14285714285714285
38-30-C-4,1,38,30,C,4,7,0.14285714285714285
38-30-C-4,1,38,30,C,4,7,0.14285714285714285
38-30-C-4,1,38,30,C,4,7,0.14285714285714285
38-30-C-4,1,38,30,C,4,7,0.14285714285714285
38-30-C-4,1,38,30,C,4,7,0.14285714285714285
38-30-C-4,1,38,30,C,4,7,0.14285714285714285
38-30-C-4,1,38,30,C,4,7,0.14285714285714285
38-30-C-4,1,38,30,C,4,7,0.14285714285714285
38-30-C-4,1,38,30,C,4,7,0.14285714285714285
38-30-C-4,1,38,30,C,4,7,0.14285714285714285
38-30-C-4,1,38,30,C,4,7,0.14285714285714285
38-30-C-4,1,38,30,C,4,7,0.14285714285714285
38-30-C-4,1,38,30,C,4,7,0.14285714285714285
38-30-C-4,1,38,30,C,4,7,0.14285714285714285
38-30-C-4,1,38,30,C,4,7,0.14285714285714285
38-30-C-4,1,38,30,C,4,8,0.125
38-30-C-4,1,38,30,C,4,8,0.125
38-30-C-4,1,38,30,C,4,8,0.125
38-30-C-4,1,38,30,C,4,8,0.125
38-30-C-4,1,38,30,C,4,8,0.125
38-30-C-4,1,38,30,C,4,8,0.125
38-30-C-4,1,38,30,C,4,8,0.125
35-75-C-2,1,35,75,C,2,6,0.16666666666666666
35-75-C-2,1,35,75,C,2,6,0.16666666666666666
35-75-C-2,1,35,75,C,2,6,0.16666666666666666
35-75-C-2,1,35,75,C,2,6,0.16666666666666666
35-75-C-2,1,35,75,C,2,6,0.16666666666666666
35-75-C-2,1,35,75,C,2,6,0.16666666666666666
35-75-C-2,1,35,75,C,2,6,0.16666666666666666
35-75-C-2,1,35,75,C,2,6,0.16666666666666666
35-75-C-2,1,35,75,C,2,6,0.16666666666666666
35-75-C-2,1,35,75,C,2,6,0.16666666666666666
35-75-C-2,1,35,75,C,2,6,0.16666666666666666
35-75-C-2,1,35,75,C,2,6,0.16666666666666666
35-75-C-2,1,35,75,C,2,7,0.14285714285714285
35-75-C-2,1,35,75,C,2,7,0.14285714285714285
35-75-C-2,1,35,75,C,2,7,0.14285714285714285
35-75-C-2,1,35,75,C,2,7,0.14285714285714285
35-75-C-2,1,35,75,C,2,7,0.14285714285714285
35-75-C-2,1,35,75,C,2,7,0.14285714285714285
35-75-C-2,1,35,75,C,2,7,0.14285714285714285
35-75-C-2,1,35,75,C,2,7,0.14285714285714285
35-75-C-2,1,35,75,C,2,7,0.14285714285714285
35-75-C-2,1,35,75,C,2,7,0.14285714285714285
35-75-C-2,1,35,75,C,2,7,0.14285714285714285
35-75-C-2,1,35,75,C,2,7,0.14285714285714285
35-75-C-2,1,35,75,C,2,7,0.14285714285714285
35-75-C-2,1,35,75,C,2,7,0.14285714285714285
35-75-C-2,1,35,75,C,2,7,0.14285714285714285
35-75-C-2,1,35,75,C,2,7,0.14285714285714285
35-75-C-2,1,35,75,C,2,7,0.14285714285714285
35-75-C-2,1,35,75,C,2,7,0.14285714285714285
35-75-C-2,1,35,75,C,2,7,0.14285714285714285
35-75-C-2,1,35,75,C,2,7,0.14285714285714285
35-75-C-2,1,35,75,C,2,7,0.14285714285714285
35-75-C-2,1,35,75,C,2,7,0.14285714285714285
35-75-C-2,1,35,75,C,2,7,0.14285714285714285
35-75-C-2,1,35,75,C,2,7,0.14285714285714285
35-75-C-2,1,35,75,C,2,7,0.14285714285714285
35-75-C-2,1,35,75,C,2,7,0.14285714285714285
35-75-C-2,1,35,75,C,2,7,0.14285714285714285
35-75-C-2,1,35,75,C,2,7,0.14285714285714285
35-75-C-2,1,35,75,C,2,7,0.14285714285714285
35-75-C-2,1,35,75,C,2,7,0.14285714285714285
35-75-C-2,1,35,75,C,2,7,0.14285714285714285
35-75-C-2,1,35,75,C,2,7,0.14285714285714285
35-75-C-2,1,35,75,C,2,7,0.14285714285714285
35-75-C-2,1,35,75,C,2,7,0.14285714285714285
35-75-C-2,1,35,75,C,2,7,0.14285714285714285
35-75-C-2,1,35,75,C,2,7,0.14285714285714285
35-75-C-2,1,35,75,C,2,7,0.14285714285714285
35-75-C-2,1,35,75,C,2,7,0.14285714285714285
35-75-C-2,1,35,75,C,2,7,0.14285714285714285
35-75-C-2,1,35,75,C,2,7,0.14285714285714285
35-75-C-2,1,35,75,C,2,7,0.14285714285714285
35-75-C-2,1,35,75,C,2,7,0.14285714285714285
35-75-C-2,1,35,75,C,2,7,0.14285714285714285
35-75-C-2,1,35,75,C,2,7,0.14285714285714285
35-75-C-2,1,35,75,C,2,7,0.14285714285714285
35-75-C-2,1,35,75,C,2,7,0.14285714285714285
35-75-C-2,1,35,75,C,2,7,0.14285714285714285
35-75-C-2,1,35,75,C,2,7,0.14285714285714285
35-75-C-2,1,35,75,C,2,7,0.14285714285714285
35-75-C-2,1,35,75,C,2,7,0.14285714285714285
35-75-C-2,1,35,75,C,2,7,0.14285714285714285
35-75-C-2,1,35,75,C,2,7,0.14285714285714285
35-75-C-2,1,35,75,C,2,7,0.14285714285714285
35-75-C-2,1,35,75,C,2,7,0.14285714285714285
35-75-C-2,1,35,75,C,2,7,0.14285714285714285
35-75-C-2,1,35,75,C,2,7,0.14285714285714285
35-75-C-2,1,35,75,C,2,7,0.14285714285714285
35-75-C-2,1,35,75,C,2,7,0.14285714285714285
35-75-C-2,1,35,75,C,2,7,0.14285714285714285
35-75-C-2,1,35,75,C,2,7,0.14285714285714285
35-75-C-2,1,35,75,C,2,7,0.14285714285714285
35-75-C-2,1,35,75,C,2,8,0.125
35-75-C-2,1,35,75,C,2,8,0.125
35-75-C-2,1,35,75,C,2,8,0.125
35-75-C-2,1,35,75,C,2,8,0.125
35-75-C-2,1,35,75,C,2,8,0.125
35-75-C-2,1,35,75,C,2,8,0.125
35-75-C-2,1,35,75,C,2,8,0.125
35-75-C-2,1,35,75,C,2,8,0.125
35-75-C-2,1,35,75,C,2,8,0.125
35-75-C-2,1,35,75,C,2,8,0.125
35-75-C-2,1,35,75,C,2,8,0.125
35-75-C-2,1,35,75,C,2,9,0.1111111111111111
35-75-C-2,1,35,75,C,2,9,0.1111111111111111
35-75-C-2,1,35,75,C,2,10,0.1
35-75-C-3,1,35,75,C,3,6,0.16666666666666666
35-75-C-3,1,35,75,C,3,6,0.16666666666666666
35-75-C-3,1,35,75,C,3,6,0.16666666666666666
35-75-C-3,1,35,75,C,3,6,0.16666666666666666
35-75-C-3,1,35,75,C,3,6,0.16666666666666666
35-75-C-3,1,35,75,C,3,7,0.14285714285714285
35-75-C-3,1,35,75,C,3,7,0.14285714285714285
35-75-C-3,1,35,75,C,3,7,0.14285714285714285
35-75-C-3,1,35,75,C,3,7,0.14285714285714285
35-75-C-3,1,35,75,C,3,7,0.14285714285714285
35-75-C-3,1,35,75,C,3,7,0.14285714285714285
35-75-C-3,1,35,75,C,3,7,0.14285714285714285
35-75-C-3,1,35,75,C,3,7,0.14285714285714285
35-75-C-3,1,35,75,C,3,7,0.14285714285714285
35-75-C-3,1,35,75,C,3,7,0.14285714285714285
35-75-C-3,1,35,75,C,3,7,0.14285714285714285
35-75-C-3,1,35,75,C,3,7,0.14285714285714285
35-75-C-3,1,35,75,C,3,7,0.14285714285714285
35-75-C-3,1,35,75,C,3,7,0.14285714285714285
35-75-C-3,1,35,75,C,3,7,0.14285714285714285
35-75-C-3,1,35,75,C,3,7,0.14285714285714285
35-75-C-3,1,35,75,C,3,7,0.14285714285714285
35-75-C-3,1,35,75,C,3,7,0.14285714285714285
35-75-C-3,1,35,75,C,3,7,0.14285714285714285
35-75-C-3,1,35,75,C,3,7,0.14285714285714285
35-75-C-3,1,35,75,C,3,7,0.14285714285714285
35-75-C-3,1,35,75,C,3,7,0.14285714285714285
35-75-C-3,1,35,75,C,3,7,0.14285714285714285
35-75-C-3,1,35,75,C,3,7,0.14285714285714285
35-75-C-3,1,35,75,C,3,7,0.14285714285714285
35-75-C-3,1,35,75,C,3,7,0.14285714285714285
35-75-C-3,1,35,75,C,3,7,0.14285714285714285
35-75-C-3,1,35,75,C,3,7,0.14285714285714285
35-75-C-3,1,35,75,C,3,7,0.14285714285714285
35-75-C-3,1,35,75,C,3,7,0.14285714285714285
35-75-C-3,1,35,75,C,3,7,0.14285714285714285
35-75-C-3,1,35,75,C,3,7,0.14285714285714285
35-75-C-3,1,35,75,C,3,7,0.14285714285714285
35-75-C-3,1,35,75,C,3,7,0.14285714285714285
35-75-C-3,1,35,75,C,3,7,0.14285714285714285
35-75-C-3,1,35,75,C,3,7,0.14285714285714285
35-75-C-3,1,35,75,C,3,7,0.14285714285714285
35-75-C-3,1,35,75,C,3,7,0.14285714285714285
35-75-C-3,1,35,75,C,3,7,0.14285714285714285
35-75-C-3,1,35,75,C,3,7,0.14285714285714285
35-75-C-3,1,35,75,C,3,7,0.14285714285714285
35-75-C-3,1,35,75,C,3,7,0.14285714285714285
35-75-C-3,1,35,75,C,3,7,0.14285714285714285
35-75-C-3,1,35,75,C,3,7,0.14285714285714285
35-75-C-3,1,35,75,C,3,7,0.14285714285714285
35-75-C-3,1,35,75,C,3,7,0.14285714285714285
35-75-C-3,1,35,75,C,3,7,0.14285714285714285
35-75-C-3,1,35,75,C,3,7,0.14285714285714285
35-75-C-3,1,35,75,C,3,7,0.14285714285714285
35-75-C-3,1,35,75,C,3,7,0.14285714285714285
35-75-C-3,1,35,75,C,3,7,0.14285714285714285
35-75-C-3,1,35,75,C,3,7,0.14285714285714285
35-75-C-3,1,35,75,C,3,7,0.14285714285714285
35-75-C-3,1,35,75,C,3,7,0.14285714285714285
35-75-C-3,1,35,75,C,3,7,0.14285714285714285
35-75-C-3,1,35,75,C,3,7,0.14285714285714285
35-75-C-3,1,35,75,C,3,7,0.14285714285714285
35-75-C-3,1,35,75,C,3,7,0.14285714285714285
35-75-C-3,1,35,75,C,3,7,0.14285714285714285
35-75-C-3,1,35,75,C,3,7,0.14285714285714285
35-75-C-3,1,35,75,C,3,7,0.14285714285714285
35-75-C-3,1,35,75,C,3,7,0.14285714285714285
35-75-C-3,1,35,75,C,3,7,0.14285714285714285
35-75-C-3,1,35,75,C,3,7,0.14285714285714285
35-75-C-3,1,35,75,C,3,8,0.125
35-75-C-3,1,35,75,C,3,8,0.125
35-75-C-3,1,35,75,C,3,8,0.125
35-75-C-3,1,35,75,C,3,8,0.125
35-75-C-3,1,35,75,C,3,8,0.125
35-75-C-3,1,35,75,C,3,8,0.125
35-75-C-3,1,35,75,C,3,8,0.125
35-75-C-3,1,35,75,C,3,8,0.125
35-75-C-3,1,35,75,C,3,8,0.125
35-75-C-3,1,35,75,C,3,8,0.125
35-75-C-3,1,35,75,C,3,8,0.125
35-75-C-3,1,35,75,C,3,8,0.125
35-75-C-3,1,35,75,C,3,8,0.125
35-75-C-4,1,35,75,C,4,6,0.16666666666666666
35-75-C-4,1,35,75,C,4,6,0.16666666666666666
35-75-C-4,1,35,75,C,4,6,0.16666666666666666
35-75-C-4,1,35,75,C,4,6,0.16666666666666666
35-75-C-4,1,35,75,C,4,6,0.16666666666666666
35-75-C-4,1,35,75,C,4,6,0.16666666666666666
35-75-C-4,1,35,75,C,4,6,0.16666666666666666
35-75-C-4,1,35,75,C,4,6,0.16666666666666666
35-75-C-4,1,35,75,C,4,6,0.16666666666666666
35-75-C-4,1,35,75,C,4,6,0.16666666666666666
35-75-C-4,1,35,75,C,4,6,0.16666666666666666
35-75-C-4,1,35,75,C,4,7,0.14285714285714285
35-75-C-4,1,35,75,C,4,7,0.14285714285714285
35-75-C-4,1,35,75,C,4,7,0.14285714285714285
35-75-C-4,1,35,75,C,4,7,0.14285714285714285
35-75-C-4,1,35,75,C,4,7,0.14285714285714285
35-75-C-4,1,35,75,C,4,7,0.14285714285714285
35-75-C-4,1,35,75,C,4,7,0.14285714285714285
35-75-C-4,1,35,75,C,4,7,0.14285714285714285
35-75-C-4,1,35,75,C,4,7,0.14285714285714285
35-75-C-4,1,35,75,C,4,7,0.14285714285714285
35-75-C-4,1,35,75,C,4,7,0.14285714285714285
35-75-C-4,1,35,75,C,4,7,0.14285714285714285
35-75-C-4,1,35,75,C,4,7,0.14285714285714285
35-75-C-4,1,35,75,C,4,7,0.14285714285714285
35-75-C-4,1,35,75,C,4,7,0.14285714285714285
35-75-C-4,1,35,75,C,4,7,0.14285714285714285
35-75-C-4,1,35,75,C,4,7,0.14285714285714285
35-75-C-4,1,35,75,C,4,7,0.14285714285714285
35-75-C-4,1,35,75,C,4,7,0.14285714285714285
35-75-C-4,1,35,75,C,4,7,0.14285714285714285
35-75-C-4,1,35,75,C,4,7,0.14285714285714285
35-75-C-4,1,35,75,C,4,7,0.14285714285714285
35-75-C-4,1,35,75,C,4,7,0.14285714285714285
35-75-C-4,1,35,75,C,4,7,0.14285714285714285
35-75-C-4,1,35,75,C,4,7,0.14285714285714285
35-75-C-4,1,35,75,C,4,7,0.14285714285714285
35-75-C-4,1,35,75,C,4,7,0.14285714285714285
35-75-C-4,1,35,75,C,4,7,0.14285714285714285
35-75-C-4,1,35,75,C,4,7,0.14285714285714285
35-75-C-4,1,35,75,C,4,7,0.14285714285714285
35-75-C-4,1,35,75,C,4,7,0.14285714285714285
35-75-C-4,1,35,75,C,4,7,0.14285714285714285
35-75-C-4,1,35,75,C,4,7,0.14285714285714285
35-75-C-4,1,35,75,C,4,7,0.14285714285714285
35-75-C-4,1,35,75,C,4,7,0.14285714285714285
35-75-C-4,1,35,75,C,4,7,0.14285714285714285
35-75-C-4,1,35,75,C,4,7,0.14285714285714285
35-75-C-4,1,35,75,C,4,7,0.14285714285714285
35-75-C-4,1,35,75,C,4,7,0.14285714285714285
35-75-C-4,1,35,75,C,4,7,0.14285714285714285
35-75-C-4,1,35,75,C,4,7,0.14285714285714285
35-75-C-4,1,35,75,C,4,7,0.14285714285714285
35-75-C-4,1,35,75,C,4,7,0.14285714285714285
35-75-C-4,1,35,75,C,4,7,0.14285714285714285
35-75-C-4,1,35,75,C,4,7,0.14285714285714285
35-75-C-4,1,35,75,C,4,7,0.14285714285714285
35-75-C-4,1,35,75,C,4,7,0.14285714285714285
35-75-C-4,1,35,75,C,4,7,0.14285714285714285
35-75-C-4,1,35,75,C,4,7,0.14285714285714285
35-75-C-4,1,35,75,C,4,7,0.14285714285714285
35-75-C-4,1,35,75,C,4,7,0.14285714285714285
35-75-C-4,1,35,75,C,4,7,0.14285714285714285
35-75-C-4,1,35,75,C,4,7,0.14285714285714285
35-75-C-4,1,35,75,C,4,7,0.14285714285714285
35-75-C-4,1,35,75,C,4,7,0.14285714285714285
35-75-C-4,1,35,75,C,4,8,0.125
35-75-C-4,1,35,75,C,4,8,0.125
35-75-C-4,1,35,75,C,4,8,0.125
35-75-C-4,1,35,75,C,4,8,0.125
35-75-C-4,1,35,75,C,4,8,0.125
35-75-C-4,1,35,75,C,4,8,0.125
35-75-C-4,1,35,75,C,4,8,0.125
35-75-C-4,1,35,75,C,4,8,0.125
35-75-C-4,1,35,75,C,4,8,0.125
35-75-C-4,1,35,75,C,4,8,0.125
35-75-C-4,1,35,75,C,4,8,0.125
35-75-C-4,1,35,75,C,4,11,0.09090909090909091
35-75-C-4,1,35,75,C,4,11,0.09090909090909091
35-75-C-4,1,35,75,C,4,12,0.08333333333333333
35-75-E-2,1,35,75,E,2,6,0.16666666666666666
35-75-E-2,1,35,75,E,2,6,0.16666666666666666
35-75-E-2,1,35,75,E,2,6,0.16666666666666666
35-75-E-2,1,35,75,E,2,6,0.16666666666666666
35-75-E-2,1,35,75,E,2,6,0.16666666666666666
35-75-E-2,1,35,75,E,2,6,0.16666666666666666
35-75-E-2,1,35,75,E,2,6,0.16666666666666666
35-75-E-2,1,35,75,E,2,6,0.16666666666666666
35-75-E-2,1,35,75,E,2,6,0.16666666666666666
35-75-E-2,1,35,75,E,2,6,0.16666666666666666
35-75-E-2,1,35,75,E,2,6,0.16666666666666666
35-75-E-2,1,35,75,E,2,6,0.16666666666666666
35-75-E-2,1,35,75,E,2,6,0.16666666666666666
35-75-E-2,1,35,75,E,2,6,0.16666666666666666
35-75-E-2,1,35,75,E,2,6,0.16666666666666666
35-75-E-2,1,35,75,E,2,6,0.16666666666666666
35-75-E-2,1,35,75,E,2,6,0.16666666666666666
35-75-E-2,1,35,75,E,2,6,0.16666666666666666
35-75-E-2,1,35,75,E,2,6,0.16666666666666666
35-75-E-2,1,35,75,E,2,6,0.16666666666666666
35-75-E-2,1,35,75,E,2,6,0.16666666666666666
35-75-E-2,1,35,75,E,2,6,0.16666666666666666
35-75-E-2,1,35,75,E,2,6,0.16666666666666666
35-75-E-2,1,35,75,E,2,6,0.16666666666666666
35-75-E-2,1,35,75,E,2,6,0.16666666666666666
35-75-E-2,1,35,75,E,2,6,0.16666666666666666
35-75-E-2,1,35,75,E,2,6,0.16666666666666666
35-75-E-2,1,35,75,E,2,6,0.16666666666666666
35-75-E-2,1,35,75,E,2,6,0.16666666666666666
35-75-E-2,1,35,75,E,2,6,0.16666666666666666
35-75-E-2,1,35,75,E,2,7,0.14285714285714285
35-75-E-2,1,35,75,E,2,7,0.14285714285714285
35-75-E-2,1,35,75,E,2,7,0.14285714285714285
35-75-E-2,1,35,75,E,2,7,0.14285714285714285
35-75-E-2,1,35,75,E,2,7,0.14285714285714285
35-75-E-2,1,35,75,E,2,7,0.14285714285714285
35-75-E-2,1,35,75,E,2,7,0.14285714285714285
35-75-E-2,1,35,75,E,2,7,0.14285714285714285
35-75-E-2,1,35,75,E,2,7,0.14285714285714285
35-75-E-2,1,35,75,E,2,7,0.14285714285714285
35-75-E-2,1,35,75,E,2,7,0.14285714285714285
35-75-E-2,1,35,75,E,2,7,0.14285714285714285
35-75-E-2,1,35,75,E,2,7,0.14285714285714285
35-75-E-2,1,35,75,E,2,7,0.14285714285714285
35-75-E-2,1,35,75,E,2,7,0.14285714285714285
35-75-E-2,1,35,75,E,2,7,0.14285714285714285
35-75-E-2,1,35,75,E,2,7,0.14285714285714285
35-75-E-2,1,35,75,E,2,7,0.14285714285714285
35-75-E-2,1,35,75,E,2,7,0.14285714285714285
35-75-E-2,1,35,75,E,2,7,0.14285714285714285
35-75-E-2,1,35,75,E,2,7,0.14285714285714285
35-75-E-2,1,35,75,E,2,7,0.14285714285714285
35-75-E-2,1,35,75,E,2,7,0.14285714285714285
35-75-E-2,1,35,75,E,2,7,0.14285714285714285
35-75-E-2,1,35,75,E,2,7,0.14285714285714285
35-75-E-2,1,35,75,E,2,7,0.14285714285714285
35-75-E-2,1,35,75,E,2,7,0.14285714285714285
35-75-E-2,1,35,75,E,2,7,0.14285714285714285
35-75-E-2,1,35,75,E,2,7,0.14285714285714285
35-75-E-2,1,35,75,E,2,7,0.14285714285714285
35-75-E-2,1,35,75,E,2,7,0.14285714285714285
35-75-E-2,1,35,75,E,2,7,0.14285714285714285
35-75-E-2,1,35,75,E,2,7,0.14285714285714285
35-75-E-2,1,35,75,E,2,7,0.14285714285714285
35-75-E-2,1,35,75,E,2,7,0.14285714285714285
35-75-E-2,1,35,75,E,2,7,0.14285714285714285
35-75-E-2,1,35,75,E,2,7,0.14285714285714285
35-75-E-2,1,35,75,E,2,7,0.14285714285714285
35-75-E-2,1,35,75,E,2,7,0.14285714285714285
35-75-E-2,1,35,75,E,2,7,0.14285714285714285
35-75-E-2,1,35,75,E,2,7,0.14285714285714285
35-75-E-2,1,35,75,E,2,7,0.14285714285714285
35-75-E-2,1,35,75,E,2,7,0.14285714285714285
35-75-E-2,1,35,75,E,2,7,0.14285714285714285
35-75-E-2,1,35,75,E,2,7,0.14285714285714285
35-75-E-2,1,35,75,E,2,7,0.14285714285714285
35-75-E-2,1,35,75,E,2,7,0.14285714285714285
35-75-E-2,1,35,75,E,2,7,0.14285714285714285
35-75-E-2,1,35,75,E,2,7,0.14285714285714285
35-75-E-2,1,35,75,E,2,7,0.14285714285714285
35-75-E-2,1,35,75,E,2,7,0.14285714285714285
35-75-E-2,1,35,75,E,2,7,0.14285714285714285
35-75-E-2,1,35,75,E,2,7,0.14285714285714285
35-75-E-2,1,35,75,E,2,7,0.14285714285714285
35-75-E-2,1,35,75,E,2,7,0.14285714285714285
35-75-E-2,1,35,75,E,2,7,0.14285714285714285
35-75-E-2,1,35,75,E,2,7,0.14285714285714285
35-75-E-2,1,35,75,E,2,7,0.14285714285714285
35-75-E-2,1,35,75,E,2,7,0.14285714285714285
35-75-E-2,1,35,75,E,2,7,0.14285714285714285
35-75-E-2,1,35,75,E,2,7,0.14285714285714285
35-75-E-2,1,35,75,E,2,7,0.14285714285714285
35-75-E-2,1,35,75,E,2,8,0.125
35-75-E-2,1,35,75,E,2,8,0.125
35-75-E-2,1,35,75,E,2,9,0.1111111111111111
35-75-E-3,1,35,75,E,3,5,0.2
35-75-E-3,1,35,75,E,3,5,0.2
35-75-E-3,1,35,75,E,3,6,0.16666666666666666
35-75-E-3,1,35,75,E,3,6,0.16666666666666666
35-75-E-3,1,35,75,E,3,6,0.16666666666666666
35-75-E-3,1,35,75,E,3,6,0.16666666666666666
35-75-E-3,1,35,75,E,3,6,0.16666666666666666
35-75-E-3,1,35,75,E,3,6,0.16666666666666666
35-75-E-3,1,35,75,E,3,6,0.16666666666666666
35-75-E-3,1,35,75,E,3,6,0.16666666666666666
35-75-E-3,1,35,75,E,3,6,0.16666666666666666
35-75-E-3,1,35,75,E,3,6,0.16666666666666666
35-75-E-3,1,35,75,E,3,6,0.16666666666666666
35-75-E-3,1,35,75,E,3,6,0.16666666666666666
35-75-E-3,1,35,75,E,3,6,0.16666666666666666
35-75-E-3,1,35,75,E,3,6,0.16666666666666666
35-75-E-3,1,35,75,E,3,6,0.16666666666666666
35-75-E-3,1,35,75,E,3,6,0.16666666666666666
35-75-E-3,1,35,75,E,3,6,0.16666666666666666
35-75-E-3,1,35,75,E,3,6,0.16666666666666666
35-75-E-3,1,35,75,E,3,6,0.16666666666666666
35-75-E-3,1,35,75,E,3,6,0.16666666666666666
35-75-E-3,1,35,75,E,3,6,0.16666666666666666
35-75-E-3,1,35,75,E,3,6,0.16666666666666666
35-75-E-3,1,35,75,E,3,6,0.16666666666666666
35-75-E-3,1,35,75,E,3,6,0.16666666666666666
35-75-E-3,1,35,75,E,3,6,0.16666666666666666
35-75-E-3,1,35,75,E,3,6,0.16666666666666666
35-75-E-3,1,35,75,E,3,6,0.16666666666666666
35-75-E-3,1,35,75,E,3,6,0.16666666666666666
35-75-E-3,1,35,75,E,3,7,0.14285714285714285
35-75-E-3,1,35,75,E,3,7,0.14285714285714285
35-75-E-3,1,35,75,E,3,7,0.14285714285714285
35-75-E-3,1,35,75,E,3,7,0.14285714285714285
35-75-E-3,1,35,75,E,3,7,0.14285714285714285
35-75-E-3,1,35,75,E,3,7,0.14285714285714285
35-75-E-3,1,35,75,E,3,7,0.14285714285714285
35-75-E-3,1,35,75,E,3,7,0.14285714285714285
35-75-E-3,1,35,75,E,3,7,0.14285714285714285
35-75-E-3,1,35,75,E,3,7,0.14285714285714285
35-75-E-3,1,35,75,E,3,7,0.14285714285714285
35-75-E-3,1,35,75,E,3,7,0.14285714285714285
35-75-E-3,1,35,75,E,3,7,0.14285714285714285
35-75-E-3,1,35,75,E,3,7,0.14285714285714285
35-75-E-3,1,35,75,E,3,7,0.14285714285714285
35-75-E-3,1,35,75,E,3,7,0.14285714285714285
35-75-E-3,1,35,75,E,3,7,0.14285714285714285
35-75-E-3,1,35,75,E,3,7,0.14285714285714285
35-75-E-3,1,35,75,E,3,7,0.14285714285714285
35-75-E-3,1,35,75,E,3,7,0.14285714285714285
35-75-E-3,1,35,75,E,3,7,0.14285714285714285
35-75-E-3,1,35,75,E,3,7,0.14285714285714285
35-75-E-3,1,35,75,E,3,7,0.14285714285714285
35-75-E-3,1,35,75,E,3,7,0.14285714285714285
35-75-E-3,1,35,75,E,3,7,0.14285714285714285
35-75-E-3,1,35,75,E,3,7,0.14285714285714285
35-75-E-3,1,35,75,E,3,7,0.14285714285714285
35-75-E-3,1,35,75,E,3,7,0.14285714285714285
35-75-E-3,1,35,75,E,3,7,0.14285714285714285
35-75-E-3,1,35,75,E,3,7,0.14285714285714285
35-75-E-3,1,35,75,E,3,7,0.14285714285714285
35-75-E-3,1,35,75,E,3,7,0.14285714285714285
35-75-E-3,1,35,75,E,3,7,0.14285714285714285
35-75-E-3,1,35,75,E,3,7,0.14285714285714285
35-75-E-3,1,35,75,E,3,7,0.14285714285714285
35-75-E-3,1,35,75,E,3,7,0.14285714285714285
35-75-E-3,1,35,75,E,3,7,0.14285714285714285
35-75-E-3,1,35,75,E,3,7,0.14285714285714285
35-75-E-3,1,35,75,E,3,7,0.14285714285714285
35-75-E-3,1,35,75,E,3,7,0.14285714285714285
35-75-E-3,1,35,75,E,3,7,0.14285714285714285
35-75-E-3,1,35,75,E,3,7,0.14285714285714285
35-75-E-3,1,35,75,E,3,7,0.14285714285714285
35-75-E-3,1,35,75,E,3,8,0.125
35-75-E-3,1,35,75,E,3,8,0.125
35-75-E-4,1,35,75,E,4,5,0.2
35-75-E-4,1,35,75,E,4,6,0.16666666666666666
35-75-E-4,1,35,75,E,4,6,0.16666666666666666
35-75-E-4,1,35,75,E,4,6,0.16666666666666666
35-75-E-4,1,35,75,E,4,6,0.16666666666666666
35-75-E-4,1,35,75,E,4,6,0.16666666666666666
35-75-E-4,1,35,75,E,4,6,0.16666666666666666
35-75-E-4,1,35,75,E,4,6,0.16666666666666666
35-75-E-4,1,35,75,E,4,6,0.16666666666666666
35-75-E-4,1,35,75,E,4,6,0.16666666666666666
35-75-E-4,1,35,75,E,4,6,0.16666666666666666
35-75-E-4,1,35,75,E,4,6,0.16666666666666666
35-75-E-4,1,35,75,E,4,6,0.16666666666666666
35-75-E-4,1,35,75,E,4,6,0.16666666666666666
35-75-E-4,1,35,75,E,4,6,0.16666666666666666
35-75-E-4,1,35,75,E,4,6,0.16666666666666666
35-75-E-4,1,35,75,E,4,6,0.16666666666666666
35-75-E-4,1,35,75,E,4,6,0.16666666666666666
35-75-E-4,1,35,75,E,4,6,0.16666666666666666
35-75-E-4,1,35,75,E,4,6,0.16666666666666666
35-75-E-4,1,35,75,E,4,6,0.16666666666666666
35-75-E-4,1,35,75,E,4,6,0.16666666666666666
35-75-E-4,1,35,75,E,4,6,0.16666666666666666
35-75-E-4,1,35,75,E,4,6,0.16666666666666666
35-75-E-4,1,35,75,E,4,6,0.16666666666666666
35-75-E-4,1,35,75,E,4,6,0.16666666666666666
35-75-E-4,1,35,75,E,4,6,0.16666666666666666
35-75-E-4,1,35,75,E,4,6,0.16666666666666666
35-75-E-4,1,35,75,E,4,6,0.16666666666666666
35-75-E-4,1,35,75,E,4,6,0.16666666666666666
35-75-E-4,1,35,75,E,4,6,0.16666666666666666
35-75-E-4,1,35,75,E,4,6,0.16666666666666666
35-75-E-4,1,35,75,E,4,6,0.16666666666666666
35-75-E-4,1,35,75,E,4,6,0.16666666666666666
35-75-E-4,1,35,75,E,4,6,0.16666666666666666
35-75-E-4,1,35,75,E,4,7,0.14285714285714285
35-75-E-4,1,35,75,E,4,7,0.14285714285714285
35-75-E-4,1,35,75,E,4,7,0.14285714285714285
35-75-E-4,1,35,75,E,4,7,0.14285714285714285
35-75-E-4,1,35,75,E,4,7,0.14285714285714285
35-75-E-4,1,35,75,E,4,7,0.14285714285714285
35-75-E-4,1,35,75,E,4,7,0.14285714285714285
35-75-E-4,1,35,75,E,4,7,0.14285714285714285
35-75-E-4,1,35,75,E,4,7,0.14285714285714285
35-75-E-4,1,35,75,E,4,7,0.14285714285714285
35-75-E-4,1,35,75,E,4,7,0.14285714285714285
35-75-E-4,1,35,75,E,4,7,0.14285714285714285
35-75-E-4,1,35,75,E,4,7,0.14285714285714285
35-75-E-4,1,35,75,E,4,7,0.14285714285714285
35-75-E-4,1,35,75,E,4,7,0.14285714285714285
35-75-E-4,1,35,75,E,4,7,0.14285714285714285
35-75-E-4,1,35,75,E,4,7,0.14285714285714285
35-75-E-4,1,35,75,E,4,7,0.14285714285714285
35-75-E-4,1,35,75,E,4,7,0.14285714285714285
35-75-E-4,1,35,75,E,4,7,0.14285714285714285
35-75-E-4,1,35,75,E,4,7,0.14285714285714285
35-75-E-4,1,35,75,E,4,7,0.14285714285714285
35-75-E-4,1,35,75,E,4,7,0.14285714285714285
35-75-E-4,1,35,75,E,4,7,0.14285714285714285
35-75-E-4,1,35,75,E,4,7,0.14285714285714285
35-75-E-4,1,35,75,E,4,7,0.14285714285714285
35-75-E-4,1,35,75,E,4,7,0.14285714285714285
35-75-E-4,1,35,75,E,4,7,0.14285714285714285
35-75-E-4,1,35,75,E,4,7,0.14285714285714285
35-75-E-4,1,35,75,E,4,7,0.14285714285714285
35-75-E-4,1,35,75,E,4,7,0.14285714285714285
35-75-E-4,1,35,75,E,4,7,0.14285714285714285
35-75-E-4,1,35,75,E,4,7,0.14285714285714285
35-75-E-4,1,35,75,E,4,7,0.14285714285714285
35-75-E-4,1,35,75,E,4,7,0.14285714285714285
35-75-E-4,1,35,75,E,4,7,0.14285714285714285
35-75-E-4,1,35,75,E,4,7,0.14285714285714285
35-75-E-4,1,35,75,E,4,7,0.14285714285714285
35-75-E-4,1,35,75,E,4,8,0.125
35-75-E-4,1,35,75,E,4,8,0.125
35-75-E-4,1,35,75,E,4,8,0.125
35-75-E-4,1,35,75,E,4,8,0.125
35-75-E-4,1,35,75,E,4,8,0.125
32-45-C-2,1,32,45,C,2,7,0.14285714285714285
32-45-C-2,1,32,45,C,2,7,0.14285714285714285
32-45-C-2,1,32,45,C,2,7,0.14285714285714285
32-45-C-2,1,32,45,C,2,7,0.14285714285714285
32-45-C-2,1,32,45,C,2,7,0.14285714285714285
32-45-C-2,1,32,45,C,2,7,0.14285714285714285
32-45-C-2,1,32,45,C,2,7,0.14285714285714285
32-45-C-2,1,32,45,C,2,7,0.14285714285714285
32-45-C-2,1,32,45,C,2,7,0.14285714285714285
32-45-C-2,1,32,45,C,2,7,0.14285714285714285
32-45-C-2,1,32,45,C,2,7,0.14285714285714285
32-45-C-2,1,32,45,C,2,7,0.14285714285714285
32-45-C-2,1,32,45,C,2,7,0.14285714285714285
32-45-C-2,1,32,45,C,2,7,0.14285714285714285
32-45-C-2,1,32,45,C,2,7,0.14285714285714285
32-45-C-2,1,32,45,C,2,7,0.14285714285714285
32-45-C-2,1,32,45,C,2,7,0.14285714285714285
32-45-C-2,1,32,45,C,2,7,0.14285714285714285
32-45-C-2,1,32,45,C,2,7,0.14285714285714285
32-45-C-2,1,32,45,C,2,7,0.14285714285714285
32-45-C-2,1,32,45,C,2,7,0.14285714285714285
32-45-C-2,1,32,45,C,2,7,0.14285714285714285
32-45-C-2,1,32,45,C,2,7,0.14285714285714285
32-45-C-2,1,32,45,C,2,7,0.14285714285714285
32-45-C-2,1,32,45,C,2,7,0.14285714285714285
32-45-C-2,1,32,45,C,2,7,0.14285714285714285
32-45-C-2,1,32,45,C,2,7,0.14285714285714285
32-45-C-2,1,32,45,C,2,7,0.14285714285714285
32-45-C-2,1,32,45,C,2,7,0.14285714285714285
32-45-C-2,1,32,45,C,2,7,0.14285714285714285
32-45-C-2,1,32,45,C,2,7,0.14285714285714285
32-45-C-2,1,32,45,C,2,7,0.14285714285714285
32-45-C-2,1,32,45,C,2,7,0.14285714285714285
32-45-C-2,1,32,45,C,2,7,0.14285714285714285
32-45-C-2,1,32,45,C,2,7,0.14285714285714285
32-45-C-2,1,32,45,C,2,7,0.14285714285714285
32-45-C-2,1,32,45,C,2,7,0.14285714285714285
32-45-C-2,1,32,45,C,2,7,0.14285714285714285
32-45-C-2,1,32,45,C,2,7,0.14285714285714285
32-45-C-2,1,32,45,C,2,7,0.14285714285714285
32-45-C-2,1,32,45,C,2,7,0.14285714285714285
32-45-C-2,1,32,45,C,2,7,0.14285714285714285
32-45-C-2,1,32,45,C,2,7,0.14285714285714285
32-45-C-2,1,32,45,C,2,8,0.125
32-45-C-2,1,32,45,C,2,8,0.125
32-45-C-2,1,32,45,C,2,8,0.125
32-45-C-2,1,32,45,C,2,8,0.125
32-45-C-2,1,32,45,C,2,8,0.125
32-45-C-2,1,32,45,C,2,8,0.125
32-45-C-2,1,32,45,C,2,8,0.125
32-45-C-2,1,32,45,C,2,8,0.125
32-45-C-2,1,32,45,C,2,8,0.125
32-45-C-2,1,32,45,C,2,8,0.125
32-45-C-2,1,32,45,C,2,8,0.125
32-45-C-2,1,32,45,C,2,8,0.125
32-45-C-2,1,32,45,C,2,8,0.125
32-45-C-2,1,32,45,C,2,8,0.125
32-45-C-2,1,32,45,C,2,8,0.125
32-45-C-2,1,32,45,C,2,8,0.125
32-45-C-2,1,32,45,C,2,8,0.125
32-45-C-2,1,32,45,C,2,8,0.125
32-45-C-2,1,32,45,C,2,8,0.125
32-45-C-2,1,32,45,C,2,8,0.125
32-45-C-2,1,32,45,C,2,8,0.125
32-45-C-2,1,32,45,C,2,8,0.125
32-45-C-2,1,32,45,C,2,8,0.125
32-45-C-2,1,32,45,C,2,8,0.125
32-45-C-2,1,32,45,C,2,8,0.125
32-45-C-2,1,32,45,C,2,8,0.125
32-45-C-2,1,32,45,C,2,8,0.125
32-45-C-2,1,32,45,C,2,8,0.125
32-45-C-2,1,32,45,C,2,8,0.125
32-45-C-2,1,32,45,C,2,8,0.125
32-45-C-2,1,32,45,C,2,8,0.125
32-45-C-2,1,32,45,C,2,8,0.125
32-45-C-2,1,32,45,C,2,8,0.125
32-45-C-2,1,32,45,C,2,8,0.125
32-45-C-2,1,32,45,C,2,9,0.1111111111111111
32-45-C-2,1,32,45,C,2,9,0.1111111111111111
32-45-C-2,1,32,45,C,2,9,0.1111111111111111
32-45-C-2,1,32,45,C,2,10,0.1
32-45-C-2,1,32,45,C,2,11,0.09090909090909091
32-45-C-2,1,32,45,C,2,11,0.09090909090909091
32-45-C-2,1,32,45,C,2,12,0.08333333333333333
32-45-C-2,1,32,45,C,2,15,0.06666666666666667
32-45-C-3,1,32,45,C,3,7,0.14285714285714285
32-45-C-3,1,32,45,C,3,7,0.14285714285714285
32-45-C-3,1,32,45,C,3,7,0.14285714285714285
32-45-C-3,1,32,45,C,3,7,0.14285714285714285
32-45-C-3,1,32,45,C,3,7,0.14285714285714285
32-45-C-3,1,32,45,C,3,7,0.14285714285714285
32-45-C-3,1,32,45,C,3,7,0.14285714285714285
32-45-C-3,1,32,45,C,3,7,0.14285714285714285
32-45-C-3,1,32,45,C,3,7,0.14285714285714285
32-45-C-3,1,32,45,C,3,7,0.14285714285714285
32-45-C-3,1,32,45,C,3,7,0.14285714285714285
32-45-C-3,1,32,45,C,3,7,0.14285714285714285
32-45-C-3,1,32,45,C,3,7,0.14285714285714285
32-45-C-3,1,32,45,C,3,7,0.14285714285714285
32-45-C-3,1,32,45,C,3,7,0.14285714285714285
32-45-C-3,1,32,45,C,3,7,0.14285714285714285
32-45-C-3,1,32,45,C,3,7,0.14285714285714285
32-45-C-3,1,32,45,C,3,7,0.14285714285714285
32-45-C-3,1,32,45,C,3,7,0.14285714285714285
32-45-C-3,1,32,45,C,3,7,0.14285714285714285
32-45-C-3,1,32,45,C,3,7,0.14285714285714285
32-45-C-3,1,32,45,C,3,7,0.14285714285714285
32-45-C-3,1,32,45,C,3,7,0.14285714285714285
32-45-C-3,1,32,45,C,3,7,0.14285714285714285
32-45-C-3,1,32,45,C,3,7,0.14285714285714285
32-45-C-3,1,32,45,C,3,7,0.14285714285714285
32-45-C-3,1,32,45,C,3,7,0.14285714285714285
32-45-C-3,1,32,45,C,3,7,0.14285714285714285
32-45-C-3,1,32,45,C,3,7,0.14285714285714285
32-45-C-3,1,32,45,C,3,7,0.14285714285714285
32-45-C-3,1,32,45,C,3,7,0.14285714285714285
32-45-C-3,1,32,45,C,3,7,0.14285714285714285
32-45-C-3,1,32,45,C,3,7,0.14285714285714285
32-45-C-3,1,32,45,C,3,7,0.14285714285714285
32-45-C-3,1,32,45,C,3,7,0.14285714285714285
32-45-C-3,1,32,45,C,3,7,0.14285714285714285
32-45-C-3,1,32,45,C,3,7,0.14285714285714285
32-45-C-3,1,32,45,C,3,7,0.14285714285714285
32-45-C-3,1,32,45,C,3,7,0.14285714285714285
32-45-C-3,1,32,45,C,3,7,0.14285714285714285
32-45-C-3,1,32,45,C,3,7,0.14285714285714285
32-45-C-3,1,32,45,C,3,7,0.14285714285714285
32-45-C-3,1,32,45,C,3,8,0.125
32-45-C-3,1,32,45,C,3,8,0.125
32-45-C-3,1,32,45,C,3,8,0.125
32-45-C-3,1,32,45,C,3,8,0.125
32-45-C-3,1,32,45,C,3,8,0.125
32-45-C-3,1,32,45,C,3,8,0.125
32-45-C-3,1,32,45,C,3,8,0.125
32-45-C-3,1,32,45,C,3,8,0.125
32-45-C-3,1,32,45,C,3,8,0.125
32-45-C-3,1,32,45,C,3,8,0.125
32-45-C-3,1,32,45,C,3,8,0.125
32-45-C-3,1,32,45,C,3,8,0.125
32-45-C-3,1,32,45,C,3,8,0.125
32-45-C-3,1,32,45,C,3,8,0.125
32-45-C-3,1,32,45,C,3,8,0.125
32-45-C-3,1,32,45,C,3,8,0.125
32-45-C-3,1,32,45,C,3,8,0.125
32-45-C-3,1,32,45,C,3,8,0.125
32-45-C-3,1,32,45,C,3,8,0.125
32-45-C-3,1,32,45,C,3,8,0.125
32-45-C-3,1,32,45,C,3,8,0.125
32-45-C-3,1,32,45,C,3,8,0.125
32-45-C-3,1,32,45,C,3,8,0.125
32-45-C-3,1,32,45,C,3,8,0.125
32-45-C-3,1,32,45,C,3,8,0.125
32-45-C-3,1,32,45,C,3,8,0.125
32-45-C-3,1,32,45,C,3,8,0.125
32-45-C-3,1,32,45,C,3,8,0.125
32-45-C-3,1,32,45,C,3,8,0.125
32-45-C-3,1,32,45,C,3,8,0.125
32-45-C-3,1,32,45,C,3,8,0.125
32-45-C-3,1,32,45,C,3,8,0.125
32-45-C-3,1,32,45,C,3,8,0.125
32-45-C-3,1,32,45,C,3,9,0.1111111111111111
32-45-C-3,1,32,45,C,3,10,0.1
32-45-C-3,1,32,45,C,3,10,0.1
32-45-C-3,1,32,45,C,3,12,0.08333333333333333
32-45-C-4,1,32,45,C,4,6,0.16666666666666666
32-45-C-4,1,32,45,C,4,7,0.14285714285714285
32-45-C-4,1,32,45,C,4,7,0.14285714285714285
32-45-C-4,1,32,45,C,4,7,0.14285714285714285
32-45-C-4,1,32,45,C,4,7,0.14285714285714285
32-45-C-4,1,32,45,C,4,7,0.14285714285714285
32-45-C-4,1,32,45,C,4,7,0.14285714285714285
32-45-C-4,1,32,45,C,4,7,0.14285714285714285
32-45-C-4,1,32,45,C,4,7,0.14285714285714285
32-45-C-4,1,32,45,C,4,7,0.14285714285714285
32-45-C-4,1,32,45,C,4,7,0.14285714285714285
32-45-C-4,1,32,45,C,4,7,0.14285714285714285
32-45-C-4,1,32,45,C,4,7,0.14285714285714285
32-45-C-4,1,32,45,C,4,7,0.14285714285714285
32-45-C-4,1,32,45,C,4,7,0.14285714285714285
32-45-C-4,1,32,45,C,4,7,0.14285714285714285
32-45-C-4,1,32,45,C,4,7,0.14285714285714285
32-45-C-4,1,32,45,C,4,7,0.14285714285714285
32-45-C-4,1,32,45,C,4,7,0.14285714285714285
32-45-C-4,1,32,45,C,4,7,0.14285714285714285
32-45-C-4,1,32,45,C,4,7,0.14285714285714285
32-45-C-4,1,32,45,C,4,7,0.14285714285714285
32-45-C-4,1,32,45,C,4,7,0.14285714285714285
32-45-C-4,1,32,45,C,4,7,0.14285714285714285
32-45-C-4,1,32,45,C,4,7,0.14285714285714285
32-45-C-4,1,32,45,C,4,7,0.14285714285714285
32-45-C-4,1,32,45,C,4,7,0.14285714285714285
32-45-C-4,1,32,45,C,4,7,0.14285714285714285
32-45-C-4,1,32,45,C,4,7,0.14285714285714285
32-45-C-4,1,32,45,C,4,7,0.14285714285714285
32-45-C-4,1,32,45,C,4,7,0.14285714285714285
32-45-C-4,1,32,45,C,4,7,0.14285714285714285
32-45-C-4,1,32,45,C,4,7,0.14285714285714285
32-45-C-4,1,32,45,C,4,7,0.14285714285714285
32-45-C-4,1,32,45,C,4,7,0.14285714285714285
32-45-C-4,1,32,45,C,4,7,0.14285714285714285
32-45-C-4,1,32,45,C,4,7,0.14285714285714285
32-45-C-4,1,32,45,C,4,7,0.14285714285714285
32-45-C-4,1,32,45,C,4,7,0.14285714285714285
32-45-C-4,1,32,45,C,4,7,0.14285714285714285
32-45-C-4,1,32,45,C,4,7,0.14285714285714285
32-45-C-4,1,32,45,C,4,7,0.14285714285714285
32-45-C-4,1,32,45,C,4,8,0.125
32-45-C-4,1,32,45,C,4,8,0.125
32-45-C-4,1,32,45,C,4,8,0.125
32-45-C-4,1,32,45,C,4,8,0.125
32-45-C-4,1,32,45,C,4,8,0.125
32-45-C-4,1,32,45,C,4,8,0.125
32-45-C-4,1,32,45,C,4,8,0.125
32-45-C-4,1,32,45,C,4,8,0.125
32-45-C-4,1,32,45,C,4,8,0.125
32-45-C-4,1,32,45,C,4,8,0.125
32-45-C-4,1,32,45,C,4,8,0.125
32-45-C-4,1,32,45,C,4,8,0.125
32-45-C-4,1,32,45,C,4,8,0.125
32-45-C-4,1,32,45,C,4,8,0.125
32-45-C-4,1,32,45,C,4,8,0.125
32-45-C-4,1,32,45,C,4,8,0.125
32-45-C-4,1,32,45,C,4,8,0.125
32-45-C-4,1,32,45,C,4,8,0.125
32-45-C-4,1,32,45,C,4,8,0.125
32-45-C-4,1,32,45,C,4,8,0.125
32-45-C-4,1,32,45,C,4,9,0.1111111111111111
32-45-C-4,1,32,45,C,4,9,0.1111111111111111
32-45-C-4,1,32,45,C,4,9,0.1111111111111111
32-45-C-4,1,32,45,C,4,10,0.1
32-45-C-4,1,32,45,C,4,10,0.1
28-45-C-2,1,28,45,C,2,9,0.1111111111111111
28-45-C-2,1,28,45,C,2,9,0.1111111111111111
28-45-C-2,1,28,45,C,2,9,0.1111111111111111
28-45-C-2,1,28,45,C,2,9,0.1111111111111111
28-45-C-2,1,28,45,C,2,9,0.1111111111111111
28-45-C-2,1,28,45,C,2,9,0.1111111111111111
28-45-C-2,1,28,45,C,2,9,0.1111111111111111
28-45-C-2,1,28,45,C,2,9,0.1111111111111111
28-45-C-2,1,28,45,C,2,9,0.1111111111111111
28-45-C-2,1,28,45,C,2,9,0.1111111111111111
28-45-C-2,1,28,45,C,2,9,0.1111111111111111
28-45-C-2,1,28,45,C,2,9,0.1111111111111111
28-45-C-2,1,28,45,C,2,10,0.1
28-45-C-2,1,28,45,C,2,10,0.1
28-45-C-2,1,28,45,C,2,10,0.1
28-45-C-2,1,28,45,C,2,10,0.1
28-45-C-2,1,28,45,C,2,10,0.1
28-45-C-2,1,28,45,C,2,10,0.1
28-45-C-2,1,28,45,C,2,10,0.1
28-45-C-2,1,28,45,C,2,10,0.1
28-45-C-2,1,28,45,C,2,10,0.1
28-45-C-2,1,28,45,C,2,10,0.1
28-45-C-2,1,28,45,C,2,10,0.1
28-45-C-2,1,28,45,C,2,10,0.1
28-45-C-2,1,28,45,C,2,10,0.1
28-45-C-2,1,28,45,C,2,10,0.1
28-45-C-2,1,28,45,C,2,10,0.1
28-45-C-2,1,28,45,C,2,10,0.1
28-45-C-2,1,28,45,C,2,10,0.1
28-45-C-2,1,28,45,C,2,10,0.1
28-45-C-2,1,28,45,C,2,10,0.1
28-45-C-2,1,28,45,C,2,10,0.1
28-45-C-2,1,28,45,C,2,10,0.1
28-45-C-2,1,28,45,C,2,10,0.1
28-45-C-2,1,28,45,C,2,10,0.1
28-45-C-2,1,28,45,C,2,10,0.1
28-45-C-2,1,28,45,C,2,10,0.1
28-45-C-2,1,28,45,C,2,10,0.1
28-45-C-2,1,28,45,C,2,10,0.1
28-45-C-2,1,28,45,C,2,10,0.1
28-45-C-2,1,28,45,C,2,10,0.1
28-45-C-2,1,28,45,C,2,10,0.1
28-45-C-2,1,28,45,C,2,10,0.1
28-45-C-2,1,28,45,C,2,11,0.09090909090909091
28-45-C-2,1,28,45,C,2,11,0.09090909090909091
28-45-C-2,1,28,45,C,2,11,0.09090909090909091
28-45-C-2,1,28,45,C,2,11,0.09090909090909091
28-45-C-2,1,28,45,C,2,11,0.09090909090909091
28-45-C-2,1,28,45,C,2,11,0.09090909090909091
28-45-C-2,1,28,45,C,2,11,0.09090909090909091
28-45-C-2,1,28,45,C,2,11,0.09090909090909091
28-45-C-2,1,28,45,C,2,11,0.09090909090909091
28-45-C-2,1,28,45,C,2,11,0.09090909090909091
28-45-C-2,1,28,45,C,2,11,0.09090909090909091
28-45-C-2,1,28,45,C,2,11,0.09090909090909091
28-45-C-2,1,28,45,C,2,11,0.09090909090909091
28-45-C-2,1,28,45,C,2,12,0.08333333333333333
28-45-C-2,1,28,45,C,2,12,0.08333333333333333
28-45-C-2,1,28,45,C,2,12,0.08333333333333333
28-45-C-2,1,28,45,C,2,12,0.08333333333333333
28-45-C-2,1,28,45,C,2,12,0.08333333333333333
28-45-C-2,1,28,45,C,2,12,0.08333333333333333
28-45-C-2,1,28,45,C,2,12,0.08333333333333333
28-45-C-2,1,28,45,C,2,13,0.07692307692307693
28-45-C-2,1,28,45,C,2,13,0.07692307692307693
28-45-C-2,1,28,45,C,2,13,0.07692307692307693
28-45-C-2,1,28,45,C,2,13,0.07692307692307693
28-45-C-2,1,28,45,C,2,13,0.07692307692307693
28-45-C-2,1,28,45,C,2,14,0.07142857142857142
28-45-C-2,1,28,45,C,2,16,0.0625
28-45-C-3,1,28,45,C,3,8,0.125
28-45-C-3,1,28,45,C,3,9,0.1111111111111111
28-45-C-3,1,28,45,C,3,9,0.1111111111111111
28-45-C-3,1,28,45,C,3,9,0.1111111111111111
28-45-C-3,1,28,45,C,3,9,0.1111111111111111
28-45-C-3,1,28,45,C,3,9,0.1111111111111111
28-45-C-3,1,28,45,C,3,9,0.1111111111111111
28-45-C-3,1,28,45,C,3,9,0.1111111111111111
28-45-C-3,1,28,45,C,3,9,0.1111111111111111
28-45-C-3,1,28,45,C,3,9,0.1111111111111111
28-45-C-3,1,28,45,C,3,9,0.1111111111111111
28-45-C-3,1,28,45,C,3,9,0.1111111111111111
28-45-C-3,1,28,45,C,3,9,0.1111111111111111
28-45-C-3,1,28,45,C,3,9,0.1111111111111111
28-45-C-3,1,28,45,C,3,9,0.1111111111111111
28-45-C-3,1,28,45,C,3,9,0.1111111111111111
28-45-C-3,1,28,45,C,3,9,0.1111111111111111
28-45-C-3,1,28,45,C,3,9,0.1111111111111111
28-45-C-3,1,28,45,C,3,9,0.1111111111111111
28-45-C-3,1,28,45,C,3,9,0.1111111111111111
28-45-C-3,1,28,45,C,3,9,0.1111111111111111
28-45-C-3,1,28,45,C,3,9,0.1111111111111111
28-45-C-3,1,28,45,C,3,10,0.1
28-45-C-3,1,28,45,C,3,10,0.1
28-45-C-3,1,28,45,C,3,10,0.1
28-45-C-3,1,28,45,C,3,10,0.1
28-45-C-3,1,28,45,C,3,10,0.1
28-45-C-3,1,28,45,C,3,10,0.1
28-45-C-3,1,28,45,C,3,10,0.1
28-45-C-3,1,28,45,C,3,10,0.1
28-45-C-3,1,28,45,C,3,10,0.1
28-45-C-3,1,28,45,C,3,10,0.1
28-45-C-3,1,28,45,C,3,10,0.1
28-45-C-3,1,28,45,C,3,10,0.1
28-45-C-3,1,28,45,C,3,10,0.1
28-45-C-3,1,28,45,C,3,10,0.1
28-45-C-3,1,28,45,C,3,10,0.1
28-45-C-3,1,28,45,C,3,10,0.1
28-45-C-3,1,28,45,C,3,10,0.1
28-45-C-3,1,28,45,C,3,10,0.1
28-45-C-3,1,28,45,C,3,10,0.1
28-45-C-3,1,28,45,C,3,10,0.1
28-45-C-3,1,28,45,C,3,10,0.1
28-45-C-3,1,28,45,C,3,10,0.1
28-45-C-3,1,28,45,C,3,10,0.1
28-45-C-3,1,28,45,C,3,11,0.09090909090909091
28-45-C-3,1,28,45,C,3,11,0.09090909090909091
28-45-C-3,1,28,45,C,3,11,0.09090909090909091
28-45-C-3,1,28,45,C,3,11,0.09090909090909091
28-45-C-3,1,28,45,C,3,11,0.09090909090909091
28-45-C-3,1,28,45,C,3,11,0.09090909090909091
28-45-C-3,1,28,45,C,3,11,0.09090909090909091
28-45-C-3,1,28,45,C,3,11,0.09090909090909091
28-45-C-3,1,28,45,C,3,11,0.09090909090909091
28-45-C-3,1,28,45,C,3,11,0.09090909090909091
28-45-C-3,1,28,45,C,3,11,0.09090909090909091
28-45-C-3,1,28,45,C,3,11,0.09090909090909091
28-45-C-3,1,28,45,C,3,11,0.09090909090909091
28-45-C-3,1,28,45,C,3,11,0.09090909090909091
28-45-C-3,1,28,45,C,3,11,0.09090909090909091
28-45-C-3,1,28,45,C,3,11,0.09090909090909091
28-45-C-3,1,28,45,C,3,12,0.08333333333333333
28-45-C-3,1,28,45,C,3,12,0.08333333333333333
28-45-C-3,1,28,45,C,3,12,0.08333333333333333
28-45-C-3,1,28,45,C,3,12,0.08333333333333333
28-45-C-3,1,28,45,C,3,12,0.08333333333333333
28-45-C-3,1,28,45,C,3,13,0.07692307692307693
28-45-C-3,1,28,45,C,3,13,0.07692307692307693
28-45-C-3,1,28,45,C,3,13,0.07692307692307693
28-45-C-3,1,28,45,C,3,14,0.07142857142857142
28-45-C-3,1,28,45,C,3,15,0.06666666666666667
28-45-C-4,1,28,45,C,4,8,0.125
28-45-C-4,1,28,45,C,4,9,0.1111111111111111
28-45-C-4,1,28,45,C,4,9,0.1111111111111111
28-45-C-4,1,28,45,C,4,9,0.1111111111111111
28-45-C-4,1,28,45,C,4,9,0.1111111111111111
28-45-C-4,1,28,45,C,4,9,0.1111111111111111
28-45-C-4,1,28,45,C,4,9,0.1111111111111111
28-45-C-4,1,28,45,C,4,9,0.1111111111111111
28-45-C-4,1,28,45,C,4,9,0.1111111111111111
28-45-C-4,1,28,45,C,4,9,0.1111111111111111
28-45-C-4,1,28,45,C,4,9,0.1111111111111111
28-45-C-4,1,28,45,C,4,9,0.1111111111111111
28-45-C-4,1,28,45,C,4,9,0.1111111111111111
28-45-C-4,1,28,45,C,4,9,0.1111111111111111
28-45-C-4,1,28,45,C,4,9,0.1111111111111111
28-45-C-4,1,28,45,C,4,9,0.1111111111111111
28-45-C-4,1,28,45,C,4,9,0.1111111111111111
28-45-C-4,1,28,45,C,4,9,0.1111111111111111
28-45-C-4,1,28,45,C,4,9,0.1111111111111111
28-45-C-4,1,28,45,C,4,9,0.1111111111111111
28-45-C-4,1,28,45,C,4,9,0.1111111111111111
28-45-C-4,1,28,45,C,4,9,0.1111111111111111
28-45-C-4,1,28,45,C,4,9,0.1111111111111111
28-45-C-4,1,28,45,C,4,9,0.1111111111111111
28-45-C-4,1,28,45,C,4,9,0.1111111111111111
28-45-C-4,1,28,45,C,4,9,0.1111111111111111
28-45-C-4,1,28,45,C,4,9,0.1111111111111111
28-45-C-4,1,28,45,C,4,9,0.1111111111111111
28-45-C-4,1,28,45,C,4,9,0.1111111111111111
28-45-C-4,1,28,45,C,4,9,0.1111111111111111
28-45-C-4,1,28,45,C,4,10,0.1
28-45-C-4,1,28,45,C,4,10,0.1
28-45-C-4,1,28,45,C,4,10,0.1
28-45-C-4,1,28,45,C,4,10,0.1
28-45-C-4,1,28,45,C,4,10,0.1
28-45-C-4,1,28,45,C,4,10,0.1
28-45-C-4,1,28,45,C,4,10,0.1
28-45-C-4,1,28,45,C,4,10,0.1
28-45-C-4,1,28,45,C,4,10,0.1
28-45-C-4,1,28,45,C,4,10,0.1
28-45-C-4,1,28,45,C,4,10,0.1
28-45-C-4,1,28,45,C,4,10,0.1
28-45-C-4,1,28,45,C,4,10,0.1
28-45-C-4,1,28,45,C,4,10,0.1
28-45-C-4,1,28,45,C,4,10,0.1
28-45-C-4,1,28,45,C,4,10,0.1
28-45-C-4,1,28,45,C,4,10,0.1
28-45-C-4,1,28,45,C,4,10,0.1
28-45-C-4,1,28,45,C,4,10,0.1
28-45-C-4,1,28,45,C,4,10,0.1
28-45-C-4,1,28,45,C,4,10,0.1
28-45-C-4,1,28,45,C,4,10,0.1
28-45-C-4,1,28,45,C,4,10,0.1
28-45-C-4,1,28,45,C,4,10,0.1
28-45-C-4,1,28,45,C,4,10,0.1
28-45-C-4,1,28,45,C,4,10,0.1
28-45-C-4,1,28,45,C,4,10,0.1
28-45-C-4,1,28,45,C,4,10,0.1
28-45-C-4,1,28,45,C,4,10,0.1
28-45-C-4,1,28,45,C,4,11,0.09090909090909091
28-45-C-4,1,28,45,C,4,11,0.09090909090909091
28-45-C-4,1,28,45,C,4,11,0.09090909090909091
28-45-C-4,1,28,45,C,4,11,0.09090909090909091
28-45-C-4,1,28,45,C,4,11,0.09090909090909091
28-45-C-4,1,28,45,C,4,11,0.09090909090909091
28-45-C-4,1,28,45,C,4,11,0.09090909090909091
28-45-C-4,1,28,45,C,4,11,0.09090909090909091
28-45-C-4,1,28,45,C,4,11,0.09090909090909091
28-45-C-4,1,28,45,C,4,11,0.09090909090909091
28-45-C-4,1,28,45,C,4,11,0.09090909090909091
28-45-C-4,1,28,45,C,4,11,0.09090909090909091
28-45-C-4,1,28,45,C,4,12,0.08333333333333333
28-45-C-4,1,28,45,C,4,12,0.08333333333333333
28-45-C-4,1,28,45,C,4,12,0.08333333333333333
28-45-C-4,1,28,45,C,4,13,0.07692307692307693
28-45-C-4,1,28,45,C,4,13,0.07692307692307693
28-45-C-4,1,28,45,C,4,14,0.07142857142857142
28-45-C-4,1,28,45,C,4,14,0.07142857142857142
28-45-C-4,1,28,45,C,4,14,0.07142857142857142
28-45-C-4,1,28,45,C,4,15,0.06666666666666667
28-45-C-4,1,28,45,C,4,15,0.06666666666666667
28-45-C-4,1,28,45,C,4,15,0.06666666666666667
28-45-C-4,1,28,45,C,4,16,0.0625
28-45-C-4,1,28,45,C,4,16,0.0625
24-60-C-2,1,24,60,C,2,11,0.09090909090909091
24-60-C-2,1,24,60,C,2,11,0.09090909090909091
24-60-C-2,1,24,60,C,2,11,0.09090909090909091
24-60-C-2,1,24,60,C,2,11,0.09090909090909091
24-60-C-2,1,24,60,C,2,11,0.09090909090909091
24-60-C-2,1,24,60,C,2,11,0.09090909090909091
24-60-C-2,1,24,60,C,2,11,0.09090909090909091
24-60-C-2,1,24,60,C,2,11,0.09090909090909091
24-60-C-2,1,24,60,C,2,11,0.09090909090909091
24-60-C-2,1,24,60,C,2,12,0.08333333333333333
24-60-C-2,1,24,60,C,2,12,0.08333333333333333
24-60-C-2,1,24,60,C,2,12,0.08333333333333333
24-60-C-2,1,24,60,C,2,12,0.08333333333333333
24-60-C-2,1,24,60,C,2,12,0.08333333333333333
24-60-C-2,1,24,60,C,2,12,0.08333333333333333
24-60-C-2,1,24,60,C,2,12,0.08333333333333333
24-60-C-2,1,24,60,C,2,12,0.08333333333333333
24-60-C-2,1,24,60,C,2,12,0.08333333333333333
24-60-C-2,1,24,60,C,2,12,0.08333333333333333
24-60-C-2,1,24,60,C,2,12,0.08333333333333333
24-60-C-2,1,24,60,C,2,12,0.08333333333333333
24-60-C-2,1,24,60,C,2,12,0.08333333333333333
24-60-C-2,1,24,60,C,2,12,0.08333333333333333
24-60-C-2,1,24,60,C,2,12,0.08333333333333333
24-60-C-2,1,24,60,C,2,12,0.08333333333333333
24-60-C-2,1,24,60,C,2,12,0.08333333333333333
24-60-C-2,1,24,60,C,2,12,0.08333333333333333
24-60-C-2,1,24,60,C,2,12,0.08333333333333333
24-60-C-2,1,24,60,C,2,12,0.08333333333333333
24-60-C-2,1,24,60,C,2,12,0.08333333333333333
24-60-C-2,1,24,60,C,2,12,0.08333333333333333
24-60-C-2,1,24,60,C,2,12,0.08333333333333333
24-60-C-2,1,24,60,C,2,12,0.08333333333333333
24-60-C-2,1,24,60,C,2,12,0.08333333333333333
24-60-C-2,1,24,60,C,2,12,0.08333333333333333
24-60-C-2,1,24,60,C,2,12,0.08333333333333333
24-60-C-2,1,24,60,C,2,14,0.07142857142857142
24-60-C-2,1,24,60,C,2,14,0.07142857142857142
24-60-C-2,1,24,60,C,2,14,0.07142857142857142
24-60-C-2,1,24,60,C,2,14,0.07142857142857142
24-60-C-2,1,24,60,C,2,14,0.07142857142857142
24-60-C-2,1,24,60,C,2,14,0.07142857142857142
24-60-C-2,1,24,60,C,2,14,0.07142857142857142
24-60-C-2,1,24,60,C,2,14,0.07142857142857142
24-60-C-2,1,24,60,C,2,14,0.07142857142857142
24-60-C-2,1,24,60,C,2,14,0.07142857142857142
24-60-C-2,1,24,60,C,2,14,0.07142857142857142
24-60-C-2,1,24,60,C,2,14,0.07142857142857142
24-60-C-2,1,24,60,C,2,15,0.06666666666666667
24-60-C-2,1,24,60,C,2,15,0.06666666666666667
24-60-C-2,1,24,60,C,2,15,0.06666666666666667
24-60-C-2,1,24,60,C,2,15,0.06666666666666667
24-60-C-2,1,24,60,C,2,15,0.06666666666666667
24-60-C-2,1,24,60,C,2,16,0.0625
24-60-C-2,1,24,60,C,2,19,0.05263157894736842
24-60-C-3,1,24,60,C,3,10,0.1
24-60-C-3,1,24,60,C,3,11,0.09090909090909091
24-60-C-3,1,24,60,C,3,11,0.09090909090909091
24-60-C-3,1,24,60,C,3,11,0.09090909090909091
24-60-C-3,1,24,60,C,3,11,0.09090909090909091
24-60-C-3,1,24,60,C,3,11,0.09090909090909091
24-60-C-3,1,24,60,C,3,11,0.09090909090909091
24-60-C-3,1,24,60,C,3,11,0.09090909090909091
24-60-C-3,1,24,60,C,3,11,0.09090909090909091
24-60-C-3,1,24,60,C,3,11,0.09090909090909091
24-60-C-3,1,24,60,C,3,11,0.09090909090909091
24-60-C-3,1,24,60,C,3,11,0.09090909090909091
24-60-C-3,1,24,60,C,3,11,0.09090909090909091
24-60-C-3,1,24,60,C,3,11,0.09090909090909091
24-60-C-3,1,24,60,C,3,11,0.09090909090909091
24-60-C-3,1,24,60,C,3,11,0.09090909090909091
24-60-C-3,1,24,60,C,3,11,0.09090909090909091
24-60-C-3,1,24,60,C,3,11,0.09090909090909091
24-60-C-3,1,24,60,C,3,11,0.09090909090909091
24-60-C-3,1,24,60,C,3,11,0.09090909090909091
24-60-C-3,1,24,60,C,3,11,0.09090909090909091
24-60-C-3,1,24,60,C,3,11,0.09090909090909091
24-60-C-3,1,24,60,C,3,11,0.09090909090909091
24-60-C-3,1,24,60,C,3,11,0.09090909090909091
24-60-C-3,1,24,60,C,3,11,0.09090909090909091
24-60-C-3,1,24,60,C,3,11,0.09090909090909091
24-60-C-3,1,24,60,C,3,11,0.09090909090909091
24-60-C-3,1,24,60,C,3,11,0.09090909090909091
24-60-C-3,1,24,60,C,3,11,0.09090909090909091
24-60-C-3,1,24,60,C,3,11,0.09090909090909091
24-60-C-3,1,24,60,C,3,11,0.09090909090909091
24-60-C-3,1,24,60,C,3,11,0.09090909090909091
24-60-C-3,1,24,60,C,3,11,0.09090909090909091
24-60-C-3,1,24,60,C,3,11,0.09090909090909091
24-60-C-3,1,24,60,C,3,11,0.09090909090909091
24-60-C-3,1,24,60,C,3,11,0.09090909090909091
24-60-C-3,1,24,60,C,3,11,0.09090909090909091
24-60-C-3,1,24,60,C,3,11,0.09090909090909091
24-60-C-3,1,24,60,C,3,12,0.08333333333333333
24-60-C-3,1,24,60,C,3,12,0.08333333333333333
24-60-C-3,1,24,60,C,3,12,0.08333333333333333
24-60-C-3,1,24,60,C,3,12,0.08333333333333333
24-60-C-3,1,24,60,C,3,12,0.08333333333333333
24-60-C-3,1,24,60,C,3,12,0.08333333333333333
24-60-C-3,1,24,60,C,3,12,0.08333333333333333
24-60-C-3,1,24,60,C,3,12,0.08333333333333333
24-60-C-3,1,24,60,C,3,12,0.08333333333333333
24-60-C-3,1,24,60,C,3,12,0.08333333333333333
24-60-C-3,1,24,60,C,3,12,0.08333333333333333
24-60-C-3,1,24,60,C,3,12,0.08333333333333333
24-60-C-3,1,24,60,C,3,12,0.08333333333333333
24-60-C-3,1,24,60,C,3,12,0.08333333333333333
24-60-C-3,1,24,60,C,3,12,0.08333333333333333
24-60-C-3,1,24,60,C,3,12,0.08333333333333333
24-60-C-3,1,24,60,C,3,12,0.08333333333333333
24-60-C-3,1,24,60,C,3,12,0.08333333333333333
24-60-C-3,1,24,60,C,3,12,0.08333333333333333
24-60-C-3,1,24,60,C,3,12,0.08333333333333333
24-60-C-3,1,24,60,C,3,12,0.08333333333333333
24-60-C-3,1,24,60,C,3,12,0.08333333333333333
24-60-C-3,1,24,60,C,3,12,0.08333333333333333
24-60-C-3,1,24,60,C,3,12,0.08333333333333333
24-60-C-3,1,24,60,C,3,12,0.08333333333333333
24-60-C-3,1,24,60,C,3,12,0.08333333333333333
24-60-C-3,1,24,60,C,3,12,0.08333333333333333
24-60-C-3,1,24,60,C,3,12,0.08333333333333333
24-60-C-3,1,24,60,C,3,12,0.08333333333333333
24-60-C-3,1,24,60,C,3,12,0.08333333333333333
24-60-C-3,1,24,60,C,3,12,0.08333333333333333
24-60-C-3,1,24,60,C,3,13,0.07692307692307693
24-60-C-3,1,24,60,C,3,13,0.07692307692307693
24-60-C-3,1,24,60,C,3,13,0.07692307692307693
24-60-C-3,1,24,60,C,3,13,0.07692307692307693
24-60-C-3,1,24,60,C,3,13,0.07692307692307693
24-60-C-3,1,24,60,C,3,13,0.07692307692307693
24-60-C-3,1,24,60,C,3,13,0.07692307692307693
24-60-C-3,1,24,60,C,3,13,0.07692307692307693
24-60-C-3,1,24,60,C,3,13,0.07692307692307693
24-60-C-3,1,24,60,C,3,13,0.07692307692307693
24-60-C-3,1,24,60,C,3,13,0.07692307692307693
24-60-C-3,1,24,60,C,3,13,0.07692307692307693
24-60-C-3,1,24,60,C,3,13,0.07692307692307693
24-60-C-3,1,24,60,C,3,13,0.07692307692307693
24-60-C-3,1,24,60,C,3,13,0.07692307692307693
24-60-C-3,1,24,60,C,3,13,0.07692307692307693
24-60-C-3,1,24,60,C,3,13,0.07692307692307693
24-60-C-3,1,24,60,C,3,14,0.07142857142857142
24-60-C-3,1,24,60,C,3,14,0.07142857142857142
24-60-C-3,1,24,60,C,3,14,0.07142857142857142
24-60-C-3,1,24,60,C,3,15,0.06666666666666667
24-60-C-3,1,24,60,C,3,16,0.0625
24-60-C-3,1,24,60,C,3,16,0.0625
24-60-C-3,1,24,60,C,3,16,0.0625
24-60-C-3,1,24,60,C,3,16,0.0625
24-60-C-3,1,24,60,C,3,17,0.058823529411764705
24-60-C-3,1,24,60,C,3,19,0.05263157894736842
24-60-C-3,1,24,60,C,3,19,0.05263157894736842
24-60-C-3,1,24,60,C,3,20,0.05
24-60-C-3,1,24,60,C,3,21,0.047619047619047616
24-60-C-4,1,24,60,C,4,11,0.09090909090909091
24-60-C-4,1,24,60,C,4,11,0.09090909090909091
24-60-C-4,1,24,60,C,4,11,0.09090909090909091
24-60-C-4,1,24,60,C,4,11,0.09090909090909091
24-60-C-4,1,24,60,C,4,11,0.09090909090909091
24-60-C-4,1,24,60,C,4,11,0.09090909090909091
24-60-C-4,1,24,60,C,4,11,0.09090909090909091
24-60-C-4,1,24,60,C,4,11,0.09090909090909091
24-60-C-4,1,24,60,C,4,11,0.09090909090909091
24-60-C-4,1,24,60,C,4,11,0.09090909090909091
24-60-C-4,1,24,60,C,4,11,0.09090909090909091
24-60-C-4,1,24,60,C,4,11,0.09090909090909091
24-60-C-4,1,24,60,C,4,11,0.09090909090909091
24-60-C-4,1,24,60,C,4,11,0.09090909090909091
24-60-C-4,1,24,60,C,4,11,0.09090909090909091
24-60-C-4,1,24,60,C,4,11,0.09090909090909091
24-60-C-4,1,24,60,C,4,11,0.09090909090909091
24-60-C-4,1,24,60,C,4,11,0.09090909090909091
24-60-C-4,1,24,60,C,4,11,0.09090909090909091
24-60-C-4,1,24,60,C,4,11,0.09090909090909091
24-60-C-4,1,24,60,C,4,11,0.09090909090909091
24-60-C-4,1,24,60,C,4,11,0.09090909090909091
24-60-C-4,1,24,60,C,4,11,0.09090909090909091
24-60-C-4,1,24,60,C,4,12,0.08333333333333333
24-60-C-4,1,24,60,C,4,12,0.08333333333333333
24-60-C-4,1,24,60,C,4,12,0.08333333333333333
24-60-C-4,1,24,60,C,4,12,0.08333333333333333
24-60-C-4,1,24,60,C,4,12,0.08333333333333333
24-60-C-4,1,24,60,C,4,12,0.08333333333333333
24-60-C-4,1,24,60,C,4,12,0.08333333333333333
24-60-C-4,1,24,60,C,4,12,0.08333333333333333
24-60-C-4,1,24,60,C,4,12,0.08333333333333333
24-60-C-4,1,24,60,C,4,12,0.08333333333333333
24-60-C-4,1,24,60,C,4,12,0.08333333333333333
24-60-C-4,1,24,60,C,4,12,0.08333333333333333
24-60-C-4,1,24,60,C,4,12,0.08333333333333333
24-60-C-4,1,24,60,C,4,12,0.08333333333333333
24-60-C-4,1,24,60,C,4,12,0.08333333333333333
24-60-C-4,1,24,60,C,4,12,0.08333333333333333
24-60-C-4,1,24,60,C,4,12,0.08333333333333333
24-60-C-4,1,24,60,C,4,12,0.08333333333333333
24-60-C-4,1,24,60,C,4,12,0.08333333333333333
24-60-C-4,1,24,60,C,4,12,0.08333333333333333
24-60-C-4,1,24,60,C,4,12,0.08333333333333333
24-60-C-4,1,24,60,C,4,12,0.08333333333333333
24-60-C-4,1,24,60,C,4,12,0.08333333333333333
24-60-C-4,1,24,60,C,4,12,0.08333333333333333
24-60-C-4,1,24,60,C,4,12,0.08333333333333333
24-60-C-4,1,24,60,C,4,12,0.08333333333333333
24-60-C-4,1,24,60,C,4,12,0.08333333333333333
24-60-C-4,1,24,60,C,4,12,0.08333333333333333
24-60-C-4,1,24,60,C,4,12,0.08333333333333333
24-60-C-4,1,24,60,C,4,12,0.08333333333333333
24-60-C-4,1,24,60,C,4,12,0.08333333333333333
24-60-C-4,1,24,60,C,4,12,0.08333333333333333
24-60-C-4,1,24,60,C,4,12,0.08333333333333333
24-60-C-4,1,24,60,C,4,12,0.08333333333333333
24-60-C-4,1,24,60,C,4,12,0.08333333333333333
24-60-C-4,1,24,60,C,4,12,0.08333333333333333
24-60-C-4,1,24,60,C,4,12,0.08333333333333333
24-60-C-4,1,24,60,C,4,13,0.07692307692307693
24-60-C-4,1,24,60,C,4,13,0.07692307692307693
24-60-C-4,1,24,60,C,4,13,0.07692307692307693
24-60-C-4,1,24,60,C,4,13,0.07692307692307693
24-60-C-4,1,24,60,C,4,13,0.07692307692307693
24-60-C-4,1,24,60,C,4,13,0.07692307692307693
24-60-C-4,1,24,60,C,4,13,0.07692307692307693
24-60-C-4,1,24,60,C,4,13,0.07692307692307693
24-60-C-4,1,24,60,C,4,13,0.07692307692307693
24-60-C-4,1,24,60,C,4,13,0.07692307692307693
24-60-C-4,1,24,60,C,4,13,0.07692307692307693
24-60-C-4,1,24,60,C,4,13,0.07692307692307693
24-60-C-4,1,24,60,C,4,13,0.07692307692307693
24-60-C-4,1,24,60,C,4,13,0.07692307692307693
24-60-C-4,1,24,60,C,4,13,0.07692307692307693
24-60-C-4,1,24,60,C,4,13,0.07692307692307693
24-60-C-4,1,24,60,C,4,13,0.07692307692307693
24-60-C-4,1,24,60,C,4,13,0.07692307692307693
24-60-C-4,1,24,60,C,4,14,0.07142857142857142
24-60-C-4,1,24,60,C,4,14,0.07142857142857142
24-60-C-4,1,24,60,C,4,14,0.07142857142857142
24-60-C-4,1,24,60,C,4,14,0.07142857142857142
24-60-C-4,1,24,60,C,4,14,0.07142857142857142
24-60-C-4,1,24,60,C,4,14,0.07142857142857142
24-60-C-4,1,24,60,C,4,15,0.06666666666666667
24-60-C-4,1,24,60,C,4,15,0.06666666666666667
24-60-C-4,1,24,60,C,4,15,0.06666666666666667
24-60-C-4,1,24,60,C,4,15,0.06666666666666667
24-60-C-4,1,24,60,C,4,16,0.0625
24-60-C-4,1,24,60,C,4,16,0.0625
24-60-C-4,1,24,60,C,4,18,0.05555555555555555
24-60-C-4,1,24,60,C,4,20,0.05
20-60-C-2,1,20,60,C,2,17,0.058823529411764705
20-60-C-2,1,20,60,C,2,17,0.058823529411764705
20-60-C-2,1,20,60,C,2,17,0.058823529411764705
20-60-C-2,1,20,60,C,2,18,0.05555555555555555
20-60-C-2,1,20,60,C,2,18,0.05555555555555555
20-60-C-2,1,20,60,C,2,18,0.05555555555555555
20-60-C-2,1,20,60,C,2,18,0.05555555555555555
20-60-C-2,1,20,60,C,2,18,0.05555555555555555
20-60-C-2,1,20,60,C,2,18,0.05555555555555555
20-60-C-2,1,20,60,C,2,18,0.05555555555555555
20-60-C-2,1,20,60,C,2,18,0.05555555555555555
20-60-C-2,1,20,60,C,2,18,0.05555555555555555
20-60-C-2,1,20,60,C,2,18,0.05555555555555555
20-60-C-2,1,20,60,C,2,18,0.05555555555555555
20-60-C-2,1,20,60,C,2,18,0.05555555555555555
20-60-C-2,1,20,60,C,2,18,0.05555555555555555
20-60-C-2,1,20,60,C,2,19,0.05263157894736842
20-60-C-2,1,20,60,C,2,19,0.05263157894736842
20-60-C-2,1,20,60,C,2,19,0.05263157894736842
20-60-C-2,1,20,60,C,2,19,0.05263157894736842
20-60-C-2,1,20,60,C,2,19,0.05263157894736842
20-60-C-2,1,20,60,C,2,19,0.05263157894736842
20-60-C-2,1,20,60,C,2,19,0.05263157894736842
20-60-C-2,1,20,60,C,2,19,0.05263157894736842
20-60-C-2,1,20,60,C,2,19,0.05263157894736842
20-60-C-2,1,20,60,C,2,19,0.05263157894736842
20-60-C-2,1,20,60,C,2,19,0.05263157894736842
20-60-C-2,1,20,60,C,2,19,0.05263157894736842
20-60-C-2,1,20,60,C,2,19,0.05263157894736842
20-60-C-2,1,20,60,C,2,19,0.05263157894736842
20-60-C-2,1,20,60,C,2,19,0.05263157894736842
20-60-C-2,1,20,60,C,2,19,0.05263157894736842
20-60-C-2,1,20,60,C,2,19,0.05263157894736842
20-60-C-2,1,20,60,C,2,20,0.05
20-60-C-2,1,20,60,C,2,20,0.05
20-60-C-2,1,20,60,C,2,20,0.05
20-60-C-2,1,20,60,C,2,20,0.05
20-60-C-2,1,20,60,C,2,20,0.05
20-60-C-2,1,20,60,C,2,21,0.047619047619047616
20-60-C-2,1,20,60,C,2,21,0.047619047619047616
20-60-C-2,1,20,60,C,2,22,0.045454545454545456
20-60-C-2,1,20,60,C,2,22,0.045454545454545456
20-60-C-3,1,20,60,C,3,17,0.058823529411764705
20-60-C-3,1,20,60,C,3,17,0.058823529411764705
20-60-C-3,1,20,60,C,3,18,0.05555555555555555
20-60-C-3,1,20,60,C,3,18,0.05555555555555555
20-60-C-3,1,20,60,C,3,18,0.05555555555555555
20-60-C-3,1,20,60,C,3,18,0.05555555555555555
20-60-C-3,1,20,60,C,3,18,0.05555555555555555
20-60-C-3,1,20,60,C,3,18,0.05555555555555555
20-60-C-3,1,20,60,C,3,18,0.05555555555555555
20-60-C-3,1,20,60,C,3,18,0.05555555555555555
20-60-C-3,1,20,60,C,3,18,0.05555555555555555
20-60-C-3,1,20,60,C,3,18,0.05555555555555555
20-60-C-3,1,20,60,C,3,18,0.05555555555555555
20-60-C-3,1,20,60,C,3,18,0.05555555555555555
20-60-C-3,1,20,60,C,3,18,0.05555555555555555
20-60-C-3,1,20,60,C,3,19,0.05263157894736842
20-60-C-3,1,20,60,C,3,19,0.05263157894736842
20-60-C-3,1,20,60,C,3,19,0.05263157894736842
20-60-C-3,1,20,60,C,3,19,0.05263157894736842
20-60-C-3,1,20,60,C,3,19,0.05263157894736842
20-60-C-3,1,20,60,C,3,19,0.05263157894736842
20-60-C-3,1,20,60,C,3,19,0.05263157894736842
20-60-C-3,1,20,60,C,3,19,0.05263157894736842
20-60-C-3,1,20,60,C,3,19,0.05263157894736842
20-60-C-3,1,20,60,C,3,19,0.05263157894736842
20-60-C-3,1,20,60,C,3,19,0.05263157894736842
20-60-C-3,1,20,60,C,3,19,0.05263157894736842
20-60-C-3,1,20,60,C,3,19,0.05263157894736842
20-60-C-3,1,20,60,C,3,19,0.05263157894736842
20-60-C-3,1,20,60,C,3,19,0.05263157894736842
20-60-C-3,1,20,60,C,3,19,0.05263157894736842
20-60-C-3,1,20,60,C,3,19,0.05263157894736842
20-60-C-3,1,20,60,C,3,19,0.05263157894736842
20-60-C-3,1,20,60,C,3,19,0.05263157894736842
20-60-C-3,1,20,60,C,3,20,0.05
20-60-C-3,1,20,60,C,3,20,0.05
20-60-C-3,1,20,60,C,3,20,0.05
20-60-C-3,1,20,60,C,3,20,0.05
20-60-C-3,1,20,60,C,3,20,0.05
20-60-C-3,1,20,60,C,3,20,0.05
20-60-C-3,1,20,60,C,3,20,0.05
20-60-C-3,1,20,60,C,3,20,0.05
20-60-C-3,1,20,60,C,3,20,0.05
20-60-C-3,1,20,60,C,3,20,0.05
20-60-C-3,1,20,60,C,3,21,0.047619047619047616
20-60-C-3,1,20,60,C,3,21,0.047619047619047616
20-60-C-3,1,20,60,C,3,22,0.045454545454545456
20-60-C-3,1,20,60,C,3,22,0.045454545454545456
20-60-C-3,1,20,60,C,3,23,0.043478260869565216
20-60-C-3,1,20,60,C,3,23,0.043478260869565216
20-60-C-3,1,20,60,C,3,24,0.041666666666666664
20-60-C-3,1,20,60,C,3,29,0.034482758620689655
20-60-C-4,1,20,60,C,4,18,0.05555555555555555
20-60-C-4,1,20,60,C,4,18,0.05555555555555555
20-60-C-4,1,20,60,C,4,18,0.05555555555555555
20-60-C-4,1,20,60,C,4,18,0.05555555555555555
20-60-C-4,1,20,60,C,4,18,0.05555555555555555
20-60-C-4,1,20,60,C,4,18,0.05555555555555555
20-60-C-4,1,20,60,C,4,18,0.05555555555555555
20-60-C-4,1,20,60,C,4,18,0.05555555555555555
20-60-C-4,1,20,60,C,4,18,0.05555555555555555
20-60-C-4,1,20,60,C,4,19,0.05263157894736842
20-60-C-4,1,20,60,C,4,19,0.05263157894736842
20-60-C-4,1,20,60,C,4,19,0.05263157894736842
20-60-C-4,1,20,60,C,4,19,0.05263157894736842
20-60-C-4,1,20,60,C,4,19,0.05263157894736842
20-60-C-4,1,20,60,C,4,19,0.05263157894736842
20-60-C-4,1,20,60,C,4,19,0.05263157894736842
20-60-C-4,1,20,60,C,4,19,0.05263157894736842
20-60-C-4,1,20,60,C,4,19,0.05263157894736842
20-60-C-4,1,20,60,C,4,19,0.05263157894736842
20-60-C-4,1,20,60,C,4,19,0.05263157894736842
20-60-C-4,1,20,60,C,4,19,0.05263157894736842
20-60-C-4,1,20,60,C,4,19,0.05263157894736842
20-60-C-4,1,20,60,C,4,19,0.05263157894736842
20-60-C-4,1,20,60,C,4,19,0.05263157894736842
20-60-C-4,1,20,60,C,4,19,0.05263157894736842
20-60-C-4,1,20,60,C,4,19,0.05263157894736842
20-60-C-4,1,20,60,C,4,19,0.05263157894736842
20-60-C-4,1,20,60,C,4,20,0.05
20-60-C-4,1,20,60,C,4,20,0.05
20-60-C-4,1,20,60,C,4,20,0.05
20-60-C-4,1,20,60,C,4,20,0.05
20-60-C-4,1,20,60,C,4,21,0.047619047619047616
20-60-C-4,1,20,60,C,4,21,0.047619047619047616
20-60-C-4,1,20,60,C,4,21,0.047619047619047616
20-60-C-4,1,20,60,C,4,21,0.047619047619047616
20-60-C-4,1,20,60,C,4,21,0.047619047619047616
20-60-C-4,1,20,60,C,4,21,0.047619047619047616
35-60-C-1,2,35,60,C,1,6,0.16666666666666666
35-60-C-1,2,35,60,C,1,6,0.16666666666666666
35-60-C-1,2,35,60,C,1,6,0.16666666666666666
35-60-C-1,2,35,60,C,1,6,0.16666666666666666
35-60-C-1,2,35,60,C,1,6,0.16666666666666666
35-60-C-1,2,35,60,C,1,6,0.16666666666666666
35-60-C-1,2,35,60,C,1,6,0.16666666666666666
35-60-C-1,2,35,60,C,1,6,0.16666666666666666
35-60-C-1,2,35,60,C,1,6,0.16666666666666666
35-60-C-1,2,35,60,C,1,6,0.16666666666666666
35-60-C-1,2,35,60,C,1,6,0.16666666666666666
35-60-C-1,2,35,60,C,1,6,0.16666666666666666
35-60-C-1,2,35,60,C,1,6,0.16666666666666666
35-60-C-1,2,35,60,C,1,6,0.16666666666666666
35-60-C-1,2,35,60,C,1,6,0.16666666666666666
35-60-C-1,2,35,60,C,1,6,0.16666666666666666
35-60-C-1,2,35,60,C,1,6,0.16666666666666666
35-60-C-1,2,35,60,C,1,6,0.16666666666666666
35-60-C-1,2,35,60,C,1,6,0.16666666666666666
35-60-C-1,2,35,60,C,1,6,0.16666666666666666
35-60-C-1,2,35,60,C,1,6,0.16666666666666666
35-60-C-1,2,35,60,C,1,6,0.16666666666666666
35-60-C-1,2,35,60,C,1,6,0.16666666666666666
35-60-C-1,2,35,60,C,1,6,0.16666666666666666
35-60-C-1,2,35,60,C,1,6,0.16666666666666666
35-60-C-1,2,35,60,C,1,6,0.16666666666666666
35-60-C-1,2,35,60,C,1,6,0.16666666666666666
35-60-C-1,2,35,60,C,1,6,0.16666666666666666
35-60-C-1,2,35,60,C,1,6,0.16666666666666666
35-60-C-1,2,35,60,C,1,6,0.16666666666666666
35-60-C-1,2,35,60,C,1,6,0.16666666666666666
35-60-C-1,2,35,60,C,1,6,0.16666666666666666
35-60-C-1,2,35,60,C,1,6,0.16666666666666666
35-60-C-1,2,35,60,C,1,7,0.14285714285714285
35-60-C-1,2,35,60,C,1,7,0.14285714285714285
35-60-C-1,2,35,60,C,1,7,0.14285714285714285
35-60-C-1,2,35,60,C,1,7,0.14285714285714285
35-60-C-1,2,35,60,C,1,7,0.14285714285714285
35-60-C-1,2,35,60,C,1,7,0.14285714285714285
35-60-C-1,2,35,60,C,1,7,0.14285714285714285
35-60-C-1,2,35,60,C,1,7,0.14285714285714285
35-60-C-1,2,35,60,C,1,7,0.14285714285714285
35-60-C-1,2,35,60,C,1,7,0.14285714285714285
35-60-C-1,2,35,60,C,1,7,0.14285714285714285
35-60-C-1,2,35,60,C,1,7,0.14285714285714285
35-60-C-1,2,35,60,C,1,7,0.14285714285714285
35-60-C-1,2,35,60,C,1,7,0.14285714285714285
35-60-C-1,2,35,60,C,1,7,0.14285714285714285
35-60-C-1,2,35,60,C,1,7,0.14285714285714285
35-60-C-1,2,35,60,C,1,7,0.14285714285714285
35-60-C-1,2,35,60,C,1,7,0.14285714285714285
35-60-C-1,2,35,60,C,1,7,0.14285714285714285
35-60-C-1,2,35,60,C,1,7,0.14285714285714285
35-60-C-1,2,35,60,C,1,7,0.14285714285714285
35-60-C-1,2,35,60,C,1,7,0.14285714285714285
35-60-C-1,2,35,60,C,1,7,0.14285714285714285
35-60-C-1,2,35,60,C,1,7,0.14285714285714285
35-60-C-1,2,35,60,C,1,7,0.14285714285714285
35-60-C-1,2,35,60,C,1,7,0.14285714285714285
35-60-C-1,2,35,60,C,1,7,0.14285714285714285
35-60-C-1,2,35,60,C,1,7,0.14285714285714285
35-60-C-1,2,35,60,C,1,7,0.14285714285714285
35-60-C-1,2,35,60,C,1,7,0.14285714285714285
35-60-C-1,2,35,60,C,1,7,0.14285714285714285
35-60-C-1,2,35,60,C,1,7,0.14285714285714285
35-60-C-1,2,35,60,C,1,8,0.125
35-60-C-1,2,35,60,C,1,8,0.125
35-60-C-1,2,35,60,C,1,8,0.125
35-60-C-1,2,35,60,C,1,8,0.125
35-60-C-1,2,35,60,C,1,8,0.125
35-60-C-1,2,35,60,C,1,9,0.1111111111111111
35-60-C-1,2,35,60,C,1,10,0.1
35-60-C-2,2,35,60,C,2,6,0.16666666666666666
35-60-C-2,2,35,60,C,2,6,0.16666666666666666
35-60-C-2,2,35,60,C,2,6,0.16666666666666666
35-60-C-2,2,35,60,C,2,6,0.16666666666666666
35-60-C-2,2,35,60,C,2,6,0.16666666666666666
35-60-C-2,2,35,60,C,2,6,0.16666666666666666
35-60-C-2,2,35,60,C,2,6,0.16666666666666666
35-60-C-2,2,35,60,C,2,6,0.16666666666666666
35-60-C-2,2,35,60,C,2,6,0.16666666666666666
35-60-C-2,2,35,60,C,2,6,0.16666666666666666
35-60-C-2,2,35,60,C,2,6,0.16666666666666666
35-60-C-2,2,35,60,C,2,6,0.16666666666666666
35-60-C-2,2,35,60,C,2,6,0.16666666666666666
35-60-C-2,2,35,60,C,2,6,0.16666666666666666
35-60-C-2,2,35,60,C,2,6,0.16666666666666666
35-60-C-2,2,35,60,C,2,6,0.16666666666666666
35-60-C-2,2,35,60,C,2,6,0.16666666666666666
35-60-C-2,2,35,60,C,2,6,0.16666666666666666
35-60-C-2,2,35,60,C,2,6,0.16666666666666666
35-60-C-2,2,35,60,C,2,6,0.16666666666666666
35-60-C-2,2,35,60,C,2,6,0.16666666666666666
35-60-C-2,2,35,60,C,2,6,0.16666666666666666
35-60-C-2,2,35,60,C,2,6,0.16666666666666666
35-60-C-2,2,35,60,C,2,6,0.16666666666666666
35-60-C-2,2,35,60,C,2,6,0.16666666666666666
35-60-C-2,2,35,60,C,2,6,0.16666666666666666
35-60-C-2,2,35,60,C,2,6,0.16666666666666666
35-60-C-2,2,35,60,C,2,7,0.14285714285714285
35-60-C-2,2,35,60,C,2,7,0.14285714285714285
35-60-C-2,2,35,60,C,2,7,0.14285714285714285
35-60-C-2,2,35,60,C,2,7,0.14285714285714285
35-60-C-2,2,35,60,C,2,7,0.14285714285714285
35-60-C-2,2,35,60,C,2,7,0.14285714285714285
35-60-C-2,2,35,60,C,2,7,0.14285714285714285
35-60-C-2,2,35,60,C,2,7,0.14285714285714285
35-60-C-2,2,35,60,C,2,7,0.14285714285714285
35-60-C-2,2,35,60,C,2,7,0.14285714285714285
35-60-C-2,2,35,60,C,2,7,0.14285714285714285
35-60-C-2,2,35,60,C,2,7,0.14285714285714285
35-60-C-2,2,35,60,C,2,7,0.14285714285714285
35-60-C-2,2,35,60,C,2,7,0.14285714285714285
35-60-C-2,2,35,60,C,2,7,0.14285714285714285
35-60-C-2,2,35,60,C,2,7,0.14285714285714285
35-60-C-2,2,35,60,C,2,7,0.14285714285714285
35-60-C-2,2,35,60,C,2,7,0.14285714285714285
35-60-C-2,2,35,60,C,2,7,0.14285714285714285
35-60-C-2,2,35,60,C,2,7,0.14285714285714285
35-60-C-2,2,35,60,C,2,7,0.14285714285714285
35-60-C-2,2,35,60,C,2,7,0.14285714285714285
35-60-C-2,2,35,60,C,2,7,0.14285714285714285
35-60-C-2,2,35,60,C,2,7,0.14285714285714285
35-60-C-2,2,35,60,C,2,7,0.14285714285714285
35-60-C-2,2,35,60,C,2,7,0.14285714285714285
35-60-C-2,2,35,60,C,2,7,0.14285714285714285
35-60-C-2,2,35,60,C,2,7,0.14285714285714285
35-60-C-2,2,35,60,C,2,7,0.14285714285714285
35-60-C-2,2,35,60,C,2,8,0.125
35-60-C-2,2,35,60,C,2,8,0.125
35-60-C-2,2,35,60,C,2,8,0.125
35-60-C-2,2,35,60,C,2,8,0.125
35-60-C-2,2,35,60,C,2,8,0.125
35-60-C-2,2,35,60,C,2,8,0.125
35-60-C-2,2,35,60,C,2,9,0.1111111111111111
35-60-C-2,2,35,60,C,2,10,0.1
35-60-C-2,2,35,60,C,2,10,0.1
35-60-C-3,2,35,60,C,3,6,0.16666666666666666
35-60-C-3,2,35,60,C,3,6,0.16666666666666666
35-60-C-3,2,35,60,C,3,6,0.16666666666666666
35-60-C-3,2,35,60,C,3,6,0.16666666666666666
35-60-C-3,2,35,60,C,3,6,0.16666666666666666
35-60-C-3,2,35,60,C,3,6,0.16666666666666666
35-60-C-3,2,35,60,C,3,6,0.16666666666666666
35-60-C-3,2,35,60,C,3,6,0.16666666666666666
35-60-C-3,2,35,60,C,3,6,0.16666666666666666
35-60-C-3,2,35,60,C,3,6,0.16666666666666666
35-60-C-3,2,35,60,C,3,6,0.16666666666666666
35-60-C-3,2,35,60,C,3,7,0.14285714285714285
35-60-C-3,2,35,60,C,3,7,0.14285714285714285
35-60-C-3,2,35,60,C,3,7,0.14285714285714285
35-60-C-3,2,35,60,C,3,7,0.14285714285714285
35-60-C-3,2,35,60,C,3,7,0.14285714285714285
35-60-C-3,2,35,60,C,3,7,0.14285714285714285
35-60-C-3,2,35,60,C,3,7,0.14285714285714285
35-60-C-3,2,35,60,C,3,7,0.14285714285714285
35-60-C-3,2,35,60,C,3,7,0.14285714285714285
35-60-C-3,2,35,60,C,3,7,0.14285714285714285
35-60-C-3,2,35,60,C,3,7,0.14285714285714285
35-60-C-3,2,35,60,C,3,7,0.14285714285714285
35-60-C-3,2,35,60,C,3,7,0.14285714285714285
35-60-C-3,2,35,60,C,3,7,0.14285714285714285
35-60-C-3,2,35,60,C,3,7,0.14285714285714285
35-60-C-3,2,35,60,C,3,7,0.14285714285714285
35-60-C-3,2,35,60,C,3,7,0.14285714285714285
35-60-C-3,2,35,60,C,3,7,0.14285714285714285
35-60-C-3,2,35,60,C,3,7,0.14285714285714285
35-60-C-3,2,35,60,C,3,7,0.14285714285714285
35-60-C-3,2,35,60,C,3,7,0.14285714285714285
35-60-C-3,2,35,60,C,3,7,0.14285714285714285
35-60-C-3,2,35,60,C,3,7,0.14285714285714285
35-60-C-3,2,35,60,C,3,7,0.14285714285714285
35-60-C-3,2,35,60,C,3,7,0.14285714285714285
35-60-C-3,2,35,60,C,3,7,0.14285714285714285
35-60-C-3,2,35,60,C,3,7,0.14285714285714285
35-60-C-3,2,35,60,C,3,7,0.14285714285714285
35-60-C-3,2,35,60,C,3,7,0.14285714285714285
35-60-C-3,2,35,60,C,3,7,0.14285714285714285
35-60-C-3,2,35,60,C,3,7,0.14285714285714285
35-60-C-3,2,35,60,C,3,7,0.14285714285714285
35-60-C-3,2,35,60,C,3,7,0.14285714285714285
35-60-C-3,2,35,60,C,3,7,0.14285714285714285
35-60-C-3,2,35,60,C,3,7,0.14285714285714285
35-60-C-3,2,35,60,C,3,7,0.14285714285714285
35-60-C-3,2,35,60,C,3,7,0.14285714285714285
35-60-C-3,2,35,60,C,3,7,0.14285714285714285
35-60-C-3,2,35,60,C,3,7,0.14285714285714285
35-60-C-3,2,35,60,C,3,7,0.14285714285714285
35-60-C-3,2,35,60,C,3,7,0.14285714285714285
35-60-C-3,2,35,60,C,3,7,0.14285714285714285
35-60-C-3,2,35,60,C,3,7,0.14285714285714285
35-60-C-3,2,35,60,C,3,7,0.14285714285714285
35-60-C-3,2,35,60,C,3,7,0.14285714285714285
35-60-C-3,2,35,60,C,3,7,0.14285714285714285
35-60-C-3,2,35,60,C,3,7,0.14285714285714285
35-60-C-3,2,35,60,C,3,7,0.14285714285714285
35-60-C-3,2,35,60,C,3,7,0.14285714285714285
35-60-C-3,2,35,60,C,3,7,0.14285714285714285
35-60-C-3,2,35,60,C,3,7,0.14285714285714285
35-60-C-3,2,35,60,C,3,7,0.14285714285714285
35-60-C-3,2,35,60,C,3,7,0.14285714285714285
35-60-C-3,2,35,60,C,3,7,0.14285714285714285
35-60-C-3,2,35,60,C,3,8,0.125
35-60-C-3,2,35,60,C,3,8,0.125
35-60-C-3,2,35,60,C,3,8,0.125
35-60-C-3,2,35,60,C,3,8,0.125
35-60-C-3,2,35,60,C,3,9,0.1111111111111111
35-60-C-3,2,35,60,C,3,9,0.1111111111111111
35-60-C-3,2,35,60,C,3,10,0.1
35-60-E-1,2,35,60,E,1,6,0.16666666666666666
35-60-E-1,2,35,60,E,1,6,0.16666666666666666
35-60-E-1,2,35,60,E,1,6,0.16666666666666666
35-60-E-1,2,35,60,E,1,6,0.16666666666666666
35-60-E-1,2,35,60,E,1,6,0.16666666666666666
35-60-E-1,2,35,60,E,1,6,0.16666666666666666
35-60-E-1,2,35,60,E,1,6,0.16666666666666666
35-60-E-1,2,35,60,E,1,6,0.16666666666666666
35-60-E-1,2,35,60,E,1,6,0.16666666666666666
35-60-E-1,2,35,60,E,1,6,0.16666666666666666
35-60-E-1,2,35,60,E,1,6,0.16666666666666666
35-60-E-1,2,35,60,E,1,6,0.16666666666666666
35-60-E-1,2,35,60,E,1,6,0.16666666666666666
35-60-E-1,2,35,60,E,1,6,0.16666666666666666
35-60-E-1,2,35,60,E,1,6,0.16666666666666666
35-60-E-1,2,35,60,E,1,6,0.16666666666666666
35-60-E-1,2,35,60,E,1,6,0.16666666666666666
35-60-E-1,2,35,60,E,1,6,0.16666666666666666
35-60-E-1,2,35,60,E,1,6,0.16666666666666666
35-60-E-1,2,35,60,E,1,6,0.16666666666666666
35-60-E-1,2,35,60,E,1,6,0.16666666666666666
35-60-E-1,2,35,60,E,1,6,0.16666666666666666
35-60-E-1,2,35,60,E,1,6,0.16666666666666666
35-60-E-1,2,35,60,E,1,6,0.16666666666666666
35-60-E-1,2,35,60,E,1,6,0.16666666666666666
35-60-E-1,2,35,60,E,1,6,0.16666666666666666
35-60-E-1,2,35,60,E,1,6,0.16666666666666666
35-60-E-1,2,35,60,E,1,6,0.16666666666666666
35-60-E-1,2,35,60,E,1,6,0.16666666666666666
35-60-E-1,2,35,60,E,1,6,0.16666666666666666
35-60-E-1,2,35,60,E,1,6,0.16666666666666666
35-60-E-1,2,35,60,E,1,6,0.16666666666666666
35-60-E-1,2,35,60,E,1,6,0.16666666666666666
35-60-E-1,2,35,60,E,1,6,0.16666666666666666
35-60-E-1,2,35,60,E,1,6,0.16666666666666666
35-60-E-1,2,35,60,E,1,6,0.16666666666666666
35-60-E-1,2,35,60,E,1,6,0.16666666666666666
35-60-E-1,2,35,60,E,1,6,0.16666666666666666
35-60-E-1,2,35,60,E,1,6,0.16666666666666666
35-60-E-1,2,35,60,E,1,6,0.16666666666666666
35-60-E-1,2,35,60,E,1,6,0.16666666666666666
35-60-E-1,2,35,60,E,1,6,0.16666666666666666
35-60-E-1,2,35,60,E,1,6,0.16666666666666666
35-60-E-1,2,35,60,E,1,6,0.16666666666666666
35-60-E-1,2,35,60,E,1,7,0.14285714285714285
35-60-E-1,2,35,60,E,1,7,0.14285714285714285
35-60-E-1,2,35,60,E,1,7,0.14285714285714285
35-60-E-1,2,35,60,E,1,7,0.14285714285714285
35-60-E-1,2,35,60,E,1,7,0.14285714285714285
35-60-E-1,2,35,60,E,1,7,0.14285714285714285
35-60-E-1,2,35,60,E,1,7,0.14285714285714285
35-60-E-1,2,35,60,E,1,7,0.14285714285714285
35-60-E-1,2,35,60,E,1,7,0.14285714285714285
35-60-E-1,2,35,60,E,1,7,0.14285714285714285
35-60-E-1,2,35,60,E,1,7,0.14285714285714285
35-60-E-1,2,35,60,E,1,7,0.14285714285714285
35-60-E-1,2,35,60,E,1,7,0.14285714285714285
35-60-E-1,2,35,60,E,1,7,0.14285714285714285
35-60-E-1,2,35,60,E,1,7,0.14285714285714285
35-60-E-1,2,35,60,E,1,7,0.14285714285714285
35-60-E-1,2,35,60,E,1,7,0.14285714285714285
35-60-E-1,2,35,60,E,1,7,0.14285714285714285
35-60-E-1,2,35,60,E,1,7,0.14285714285714285
35-60-E-1,2,35,60,E,1,7,0.14285714285714285
35-60-E-1,2,35,60,E,1,7,0.14285714285714285
35-60-E-1,2,35,60,E,1,7,0.14285714285714285
35-60-E-1,2,35,60,E,1,7,0.14285714285714285
35-60-E-1,2,35,60,E,1,7,0.14285714285714285
35-60-E-1,2,35,60,E,1,7,0.14285714285714285
35-60-E-1,2,35,60,E,1,7,0.14285714285714285
35-60-E-1,2,35,60,E,1,7,0.14285714285714285
35-60-E-1,2,35,60,E,1,7,0.14285714285714285
35-60-E-1,2,35,60,E,1,7,0.14285714285714285
35-60-E-1,2,35,60,E,1,7,0.14285714285714285
35-60-E-1,2,35,60,E,1,7,0.14285714285714285
35-60-E-1,2,35,60,E,1,7,0.14285714285714285
35-60-E-1,2,35,60,E,1,7,0.14285714285714285
35-60-E-1,2,35,60,E,1,7,0.14285714285714285
35-60-E-1,2,35,60,E,1,7,0.14285714285714285
35-60-E-1,2,35,60,E,1,8,0.125
35-60-E-2,2,35,60,E,2,6,0.16666666666666666
35-60-E-2,2,35,60,E,2,6,0.16666666666666666
35-60-E-2,2,35,60,E,2,6,0.16666666666666666
35-60-E-2,2,35,60,E,2,6,0.16666666666666666
35-60-E-2,2,35,60,E,2,6,0.16666666666666666
35-60-E-2,2,35,60,E,2,6,0.16666666666666666
35-60-E-2,2,35,60,E,2,6,0.16666666666666666
35-60-E-2,2,35,60,E,2,6,0.16666666666666666
35-60-E-2,2,35,60,E,2,6,0.16666666666666666
35-60-E-2,2,35,60,E,2,6,0.16666666666666666
35-60-E-2,2,35,60,E,2,6,0.16666666666666666
35-60-E-2,2,35,60,E,2,6,0.16666666666666666
35-60-E-2,2,35,60,E,2,6,0.16666666666666666
35-60-E-2,2,35,60,E,2,6,0.16666666666666666
35-60-E-2,2,35,60,E,2,6,0.16666666666666666
35-60-E-2,2,35,60,E,2,6,0.16666666666666666
35-60-E-2,2,35,60,E,2,6,0.16666666666666666
35-60-E-2,2,35,60,E,2,6,0.16666666666666666
35-60-E-2,2,35,60,E,2,6,0.16666666666666666
35-60-E-2,2,35,60,E,2,6,0.16666666666666666
35-60-E-2,2,35,60,E,2,6,0.16666666666666666
35-60-E-2,2,35,60,E,2,6,0.16666666666666666
35-60-E-2,2,35,60,E,2,6,0.16666666666666666
35-60-E-2,2,35,60,E,2,6,0.16666666666666666
35-60-E-2,2,35,60,E,2,6,0.16666666666666666
35-60-E-2,2,35,60,E,2,6,0.16666666666666666
35-60-E-2,2,35,60,E,2,6,0.16666666666666666
35-60-E-2,2,35,60,E,2,6,0.16666666666666666
35-60-E-2,2,35,60,E,2,6,0.16666666666666666
35-60-E-2,2,35,60,E,2,6,0.16666666666666666
35-60-E-2,2,35,60,E,2,6,0.16666666666666666
35-60-E-2,2,35,60,E,2,6,0.16666666666666666
35-60-E-2,2,35,60,E,2,6,0.16666666666666666
35-60-E-2,2,35,60,E,2,6,0.16666666666666666
35-60-E-2,2,35,60,E,2,6,0.16666666666666666
35-60-E-2,2,35,60,E,2,6,0.16666666666666666
35-60-E-2,2,35,60,E,2,6,0.16666666666666666
35-60-E-2,2,35,60,E,2,7,0.14285714285714285
35-60-E-2,2,35,60,E,2,7,0.14285714285714285
35-60-E-2,2,35,60,E,2,7,0.14285714285714285
35-60-E-2,2,35,60,E,2,7,0.14285714285714285
35-60-E-2,2,35,60,E,2,7,0.14285714285714285
35-60-E-2,2,35,60,E,2,7,0.14285714285714285
35-60-E-2,2,35,60,E,2,7,0.14285714285714285
35-60-E-2,2,35,60,E,2,7,0.14285714285714285
35-60-E-2,2,35,60,E,2,7,0.14285714285714285
35-60-E-2,2,35,60,E,2,7,0.14285714285714285
35-60-E-2,2,35,60,E,2,7,0.14285714285714285
35-60-E-2,2,35,60,E,2,7,0.14285714285714285
35-60-E-2,2,35,60,E,2,7,0.14285714285714285
35-60-E-2,2,35,60,E,2,7,0.14285714285714285
35-60-E-2,2,35,60,E,2,7,0.14285714285714285
35-60-E-2,2,35,60,E,2,7,0.14285714285714285
35-60-E-2,2,35,60,E,2,7,0.14285714285714285
35-60-E-2,2,35,60,E,2,7,0.14285714285714285
35-60-E-2,2,35,60,E,2,7,0.14285714285714285
35-60-E-2,2,35,60,E,2,7,0.14285714285714285
35-60-E-2,2,35,60,E,2,7,0.14285714285714285
35-60-E-2,2,35,60,E,2,7,0.14285714285714285
35-60-E-2,2,35,60,E,2,7,0.14285714285714285
35-60-E-2,2,35,60,E,2,7,0.14285714285714285
35-60-E-2,2,35,60,E,2,7,0.14285714285714285
35-60-E-2,2,35,60,E,2,7,0.14285714285714285
35-60-E-2,2,35,60,E,2,7,0.14285714285714285
35-60-E-2,2,35,60,E,2,7,0.14285714285714285
35-60-E-2,2,35,60,E,2,7,0.14285714285714285
35-60-E-2,2,35,60,E,2,7,0.14285714285714285
35-60-E-2,2,35,60,E,2,7,0.14285714285714285
35-60-E-2,2,35,60,E,2,7,0.14285714285714285
35-60-E-2,2,35,60,E,2,7,0.14285714285714285
35-60-E-2,2,35,60,E,2,7,0.14285714285714285
35-60-E-2,2,35,60,E,2,7,0.14285714285714285
35-60-E-2,2,35,60,E,2,7,0.14285714285714285
35-60-E-2,2,35,60,E,2,7,0.14285714285714285
35-60-E-2,2,35,60,E,2,8,0.125
35-60-E-3,2,35,60,E,3,6,0.16666666666666666
35-60-E-3,2,35,60,E,3,6,0.16666666666666666
35-60-E-3,2,35,60,E,3,6,0.16666666666666666
35-60-E-3,2,35,60,E,3,6,0.16666666666666666
35-60-E-3,2,35,60,E,3,6,0.16666666666666666
35-60-E-3,2,35,60,E,3,6,0.16666666666666666
35-60-E-3,2,35,60,E,3,6,0.16666666666666666
35-60-E-3,2,35,60,E,3,6,0.16666666666666666
35-60-E-3,2,35,60,E,3,6,0.16666666666666666
35-60-E-3,2,35,60,E,3,6,0.16666666666666666
35-60-E-3,2,35,60,E,3,6,0.16666666666666666
35-60-E-3,2,35,60,E,3,6,0.16666666666666666
35-60-E-3,2,35,60,E,3,6,0.16666666666666666
35-60-E-3,2,35,60,E,3,6,0.16666666666666666
35-60-E-3,2,35,60,E,3,6,0.16666666666666666
35-60-E-3,2,35,60,E,3,6,0.16666666666666666
35-60-E-3,2,35,60,E,3,6,0.16666666666666666
35-60-E-3,2,35,60,E,3,6,0.16666666666666666
35-60-E-3,2,35,60,E,3,6,0.16666666666666666
35-60-E-3,2,35,60,E,3,6,0.16666666666666666
35-60-E-3,2,35,60,E,3,6,0.16666666666666666
35-60-E-3,2,35,60,E,3,6,0.16666666666666666
35-60-E-3,2,35,60,E,3,6,0.16666666666666666
35-60-E-3,2,35,60,E,3,6,0.16666666666666666
35-60-E-3,2,35,60,E,3,6,0.16666666666666666
35-60-E-3,2,35,60,E,3,6,0.16666666666666666
35-60-E-3,2,35,60,E,3,6,0.16666666666666666
35-60-E-3,2,35,60,E,3,6,0.16666666666666666
35-60-E-3,2,35,60,E,3,6,0.16666666666666666
35-60-E-3,2,35,60,E,3,6,0.16666666666666666
35-60-E-3,2,35,60,E,3,6,0.16666666666666666
35-60-E-3,2,35,60,E,3,6,0.16666666666666666
35-60-E-3,2,35,60,E,3,6,0.16666666666666666
35-60-E-3,2,35,60,E,3,6,0.16666666666666666
35-60-E-3,2,35,60,E,3,6,0.16666666666666666
35-60-E-3,2,35,60,E,3,6,0.16666666666666666
35-60-E-3,2,35,60,E,3,6,0.16666666666666666
35-60-E-3,2,35,60,E,3,6,0.16666666666666666
35-60-E-3,2,35,60,E,3,6,0.16666666666666666
35-60-E-3,2,35,60,E,3,6,0.16666666666666666
35-60-E-3,2,35,60,E,3,6,0.16666666666666666
35-60-E-3,2,35,60,E,3,6,0.16666666666666666
35-60-E-3,2,35,60,E,3,7,0.14285714285714285
35-60-E-3,2,35,60,E,3,7,0.14285714285714285
35-60-E-3,2,35,60,E,3,7,0.14285714285714285
35-60-E-3,2,35,60,E,3,7,0.14285714285714285
32-75-C-1,2,32,75,C,1,6,0.16666666666666666
32-75-C-1,2,32,75,C,1,6,0.16666666666666666
32-75-C-1,2,32,75,C,1,6,0.16666666666666666
32-75-C-1,2,32,75,C,1,6,0.16666666666666666
32-75-C-1,2,32,75,C,1,6,0.16666666666666666
32-75-C-1,2,32,75,C,1,6,0.16666666666666666
32-75-C-1,2,32,75,C,1,6,0.16666666666666666
32-75-C-1,2,32,75,C,1,6,0.16666666666666666
32-75-C-1,2,32,75,C,1,6,0.16666666666666666
32-75-C-1,2,32,75,C,1,6,0.16666666666666666
32-75-C-1,2,32,75,C,1,6,0.16666666666666666
32-75-C-1,2,32,75,C,1,6,0.16666666666666666
32-75-C-1,2,32,75,C,1,6,0.16666666666666666
32-75-C-1,2,32,75,C,1,6,0.16666666666666666
32-75-C-1,2,32,75,C,1,6,0.16666666666666666
32-75-C-1,2,32,75,C,1,6,0.16666666666666666
32-75-C-1,2,32,75,C,1,6,0.16666666666666666
32-75-C-1,2,32,75,C,1,6,0.16666666666666666
32-75-C-1,2,32,75,C,1,6,0.16666666666666666
32-75-C-1,2,32,75,C,1,6,0.16666666666666666
32-75-C-1,2,32,75,C,1,6,0.16666666666666666
32-75-C-1,2,32,75,C,1,6,0.16666666666666666
32-75-C-1,2,32,75,C,1,6,0.16666666666666666
32-75-C-1,2,32,75,C,1,6,0.16666666666666666
32-75-C-1,2,32,75,C,1,6,0.16666666666666666
32-75-C-1,2,32,75,C,1,6,0.16666666666666666
32-75-C-1,2,32,75,C,1,6,0.16666666666666666
32-75-C-1,2,32,75,C,1,6,0.16666666666666666
32-75-C-1,2,32,75,C,1,6,0.16666666666666666
32-75-C-1,2,32,75,C,1,6,0.16666666666666666
32-75-C-1,2,32,75,C,1,6,0.16666666666666666
32-75-C-1,2,32,75,C,1,7,0.14285714285714285
32-75-C-1,2,32,75,C,1,7,0.14285714285714285
32-75-C-1,2,32,75,C,1,7,0.14285714285714285
32-75-C-1,2,32,75,C,1,7,0.14285714285714285
32-75-C-1,2,32,75,C,1,7,0.14285714285714285
32-75-C-1,2,32,75,C,1,7,0.14285714285714285
32-75-C-1,2,32,75,C,1,7,0.14285714285714285
32-75-C-1,2,32,75,C,1,7,0.14285714285714285
32-75-C-1,2,32,75,C,1,7,0.14285714285714285
32-75-C-1,2,32,75,C,1,7,0.14285714285714285
32-75-C-1,2,32,75,C,1,7,0.14285714285714285
32-75-C-1,2,32,75,C,1,7,0.14285714285714285
32-75-C-1,2,32,75,C,1,7,0.14285714285714285
32-75-C-1,2,32,75,C,1,7,0.14285714285714285
32-75-C-1,2,32,75,C,1,7,0.14285714285714285
32-75-C-1,2,32,75,C,1,7,0.14285714285714285
32-75-C-1,2,32,75,C,1,7,0.14285714285714285
32-75-C-1,2,32,75,C,1,7,0.14285714285714285
32-75-C-1,2,32,75,C,1,7,0.14285714285714285
32-75-C-1,2,32,75,C,1,7,0.14285714285714285
32-75-C-1,2,32,75,C,1,7,0.14285714285714285
32-75-C-1,2,32,75,C,1,7,0.14285714285714285
32-75-C-1,2,32,75,C,1,7,0.14285714285714285
32-75-C-1,2,32,75,C,1,7,0.14285714285714285
32-75-C-1,2,32,75,C,1,7,0.14285714285714285
32-75-C-1,2,32,75,C,1,7,0.14285714285714285
32-75-C-1,2,32,75,C,1,7,0.14285714285714285
32-75-C-1,2,32,75,C,1,7,0.14285714285714285
32-75-C-1,2,32,75,C,1,7,0.14285714285714285
32-75-C-1,2,32,75,C,1,7,0.14285714285714285
32-75-C-1,2,32,75,C,1,7,0.14285714285714285
32-75-C-1,2,32,75,C,1,7,0.14285714285714285
32-75-C-1,2,32,75,C,1,7,0.14285714285714285
32-75-C-1,2,32,75,C,1,7,0.14285714285714285
32-75-C-1,2,32,75,C,1,7,0.14285714285714285
32-75-C-1,2,32,75,C,1,7,0.14285714285714285
32-75-C-1,2,32,75,C,1,7,0.14285714285714285
32-75-C-1,2,32,75,C,1,7,0.14285714285714285
32-75-C-1,2,32,75,C,1,7,0.14285714285714285
32-75-C-1,2,32,75,C,1,7,0.14285714285714285
32-75-C-1,2,32,75,C,1,7,0.14285714285714285
32-75-C-1,2,32,75,C,1,7,0.14285714285714285
32-75-C-1,2,32,75,C,1,7,0.14285714285714285
32-75-C-1,2,32,75,C,1,7,0.14285714285714285
32-75-C-1,2,32,75,C,1,7,0.14285714285714285
32-75-C-1,2,32,75,C,1,7,0.14285714285714285
32-75-C-1,2,32,75,C,1,7,0.14285714285714285
32-75-C-1,2,32,75,C,1,7,0.14285714285714285
32-75-C-1,2,32,75,C,1,7,0.14285714285714285
32-75-C-1,2,32,75,C,1,7,0.14285714285714285
32-75-C-1,2,32,75,C,1,7,0.14285714285714285
32-75-C-1,2,32,75,C,1,7,0.14285714285714285
32-75-C-1,2,32,75,C,1,7,0.14285714285714285
32-75-C-1,2,32,75,C,1,8,0.125
32-75-C-1,2,32,75,C,1,8,0.125
32-75-C-1,2,32,75,C,1,8,0.125
32-75-C-1,2,32,75,C,1,8,0.125
32-75-C-1,2,32,75,C,1,8,0.125
32-75-C-1,2,32,75,C,1,8,0.125
32-75-C-1,2,32,75,C,1,8,0.125
32-75-C-1,2,32,75,C,1,8,0.125
32-75-C-1,2,32,75,C,1,8,0.125
32-75-C-1,2,32,75,C,1,8,0.125
32-75-C-1,2,32,75,C,1,8,0.125
32-75-C-2,2,32,75,C,2,6,0.16666666666666666
32-75-C-2,2,32,75,C,2,6,0.16666666666666666
32-75-C-2,2,32,75,C,2,7,0.14285714285714285
32-75-C-2,2,32,75,C,2,7,0.14285714285714285
32-75-C-2,2,32,75,C,2,7,0.14285714285714285
32-75-C-2,2,32,75,C,2,7,0.14285714285714285
32-75-C-2,2,32,75,C,2,7,0.14285714285714285
32-75-C-2,2,32,75,C,2,7,0.14285714285714285
32-75-C-2,2,32,75,C,2,7,0.14285714285714285
32-75-C-2,2,32,75,C,2,7,0.14285714285714285
32-75-C-2,2,32,75,C,2,7,0.14285714285714285
32-75-C-2,2,32,75,C,2,7,0.14285714285714285
32-75-C-2,2,32,75,C,2,7,0.14285714285714285
32-75-C-2,2,32,75,C,2,7,0.14285714285714285
32-75-C-2,2,32,75,C,2,7,0.14285714285714285
32-75-C-2,2,32,75,C,2,7,0.14285714285714285
32-75-C-2,2,32,75,C,2,7,0.14285714285714285
32-75-C-2,2,32,75,C,2,7,0.14285714285714285
32-75-C-2,2,32,75,C,2,7,0.14285714285714285
32-75-C-2,2,32,75,C,2,7,0.14285714285714285
32-75-C-2,2,32,75,C,2,7,0.14285714285714285
32-75-C-2,2,32,75,C,2,7,0.14285714285714285
32-75-C-2,2,32,75,C,2,7,0.14285714285714285
32-75-C-2,2,32,75,C,2,7,0.14285714285714285
32-75-C-2,2,32,75,C,2,7,0.14285714285714285
32-75-C-2,2,32,75,C,2,7,0.14285714285714285
32-75-C-2,2,32,75,C,2,7,0.14285714285714285
32-75-C-2,2,32,75,C,2,7,0.14285714285714285
32-75-C-2,2,32,75,C,2,7,0.14285714285714285
32-75-C-2,2,32,75,C,2,7,0.14285714285714285
32-75-C-2,2,32,75,C,2,7,0.14285714285714285
32-75-C-2,2,32,75,C,2,7,0.14285714285714285
32-75-C-2,2,32,75,C,2,7,0.14285714285714285
32-75-C-2,2,32,75,C,2,7,0.14285714285714285
32-75-C-2,2,32,75,C,2,7,0.14285714285714285
32-75-C-2,2,32,75,C,2,7,0.14285714285714285
32-75-C-2,2,32,75,C,2,7,0.14285714285714285
32-75-C-2,2,32,75,C,2,7,0.14285714285714285
32-75-C-2,2,32,75,C,2,7,0.14285714285714285
32-75-C-2,2,32,75,C,2,7,0.14285714285714285
32-75-C-2,2,32,75,C,2,7,0.14285714285714285
32-75-C-2,2,32,75,C,2,7,0.14285714285714285
32-75-C-2,2,32,75,C,2,7,0.14285714285714285
32-75-C-2,2,32,75,C,2,7,0.14285714285714285
32-75-C-2,2,32,75,C,2,7,0.14285714285714285
32-75-C-2,2,32,75,C,2,7,0.14285714285714285
32-75-C-2,2,32,75,C,2,7,0.14285714285714285
32-75-C-2,2,32,75,C,2,7,0.14285714285714285
32-75-C-2,2,32,75,C,2,7,0.14285714285714285
32-75-C-2,2,32,75,C,2,7,0.14285714285714285
32-75-C-2,2,32,75,C,2,7,0.14285714285714285
32-75-C-2,2,32,75,C,2,7,0.14285714285714285
32-75-C-2,2,32,75,C,2,7,0.14285714285714285
32-75-C-2,2,32,75,C,2,7,0.14285714285714285
32-75-C-2,2,32,75,C,2,7,0.14285714285714285
32-75-C-2,2,32,75,C,2,7,0.14285714285714285
32-75-C-2,2,32,75,C,2,7,0.14285714285714285
32-75-C-2,2,32,75,C,2,7,0.14285714285714285
32-75-C-2,2,32,75,C,2,7,0.14285714285714285
32-75-C-2,2,32,75,C,2,7,0.14285714285714285
32-75-C-2,2,32,75,C,2,7,0.14285714285714285
32-75-C-2,2,32,75,C,2,8,0.125
32-75-C-2,2,32,75,C,2,8,0.125
32-75-C-2,2,32,75,C,2,8,0.125
32-75-C-2,2,32,75,C,2,8,0.125
32-75-C-2,2,32,75,C,2,8,0.125
32-75-C-2,2,32,75,C,2,8,0.125
32-75-C-2,2,32,75,C,2,8,0.125
32-75-C-2,2,32,75,C,2,8,0.125
32-75-C-2,2,32,75,C,2,8,0.125
32-75-C-2,2,32,75,C,2,8,0.125
32-75-C-2,2,32,75,C,2,8,0.125
32-75-C-2,2,32,75,C,2,8,0.125
32-75-C-2,2,32,75,C,2,8,0.125
32-75-C-2,2,32,75,C,2,8,0.125
32-75-C-2,2,32,75,C,2,8,0.125
32-75-C-2,2,32,75,C,2,8,0.125
32-75-C-2,2,32,75,C,2,8,0.125
32-75-C-2,2,32,75,C,2,8,0.125
32-75-C-2,2,32,75,C,2,8,0.125
32-75-C-2,2,32,75,C,2,8,0.125
32-75-C-2,2,32,75,C,2,9,0.1111111111111111
32-75-C-2,2,32,75,C,2,9,0.1111111111111111
32-75-C-2,2,32,75,C,2,9,0.1111111111111111
32-75-C-2,2,32,75,C,2,9,0.1111111111111111
32-75-C-2,2,32,75,C,2,9,0.1111111111111111
32-75-C-2,2,32,75,C,2,11,0.09090909090909091
32-75-C-2,2,32,75,C,2,11,0.09090909090909091
32-75-C-2,2,32,75,C,2,12,0.08333333333333333
32-75-C-2,2,32,75,C,2,12,0.08333333333333333
32-75-C-3,2,32,75,C,3,6,0.16666666666666666
32-75-C-3,2,32,75,C,3,6,0.16666666666666666
32-75-C-3,2,32,75,C,3,6,0.16666666666666666
32-75-C-3,2,32,75,C,3,7,0.14285714285714285
32-75-C-3,2,32,75,C,3,7,0.14285714285714285
32-75-C-3,2,32,75,C,3,7,0.14285714285714285
32-75-C-3,2,32,75,C,3,7,0.14285714285714285
32-75-C-3,2,32,75,C,3,7,0.14285714285714285
32-75-C-3,2,32,75,C,3,7,0.14285714285714285
32-75-C-3,2,32,75,C,3,7,0.14285714285714285
32-75-C-3,2,32,75,C,3,7,0.14285714285714285
32-75-C-3,2,32,75,C,3,7,0.14285714285714285
32-75-C-3,2,32,75,C,3,7,0.14285714285714285
32-75-C-3,2,32,75,C,3,7,0.14285714285714285
32-75-C-3,2,32,75,C,3,7,0.14285714285714285
32-75-C-3,2,32,75,C,3,7,0.14285714285714285
32-75-C-3,2,32,75,C,3,7,0.14285714285714285
32-75-C-3,2,32,75,C,3,7,0.14285714285714285
32-75-C-3,2,32,75,C,3,7,0.14285714285714285
32-75-C-3,2,32,75,C,3,7,0.14285714285714285
32-75-C-3,2,32,75,C,3,7,0.14285714285714285
32-75-C-3,2,32,75,C,3,7,0.14285714285714285
32-75-C-3,2,32,75,C,3,7,0.14285714285714285
32-75-C-3,2,32,75,C,3,7,0.14285714285714285
32-75-C-3,2,32,75,C,3,7,0.14285714285714285
32-75-C-3,2,32,75,C,3,7,0.14285714285714285
32-75-C-3,2,32,75,C,3,7,0.14285714285714285
32-75-C-3,2,32,75,C,3,7,0.14285714285714285
32-75-C-3,2,32,75,C,3,7,0.14285714285714285
32-75-C-3,2,32,75,C,3,7,0.14285714285714285
32-75-C-3,2,32,75,C,3,7,0.14285714285714285
32-75-C-3,2,32,75,C,3,7,0.14285714285714285
32-75-C-3,2,32,75,C,3,7,0.14285714285714285
32-75-C-3,2,32,75,C,3,7,0.14285714285714285
32-75-C-3,2,32,75,C,3,7,0.14285714285714285
32-75-C-3,2,32,75,C,3,7,0.14285714285714285
32-75-C-3,2,32,75,C,3,7,0.14285714285714285
32-75-C-3,2,32,75,C,3,7,0.14285714285714285
32-75-C-3,2,32,75,C,3,7,0.14285714285714285
32-75-C-3,2,32,75,C,3,7,0.14285714285714285
32-75-C-3,2,32,75,C,3,7,0.14285714285714285
32-75-C-3,2,32,75,C,3,7,0.14285714285714285
32-75-C-3,2,32,75,C,3,7,0.14285714285714285
32-75-C-3,2,32,75,C,3,7,0.14285714285714285
32-75-C-3,2,32,75,C,3,7,0.14285714285714285
32-75-C-3,2,32,75,C,3,7,0.14285714285714285
32-75-C-3,2,32,75,C,3,7,0.14285714285714285
32-75-C-3,2,32,75,C,3,7,0.14285714285714285
32-75-C-3,2,32,75,C,3,7,0.14285714285714285
32-75-C-3,2,32,75,C,3,7,0.14285714285714285
32-75-C-3,2,32,75,C,3,7,0.14285714285714285
32-75-C-3,2,32,75,C,3,7,0.14285714285714285
32-75-C-3,2,32,75,C,3,7,0.14285714285714285
32-75-C-3,2,32,75,C,3,7,0.14285714285714285
32-75-C-3,2,32,75,C,3,7,0.14285714285714285
32-75-C-3,2,32,75,C,3,7,0.14285714285714285
32-75-C-3,2,32,75,C,3,7,0.14285714285714285
32-75-C-3,2,32,75,C,3,7,0.14285714285714285
32-75-C-3,2,32,75,C,3,7,0.14285714285714285
32-75-C-3,2,32,75,C,3,7,0.14285714285714285
32-75-C-3,2,32,75,C,3,8,0.125
32-75-C-3,2,32,75,C,3,8,0.125
32-75-C-3,2,32,75,C,3,8,0.125
32-75-C-3,2,32,75,C,3,8,0.125
32-75-C-3,2,32,75,C,3,8,0.125
32-75-C-3,2,32,75,C,3,8,0.125
32-75-C-3,2,32,75,C,3,8,0.125
32-75-C-3,2,32,75,C,3,8,0.125
32-75-C-3,2,32,75,C,3,8,0.125
32-75-C-3,2,32,75,C,3,8,0.125
32-75-C-3,2,32,75,C,3,8,0.125
32-75-C-3,2,32,75,C,3,8,0.125
32-75-C-3,2,32,75,C,3,8,0.125
32-75-C-3,2,32,75,C,3,8,0.125
32-75-C-3,2,32,75,C,3,8,0.125
32-75-C-3,2,32,75,C,3,8,0.125
32-75-C-3,2,32,75,C,3,8,0.125
32-75-C-3,2,32,75,C,3,9,0.1111111111111111
32-75-C-3,2,32,75,C,3,10,0.1
32-75-C-3,2,32,75,C,3,11,0.09090909090909091
32-75-C-3,2,32,75,C,3,11,0.09090909090909091
32-75-E-1,2,32,75,E,1,6,0.16666666666666666
32-75-E-1,2,32,75,E,1,6,0.16666666666666666
32-75-E-1,2,32,75,E,1,6,0.16666666666666666
32-75-E-1,2,32,75,E,1,6,0.16666666666666666
32-75-E-1,2,32,75,E,1,6,0.16666666666666666
32-75-E-1,2,32,75,E,1,6,0.16666666666666666
32-75-E-1,2,32,75,E,1,6,0.16666666666666666
32-75-E-1,2,32,75,E,1,6,0.16666666666666666
32-75-E-1,2,32,75,E,1,6,0.16666666666666666
32-75-E-1,2,32,75,E,1,6,0.16666666666666666
32-75-E-1,2,32,75,E,1,6,0.16666666666666666
32-75-E-1,2,32,75,E,1,6,0.16666666666666666
32-75-E-1,2,32,75,E,1,6,0.16666666666666666
32-75-E-1,2,32,75,E,1,6,0.16666666666666666
32-75-E-1,2,32,75,E,1,7,0.14285714285714285
32-75-E-1,2,32,75,E,1,7,0.14285714285714285
32-75-E-1,2,32,75,E,1,7,0.14285714285714285
32-75-E-1,2,32,75,E,1,7,0.14285714285714285
32-75-E-1,2,32,75,E,1,7,0.14285714285714285
32-75-E-1,2,32,75,E,1,7,0.14285714285714285
32-75-E-1,2,32,75,E,1,7,0.14285714285714285
32-75-E-1,2,32,75,E,1,7,0.14285714285714285
32-75-E-1,2,32,75,E,1,7,0.14285714285714285
32-75-E-1,2,32,75,E,1,7,0.14285714285714285
32-75-E-1,2,32,75,E,1,7,0.14285714285714285
32-75-E-1,2,32,75,E,1,7,0.14285714285714285
32-75-E-1,2,32,75,E,1,7,0.14285714285714285
32-75-E-1,2,32,75,E,1,7,0.14285714285714285
32-75-E-1,2,32,75,E,1,7,0.14285714285714285
32-75-E-1,2,32,75,E,1,7,0.14285714285714285
32-75-E-1,2,32,75,E,1,7,0.14285714285714285
32-75-E-1,2,32,75,E,1,7,0.14285714285714285
32-75-E-1,2,32,75,E,1,7,0.14285714285714285
32-75-E-1,2,32,75,E,1,7,0.14285714285714285
32-75-E-1,2,32,75,E,1,7,0.14285714285714285
32-75-E-1,2,32,75,E,1,7,0.14285714285714285
32-75-E-1,2,32,75,E,1,7,0.14285714285714285
32-75-E-1,2,32,75,E,1,7,0.14285714285714285
32-75-E-1,2,32,75,E,1,7,0.14285714285714285
32-75-E-1,2,32,75,E,1,7,0.14285714285714285
32-75-E-1,2,32,75,E,1,7,0.14285714285714285
32-75-E-1,2,32,75,E,1,7,0.14285714285714285
32-75-E-1,2,32,75,E,1,7,0.14285714285714285
32-75-E-1,2,32,75,E,1,7,0.14285714285714285
32-75-E-1,2,32,75,E,1,7,0.14285714285714285
32-75-E-1,2,32,75,E,1,7,0.14285714285714285
32-75-E-1,2,32,75,E,1,7,0.14285714285714285
32-75-E-1,2,32,75,E,1,7,0.14285714285714285
32-75-E-1,2,32,75,E,1,7,0.14285714285714285
32-75-E-1,2,32,75,E,1,7,0.14285714285714285
32-75-E-1,2,32,75,E,1,7,0.14285714285714285
32-75-E-1,2,32,75,E,1,7,0.14285714285714285
32-75-E-1,2,32,75,E,1,7,0.14285714285714285
32-75-E-1,2,32,75,E,1,7,0.14285714285714285
32-75-E-1,2,32,75,E,1,7,0.14285714285714285
32-75-E-1,2,32,75,E,1,7,0.14285714285714285
32-75-E-1,2,32,75,E,1,7,0.14285714285714285
32-75-E-1,2,32,75,E,1,7,0.14285714285714285
32-75-E-1,2,32,75,E,1,7,0.14285714285714285
32-75-E-1,2,32,75,E,1,7,0.14285714285714285
32-75-E-1,2,32,75,E,1,7,0.14285714285714285
32-75-E-1,2,32,75,E,1,7,0.14285714285714285
32-75-E-1,2,32,75,E,1,7,0.14285714285714285
32-75-E-1,2,32,75,E,1,7,0.14285714285714285
32-75-E-1,2,32,75,E,1,7,0.14285714285714285
32-75-E-1,2,32,75,E,1,7,0.14285714285714285
32-75-E-1,2,32,75,E,1,7,0.14285714285714285
32-75-E-1,2,32,75,E,1,7,0.14285714285714285
32-75-E-1,2,32,75,E,1,7,0.14285714285714285
32-75-E-1,2,32,75,E,1,7,0.14285714285714285
32-75-E-1,2,32,75,E,1,7,0.14285714285714285
32-75-E-1,2,32,75,E,1,7,0.14285714285714285
32-75-E-1,2,32,75,E,1,7,0.14285714285714285
32-75-E-1,2,32,75,E,1,7,0.14285714285714285
32-75-E-1,2,32,75,E,1,7,0.14285714285714285
32-75-E-1,2,32,75,E,1,7,0.14285714285714285
32-75-E-1,2,32,75,E,1,8,0.125
32-75-E-1,2,32,75,E,1,8,0.125
32-75-E-1,2,32,75,E,1,8,0.125
32-75-E-1,2,32,75,E,1,8,0.125
32-75-E-1,2,32,75,E,1,8,0.125
32-75-E-1,2,32,75,E,1,8,0.125
32-75-E-1,2,32,75,E,1,8,0.125
32-75-E-1,2,32,75,E,1,9,0.1111111111111111
32-75-E-2,2,32,75,E,2,6,0.16666666666666666
32-75-E-2,2,32,75,E,2,6,0.16666666666666666
32-75-E-2,2,32,75,E,2,6,0.16666666666666666
32-75-E-2,2,32,75,E,2,7,0.14285714285714285
32-75-E-2,2,32,75,E,2,7,0.14285714285714285
32-75-E-2,2,32,75,E,2,7,0.14285714285714285
32-75-E-2,2,32,75,E,2,7,0.14285714285714285
32-75-E-2,2,32,75,E,2,7,0.14285714285714285
32-75-E-2,2,32,75,E,2,7,0.14285714285714285
32-75-E-2,2,32,75,E,2,7,0.14285714285714285
32-75-E-2,2,32,75,E,2,7,0.14285714285714285
32-75-E-2,2,32,75,E,2,7,0.14285714285714285
32-75-E-2,2,32,75,E,2,7,0.14285714285714285
32-75-E-2,2,32,75,E,2,7,0.14285714285714285
32-75-E-2,2,32,75,E,2,7,0.14285714285714285
32-75-E-2,2,32,75,E,2,7,0.14285714285714285
32-75-E-2,2,32,75,E,2,7,0.14285714285714285
32-75-E-2,2,32,75,E,2,7,0.14285714285714285
32-75-E-2,2,32,75,E,2,7,0.14285714285714285
32-75-E-2,2,32,75,E,2,7,0.14285714285714285
32-75-E-2,2,32,75,E,2,7,0.14285714285714285
32-75-E-2,2,32,75,E,2,7,0.14285714285714285
32-75-E-2,2,32,75,E,2,7,0.14285714285714285
32-75-E-2,2,32,75,E,2,7,0.14285714285714285
32-75-E-2,2,32,75,E,2,7,0.14285714285714285
32-75-E-2,2,32,75,E,2,7,0.14285714285714285
32-75-E-2,2,32,75,E,2,7,0.14285714285714285
32-75-E-2,2,32,75,E,2,7,0.14285714285714285
32-75-E-2,2,32,75,E,2,7,0.14285714285714285
32-75-E-2,2,32,75,E,2,7,0.14285714285714285
32-75-E-2,2,32,75,E,2,7,0.14285714285714285
32-75-E-2,2,32,75,E,2,7,0.14285714285714285
32-75-E-2,2,32,75,E,2,7,0.14285714285714285
32-75-E-2,2,32,75,E,2,7,0.14285714285714285
32-75-E-2,2,32,75,E,2,7,0.14285714285714285
32-75-E-2,2,32,75,E,2,7,0.14285714285714285
32-75-E-2,2,32,75,E,2,7,0.14285714285714285
32-75-E-2,2,32,75,E,2,7,0.14285714285714285
32-75-E-2,2,32,75,E,2,7,0.14285714285714285
32-75-E-2,2,32,75,E,2,7,0.14285714285714285
32-75-E-2,2,32,75,E,2,7,0.14285714285714285
32-75-E-2,2,32,75,E,2,7,0.14285714285714285
32-75-E-2,2,32,75,E,2,7,0.14285714285714285
32-75-E-2,2,32,75,E,2,7,0.14285714285714285
32-75-E-2,2,32,75,E,2,7,0.14285714285714285
32-75-E-2,2,32,75,E,2,7,0.14285714285714285
32-75-E-2,2,32,75,E,2,7,0.14285714285714285
32-75-E-2,2,32,75,E,2,7,0.14285714285714285
32-75-E-2,2,32,75,E,2,7,0.14285714285714285
32-75-E-2,2,32,75,E,2,8,0.125
32-75-E-2,2,32,75,E,2,8,0.125
32-75-E-2,2,32,75,E,2,8,0.125
32-75-E-2,2,32,75,E,2,8,0.125
32-75-E-2,2,32,75,E,2,8,0.125
32-75-E-2,2,32,75,E,2,8,0.125
32-75-E-2,2,32,75,E,2,8,0.125
32-75-E-2,2,32,75,E,2,8,0.125
32-75-E-2,2,32,75,E,2,8,0.125
32-75-E-2,2,32,75,E,2,8,0.125
32-75-E-2,2,32,75,E,2,8,0.125
32-75-E-2,2,32,75,E,2,8,0.125
32-75-E-2,2,32,75,E,2,8,0.125
32-75-E-2,2,32,75,E,2,8,0.125
32-75-E-2,2,32,75,E,2,8,0.125
32-75-E-2,2,32,75,E,2,8,0.125
32-75-E-2,2,32,75,E,2,8,0.125
32-75-E-2,2,32,75,E,2,8,0.125
32-75-E-2,2,32,75,E,2,8,0.125
32-75-E-2,2,32,75,E,2,8,0.125
32-75-E-2,2,32,75,E,2,8,0.125
32-75-E-2,2,32,75,E,2,8,0.125
32-75-E-2,2,32,75,E,2,8,0.125
32-75-E-2,2,32,75,E,2,9,0.1111111111111111
32-75-E-2,2,32,75,E,2,9,0.1111111111111111
32-75-E-2,2,32,75,E,2,9,0.1111111111111111
32-75-E-3,2,32,75,E,3,6,0.16666666666666666
32-75-E-3,2,32,75,E,3,6,0.16666666666666666
32-75-E-3,2,32,75,E,3,6,0.16666666666666666
32-75-E-3,2,32,75,E,3,6,0.16666666666666666
32-75-E-3,2,32,75,E,3,6,0.16666666666666666
32-75-E-3,2,32,75,E,3,6,0.16666666666666666
32-75-E-3,2,32,75,E,3,6,0.16666666666666666
32-75-E-3,2,32,75,E,3,6,0.16666666666666666
32-75-E-3,2,32,75,E,3,6,0.16666666666666666
32-75-E-3,2,32,75,E,3,6,0.16666666666666666
32-75-E-3,2,32,75,E,3,6,0.16666666666666666
32-75-E-3,2,32,75,E,3,6,0.16666666666666666
32-75-E-3,2,32,75,E,3,6,0.16666666666666666
32-75-E-3,2,32,75,E,3,6,0.16666666666666666
32-75-E-3,2,32,75,E,3,6,0.16666666666666666
32-75-E-3,2,32,75,E,3,6,0.16666666666666666
32-75-E-3,2,32,75,E,3,6,0.16666666666666666
32-75-E-3,2,32,75,E,3,6,0.16666666666666666
32-75-E-3,2,32,75,E,3,6,0.16666666666666666
32-75-E-3,2,32,75,E,3,6,0.16666666666666666
32-75-E-3,2,32,75,E,3,6,0.16666666666666666
32-75-E-3,2,32,75,E,3,6,0.16666666666666666
32-75-E-3,2,32,75,E,3,6,0.16666666666666666
32-75-E-3,2,32,75,E,3,6,0.16666666666666666
32-75-E-3,2,32,75,E,3,6,0.16666666666666666
32-75-E-3,2,32,75,E,3,7,0.14285714285714285
32-75-E-3,2,32,75,E,3,7,0.14285714285714285
32-75-E-3,2,32,75,E,3,7,0.14285714285714285
32-75-E-3,2,32,75,E,3,7,0.14285714285714285
32-75-E-3,2,32,75,E,3,7,0.14285714285714285
32-75-E-3,2,32,75,E,3,7,0.14285714285714285
32-75-E-3,2,32,75,E,3,7,0.14285714285714285
32-75-E-3,2,32,75,E,3,7,0.14285714285714285
32-75-E-3,2,32,75,E,3,7,0.14285714285714285
32-75-E-3,2,32,75,E,3,7,0.14285714285714285
32-75-E-3,2,32,75,E,3,7,0.14285714285714285
32-75-E-3,2,32,75,E,3,7,0.14285714285714285
32-75-E-3,2,32,75,E,3,7,0.14285714285714285
32-75-E-3,2,32,75,E,3,7,0.14285714285714285
32-75-E-3,2,32,75,E,3,7,0.14285714285714285
32-75-E-3,2,32,75,E,3,7,0.14285714285714285
32-75-E-3,2,32,75,E,3,7,0.14285714285714285
32-75-E-3,2,32,75,E,3,7,0.14285714285714285
32-75-E-3,2,32,75,E,3,7,0.14285714285714285
32-75-E-3,2,32,75,E,3,7,0.14285714285714285
32-75-E-3,2,32,75,E,3,7,0.14285714285714285
32-75-E-3,2,32,75,E,3,7,0.14285714285714285
32-75-E-3,2,32,75,E,3,7,0.14285714285714285
32-75-E-3,2,32,75,E,3,7,0.14285714285714285
32-75-E-3,2,32,75,E,3,7,0.14285714285714285
32-75-E-3,2,32,75,E,3,7,0.14285714285714285
32-75-E-3,2,32,75,E,3,7,0.14285714285714285
32-75-E-3,2,32,75,E,3,7,0.14285714285714285
32-75-E-3,2,32,75,E,3,7,0.14285714285714285
32-75-E-3,2,32,75,E,3,7,0.14285714285714285
32-75-E-3,2,32,75,E,3,7,0.14285714285714285
32-75-E-3,2,32,75,E,3,7,0.14285714285714285
32-75-E-3,2,32,75,E,3,7,0.14285714285714285
32-75-E-3,2,32,75,E,3,7,0.14285714285714285
32-75-E-3,2,32,75,E,3,7,0.14285714285714285
32-75-E-3,2,32,75,E,3,7,0.14285714285714285
32-75-E-3,2,32,75,E,3,7,0.14285714285714285
32-75-E-3,2,32,75,E,3,7,0.14285714285714285
32-75-E-3,2,32,75,E,3,7,0.14285714285714285
32-75-E-3,2,32,75,E,3,7,0.14285714285714285
32-75-E-3,2,32,75,E,3,7,0.14285714285714285
32-75-E-3,2,32,75,E,3,7,0.14285714285714285
32-75-E-3,2,32,75,E,3,7,0.14285714285714285
32-75-E-3,2,32,75,E,3,7,0.14285714285714285
32-75-E-3,2,32,75,E,3,7,0.14285714285714285
32-75-E-3,2,32,75,E,3,7,0.14285714285714285
32-75-E-3,2,32,75,E,3,7,0.14285714285714285
32-75-E-3,2,32,75,E,3,7,0.14285714285714285
32-75-E-3,2,32,75,E,3,7,0.14285714285714285
32-75-E-3,2,32,75,E,3,8,0.125
32-75-E-3,2,32,75,E,3,8,0.125
32-75-E-3,2,32,75,E,3,8,0.125
32-75-E-3,2,32,75,E,3,8,0.125
32-75-E-3,2,32,75,E,3,8,0.125
32-75-E-3,2,32,75,E,3,8,0.125
32-75-E-3,2,32,75,E,3,9,0.1111111111111111
32-75-E-3,2,32,75,E,3,9,0.1111111111111111
32-75-E-3,2,32,75,E,3,9,0.1111111111111111
32-75-E-3,2,32,75,E,3,10,0.1
32-75-E-3,2,32,75,E,3,10,0.1
32-75-E-3,2,32,75,E,3,11,0.09090909090909091
28-60-C-1,2,28,60,C,1,8,0.125
28-60-C-1,2,28,60,C,1,8,0.125
28-60-C-1,2,28,60,C,1,8,0.125
28-60-C-1,2,28,60,C,1,8,0.125
28-60-C-1,2,28,60,C,1,8,0.125
28-60-C-1,2,28,60,C,1,8,0.125
28-60-C-1,2,28,60,C,1,8,0.125
28-60-C-1,2,28,60,C,1,8,0.125
28-60-C-1,2,28,60,C,1,8,0.125
28-60-C-1,2,28,60,C,1,8,0.125
28-60-C-1,2,28,60,C,1,8,0.125
28-60-C-1,2,28,60,C,1,8,0.125
28-60-C-1,2,28,60,C,1,8,0.125
28-60-C-1,2,28,60,C,1,8,0.125
28-60-C-1,2,28,60,C,1,8,0.125
28-60-C-1,2,28,60,C,1,8,0.125
28-60-C-1,2,28,60,C,1,9,0.1111111111111111
28-60-C-1,2,28,60,C,1,9,0.1111111111111111
28-60-C-1,2,28,60,C,1,9,0.1111111111111111
28-60-C-1,2,28,60,C,1,9,0.1111111111111111
28-60-C-1,2,28,60,C,1,9,0.1111111111111111
28-60-C-1,2,28,60,C,1,9,0.1111111111111111
28-60-C-1,2,28,60,C,1,9,0.1111111111111111
28-60-C-1,2,28,60,C,1,9,0.1111111111111111
28-60-C-1,2,28,60,C,1,9,0.1111111111111111
28-60-C-1,2,28,60,C,1,9,0.1111111111111111
28-60-C-1,2,28,60,C,1,9,0.1111111111111111
28-60-C-1,2,28,60,C,1,9,0.1111111111111111
28-60-C-1,2,28,60,C,1,9,0.1111111111111111
28-60-C-1,2,28,60,C,1,9,0.1111111111111111
28-60-C-1,2,28,60,C,1,9,0.1111111111111111
28-60-C-1,2,28,60,C,1,9,0.1111111111111111
28-60-C-1,2,28,60,C,1,9,0.1111111111111111
28-60-C-1,2,28,60,C,1,9,0.1111111111111111
28-60-C-1,2,28,60,C,1,9,0.1111111111111111
28-60-C-1,2,28,60,C,1,9,0.1111111111111111
28-60-C-1,2,28,60,C,1,9,0.1111111111111111
28-60-C-1,2,28,60,C,1,9,0.1111111111111111
28-60-C-1,2,28,60,C,1,9,0.1111111111111111
28-60-C-1,2,28,60,C,1,9,0.1111111111111111
28-60-C-1,2,28,60,C,1,9,0.1111111111111111
28-60-C-1,2,28,60,C,1,9,0.1111111111111111
28-60-C-1,2,28,60,C,1,9,0.1111111111111111
28-60-C-1,2,28,60,C,1,9,0.1111111111111111
28-60-C-1,2,28,60,C,1,9,0.1111111111111111
28-60-C-1,2,28,60,C,1,9,0.1111111111111111
28-60-C-1,2,28,60,C,1,9,0.1111111111111111
28-60-C-1,2,28,60,C,1,9,0.1111111111111111
28-60-C-1,2,28,60,C,1,9,0.1111111111111111
28-60-C-1,2,28,60,C,1,10,0.1
28-60-C-1,2,28,60,C,1,10,0.1
28-60-C-1,2,28,60,C,1,10,0.1
28-60-C-1,2,28,60,C,1,10,0.1
28-60-C-1,2,28,60,C,1,10,0.1
28-60-C-1,2,28,60,C,1,10,0.1
28-60-C-1,2,28,60,C,1,10,0.1
28-60-C-1,2,28,60,C,1,10,0.1
28-60-C-1,2,28,60,C,1,10,0.1
28-60-C-1,2,28,60,C,1,10,0.1
28-60-C-1,2,28,60,C,1,10,0.1
28-60-C-1,2,28,60,C,1,10,0.1
28-60-C-1,2,28,60,C,1,11,0.09090909090909091
28-60-C-1,2,28,60,C,1,11,0.09090909090909091
28-60-C-1,2,28,60,C,1,11,0.09090909090909091
28-60-C-1,2,28,60,C,1,11,0.09090909090909091
28-60-C-1,2,28,60,C,1,11,0.09090909090909091
28-60-C-1,2,28,60,C,1,12,0.08333333333333333
28-60-C-1,2,28,60,C,1,12,0.08333333333333333
28-60-C-1,2,28,60,C,1,12,0.08333333333333333
28-60-C-1,2,28,60,C,1,13,0.07692307692307693
28-60-C-1,2,28,60,C,1,13,0.07692307692307693
28-60-C-1,2,28,60,C,1,13,0.07692307692307693
28-60-C-1,2,28,60,C,1,16,0.0625
28-60-C-1,2,28,60,C,1,22,0.045454545454545456
28-60-C-2,2,28,60,C,2,8,0.125
28-60-C-2,2,28,60,C,2,8,0.125
28-60-C-2,2,28,60,C,2,8,0.125
28-60-C-2,2,28,60,C,2,8,0.125
28-60-C-2,2,28,60,C,2,8,0.125
28-60-C-2,2,28,60,C,2,8,0.125
28-60-C-2,2,28,60,C,2,8,0.125
28-60-C-2,2,28,60,C,2,8,0.125
28-60-C-2,2,28,60,C,2,9,0.1111111111111111
28-60-C-2,2,28,60,C,2,9,0.1111111111111111
28-60-C-2,2,28,60,C,2,9,0.1111111111111111
28-60-C-2,2,28,60,C,2,9,0.1111111111111111
28-60-C-2,2,28,60,C,2,9,0.1111111111111111
28-60-C-2,2,28,60,C,2,9,0.1111111111111111
28-60-C-2,2,28,60,C,2,9,0.1111111111111111
28-60-C-2,2,28,60,C,2,9,0.1111111111111111
28-60-C-2,2,28,60,C,2,9,0.1111111111111111
28-60-C-2,2,28,60,C,2,9,0.1111111111111111
28-60-C-2,2,28,60,C,2,9,0.1111111111111111
28-60-C-2,2,28,60,C,2,9,0.1111111111111111
28-60-C-2,2,28,60,C,2,9,0.1111111111111111
28-60-C-2,2,28,60,C,2,9,0.1111111111111111
28-60-C-2,2,28,60,C,2,9,0.1111111111111111
28-60-C-2,2,28,60,C,2,9,0.1111111111111111
28-60-C-2,2,28,60,C,2,9,0.1111111111111111
28-60-C-2,2,28,60,C,2,9,0.1111111111111111
28-60-C-2,2,28,60,C,2,9,0.1111111111111111
28-60-C-2,2,28,60,C,2,9,0.1111111111111111
28-60-C-2,2,28,60,C,2,9,0.1111111111111111
28-60-C-2,2,28,60,C,2,9,0.1111111111111111
28-60-C-2,2,28,60,C,2,9,0.1111111111111111
28-60-C-2,2,28,60,C,2,9,0.1111111111111111
28-60-C-2,2,28,60,C,2,9,0.1111111111111111
28-60-C-2,2,28,60,C,2,9,0.1111111111111111
28-60-C-2,2,28,60,C,2,9,0.1111111111111111
28-60-C-2,2,28,60,C,2,9,0.1111111111111111
28-60-C-2,2,28,60,C,2,9,0.1111111111111111
28-60-C-2,2,28,60,C,2,9,0.1111111111111111
28-60-C-2,2,28,60,C,2,9,0.1111111111111111
28-60-C-2,2,28,60,C,2,9,0.1111111111111111
28-60-C-2,2,28,60,C,2,10,0.1
28-60-C-2,2,28,60,C,2,10,0.1
28-60-C-2,2,28,60,C,2,10,0.1
28-60-C-2,2,28,60,C,2,10,0.1
28-60-C-2,2,28,60,C,2,10,0.1
28-60-C-2,2,28,60,C,2,10,0.1
28-60-C-2,2,28,60,C,2,10,0.1
28-60-C-2,2,28,60,C,2,10,0.1
28-60-C-2,2,28,60,C,2,10,0.1
28-60-C-2,2,28,60,C,2,10,0.1
28-60-C-2,2,28,60,C,2,10,0.1
28-60-C-2,2,28,60,C,2,11,0.09090909090909091
28-60-C-2,2,28,60,C,2,11,0.09090909090909091
28-60-C-2,2,28,60,C,2,11,0.09090909090909091
28-60-C-2,2,28,60,C,2,11,0.09090909090909091
28-60-C-2,2,28,60,C,2,11,0.09090909090909091
28-60-C-2,2,28,60,C,2,11,0.09090909090909091
28-60-C-2,2,28,60,C,2,11,0.09090909090909091
28-60-C-2,2,28,60,C,2,11,0.09090909090909091
28-60-C-2,2,28,60,C,2,11,0.09090909090909091
28-60-C-2,2,28,60,C,2,12,0.08333333333333333
28-60-C-2,2,28,60,C,2,12,0.08333333333333333
28-60-C-2,2,28,60,C,2,12,0.08333333333333333
28-60-C-2,2,28,60,C,2,13,0.07692307692307693
28-60-C-2,2,28,60,C,2,13,0.07692307692307693
28-60-C-3,2,28,60,C,3,8,0.125
28-60-C-3,2,28,60,C,3,8,0.125
28-60-C-3,2,28,60,C,3,8,0.125
28-60-C-3,2,28,60,C,3,8,0.125
28-60-C-3,2,28,60,C,3,8,0.125
28-60-C-3,2,28,60,C,3,8,0.125
28-60-C-3,2,28,60,C,3,8,0.125
28-60-C-3,2,28,60,C,3,8,0.125
28-60-C-3,2,28,60,C,3,8,0.125
28-60-C-3,2,28,60,C,3,8,0.125
28-60-C-3,2,28,60,C,3,8,0.125
28-60-C-3,2,28,60,C,3,8,0.125
28-60-C-3,2,28,60,C,3,8,0.125
28-60-C-3,2,28,60,C,3,8,0.125
28-60-C-3,2,28,60,C,3,8,0.125
28-60-C-3,2,28,60,C,3,8,0.125
28-60-C-3,2,28,60,C,3,8,0.125
28-60-C-3,2,28,60,C,3,9,0.1111111111111111
28-60-C-3,2,28,60,C,3,9,0.1111111111111111
28-60-C-3,2,28,60,C,3,9,0.1111111111111111
28-60-C-3,2,28,60,C,3,9,0.1111111111111111
28-60-C-3,2,28,60,C,3,9,0.1111111111111111
28-60-C-3,2,28,60,C,3,9,0.1111111111111111
28-60-C-3,2,28,60,C,3,9,0.1111111111111111
28-60-C-3,2,28,60,C,3,9,0.1111111111111111
28-60-C-3,2,28,60,C,3,9,0.1111111111111111
28-60-C-3,2,28,60,C,3,9,0.1111111111111111
28-60-C-3,2,28,60,C,3,9,0.1111111111111111
28-60-C-3,2,28,60,C,3,9,0.1111111111111111
28-60-C-3,2,28,60,C,3,9,0.1111111111111111
28-60-C-3,2,28,60,C,3,9,0.1111111111111111
28-60-C-3,2,28,60,C,3,9,0.1111111111111111
28-60-C-3,2,28,60,C,3,9,0.1111111111111111
28-60-C-3,2,28,60,C,3,9,0.1111111111111111
28-60-C-3,2,28,60,C,3,9,0.1111111111111111
28-60-C-3,2,28,60,C,3,9,0.1111111111111111
28-60-C-3,2,28,60,C,3,9,0.1111111111111111
28-60-C-3,2,28,60,C,3,9,0.1111111111111111
28-60-C-3,2,28,60,C,3,9,0.1111111111111111
28-60-C-3,2,28,60,C,3,9,0.1111111111111111
28-60-C-3,2,28,60,C,3,9,0.1111111111111111
28-60-C-3,2,28,60,C,3,9,0.1111111111111111
28-60-C-3,2,28,60,C,3,9,0.1111111111111111
28-60-C-3,2,28,60,C,3,9,0.1111111111111111
28-60-C-3,2,28,60,C,3,9,0.1111111111111111
28-60-C-3,2,28,60,C,3,9,0.1111111111111111
28-60-C-3,2,28,60,C,3,9,0.1111111111111111
28-60-C-3,2,28,60,C,3,9,0.1111111111111111
28-60-C-3,2,28,60,C,3,9,0.1111111111111111
28-60-C-3,2,28,60,C,3,9,0.1111111111111111
28-60-C-3,2,28,60,C,3,9,0.1111111111111111
28-60-C-3,2,28,60,C,3,9,0.1111111111111111
28-60-C-3,2,28,60,C,3,9,0.1111111111111111
28-60-C-3,2,28,60,C,3,9,0.1111111111111111
28-60-C-3,2,28,60,C,3,9,0.1111111111111111
28-60-C-3,2,28,60,C,3,9,0.1111111111111111
28-60-C-3,2,28,60,C,3,9,0.1111111111111111
28-60-C-3,2,28,60,C,3,9,0.1111111111111111
28-60-C-3,2,28,60,C,3,9,0.1111111111111111
28-60-C-3,2,28,60,C,3,10,0.1
28-60-C-3,2,28,60,C,3,10,0.1
28-60-C-3,2,28,60,C,3,10,0.1
28-60-C-3,2,28,60,C,3,10,0.1
28-60-C-3,2,28,60,C,3,10,0.1
28-60-C-3,2,28,60,C,3,10,0.1
28-60-C-3,2,28,60,C,3,10,0.1
28-60-C-3,2,28,60,C,3,10,0.1
28-60-C-3,2,28,60,C,3,10,0.1
28-60-C-3,2,28,60,C,3,11,0.09090909090909091
28-60-C-3,2,28,60,C,3,11,0.09090909090909091
28-60-C-3,2,28,60,C,3,11,0.09090909090909091
28-60-C-3,2,28,60,C,3,11,0.09090909090909091
28-60-C-3,2,28,60,C,3,11,0.09090909090909091
28-60-C-3,2,28,60,C,3,11,0.09090909090909091
28-60-C-3,2,28,60,C,3,12,0.08333333333333333
28-60-C-3,2,28,60,C,3,12,0.08333333333333333
28-60-C-3,2,28,60,C,3,13,0.07692307692307693
28-60-C-3,2,28,60,C,3,15,0.06666666666666667
28-60-C-3,2,28,60,C,3,16,0.0625
28-60-C-3,2,28,60,C,3,17,0.058823529411764705
24-45-C-1,2,24,45,C,1,12,0.08333333333333333
24-45-C-1,2,24,45,C,1,12,0.08333333333333333
24-45-C-1,2,24,45,C,1,12,0.08333333333333333
24-45-C-1,2,24,45,C,1,12,0.08333333333333333
24-45-C-1,2,24,45,C,1,13,0.07692307692307693
24-45-C-1,2,24,45,C,1,13,0.07692307692307693
24-45-C-1,2,24,45,C,1,13,0.07692307692307693
24-45-C-1,2,24,45,C,1,13,0.07692307692307693
24-45-C-1,2,24,45,C,1,13,0.07692307692307693
24-45-C-1,2,24,45,C,1,13,0.07692307692307693
24-45-C-1,2,24,45,C,1,13,0.07692307692307693
24-45-C-1,2,24,45,C,1,13,0.07692307692307693
24-45-C-1,2,24,45,C,1,13,0.07692307692307693
24-45-C-1,2,24,45,C,1,13,0.07692307692307693
24-45-C-1,2,24,45,C,1,13,0.07692307692307693
24-45-C-1,2,24,45,C,1,13,0.07692307692307693
24-45-C-1,2,24,45,C,1,13,0.07692307692307693
24-45-C-1,2,24,45,C,1,13,0.07692307692307693
24-45-C-1,2,24,45,C,1,13,0.07692307692307693
24-45-C-1,2,24,45,C,1,13,0.07692307692307693
24-45-C-1,2,24,45,C,1,13,0.07692307692307693
24-45-C-1,2,24,45,C,1,13,0.07692307692307693
24-45-C-1,2,24,45,C,1,13,0.07692307692307693
24-45-C-1,2,24,45,C,1,13,0.07692307692307693
24-45-C-1,2,24,45,C,1,13,0.07692307692307693
24-45-C-1,2,24,45,C,1,13,0.07692307692307693
24-45-C-1,2,24,45,C,1,13,0.07692307692307693
24-45-C-1,2,24,45,C,1,13,0.07692307692307693
24-45-C-1,2,24,45,C,1,13,0.07692307692307693
24-45-C-1,2,24,45,C,1,13,0.07692307692307693
24-45-C-1,2,24,45,C,1,13,0.07692307692307693
24-45-C-1,2,24,45,C,1,14,0.07142857142857142
24-45-C-1,2,24,45,C,1,14,0.07142857142857142
24-45-C-1,2,24,45,C,1,14,0.07142857142857142
24-45-C-1,2,24,45,C,1,14,0.07142857142857142
24-45-C-1,2,24,45,C,1,14,0.07142857142857142
24-45-C-1,2,24,45,C,1,14,0.07142857142857142
24-45-C-1,2,24,45,C,1,14,0.07142857142857142
24-45-C-1,2,24,45,C,1,14,0.07142857142857142
24-45-C-1,2,24,45,C,1,14,0.07142857142857142
24-45-C-1,2,24,45,C,1,14,0.07142857142857142
24-45-C-1,2,24,45,C,1,14,0.07142857142857142
24-45-C-1,2,24,45,C,1,14,0.07142857142857142
24-45-C-1,2,24,45,C,1,14,0.07142857142857142
24-45-C-1,2,24,45,C,1,14,0.07142857142857142
24-45-C-1,2,24,45,C,1,14,0.07142857142857142
24-45-C-1,2,24,45,C,1,14,0.07142857142857142
24-45-C-1,2,24,45,C,1,14,0.07142857142857142
24-45-C-1,2,24,45,C,1,14,0.07142857142857142
24-45-C-1,2,24,45,C,1,14,0.07142857142857142
24-45-C-1,2,24,45,C,1,14,0.07142857142857142
24-45-C-1,2,24,45,C,1,14,0.07142857142857142
24-45-C-1,2,24,45,C,1,14,0.07142857142857142
24-45-C-1,2,24,45,C,1,14,0.07142857142857142
24-45-C-1,2,24,45,C,1,14,0.07142857142857142
24-45-C-1,2,24,45,C,1,14,0.07142857142857142
24-45-C-1,2,24,45,C,1,14,0.07142857142857142
24-45-C-1,2,24,45,C,1,14,0.07142857142857142
24-45-C-1,2,24,45,C,1,15,0.06666666666666667
24-45-C-1,2,24,45,C,1,15,0.06666666666666667
24-45-C-1,2,24,45,C,1,15,0.06666666666666667
24-45-C-1,2,24,45,C,1,15,0.06666666666666667
24-45-C-1,2,24,45,C,1,15,0.06666666666666667
24-45-C-1,2,24,45,C,1,15,0.06666666666666667
24-45-C-1,2,24,45,C,1,15,0.06666666666666667
24-45-C-1,2,24,45,C,1,16,0.0625
24-45-C-1,2,24,45,C,1,16,0.0625
24-45-C-1,2,24,45,C,1,16,0.0625
24-45-C-1,2,24,45,C,1,16,0.0625
24-45-C-1,2,24,45,C,1,16,0.0625
24-45-C-1,2,24,45,C,1,16,0.0625
24-45-C-1,2,24,45,C,1,16,0.0625
24-45-C-1,2,24,45,C,1,16,0.0625
24-45-C-1,2,24,45,C,1,16,0.0625
24-45-C-1,2,24,45,C,1,16,0.0625
24-45-C-1,2,24,45,C,1,16,0.0625
24-45-C-1,2,24,45,C,1,17,0.058823529411764705
24-45-C-1,2,24,45,C,1,17,0.058823529411764705
24-45-C-1,2,24,45,C,1,19,0.05263157894736842
24-45-C-1,2,24,45,C,1,26,0.038461538461538464
24-45-C-1,2,24,45,C,1,27,0.037037037037037035
24-45-C-2,2,24,45,C,2,12,0.08333333333333333
24-45-C-2,2,24,45,C,2,12,0.08333333333333333
24-45-C-2,2,24,45,C,2,12,0.08333333333333333
24-45-C-2,2,24,45,C,2,13,0.07692307692307693
24-45-C-2,2,24,45,C,2,13,0.07692307692307693
24-45-C-2,2,24,45,C,2,13,0.07692307692307693
24-45-C-2,2,24,45,C,2,13,0.07692307692307693
24-45-C-2,2,24,45,C,2,13,0.07692307692307693
24-45-C-2,2,24,45,C,2,13,0.07692307692307693
24-45-C-2,2,24,45,C,2,13,0.07692307692307693
24-45-C-2,2,24,45,C,2,13,0.07692307692307693
24-45-C-2,2,24,45,C,2,13,0.07692307692307693
24-45-C-2,2,24,45,C,2,13,0.07692307692307693
24-45-C-2,2,24,45,C,2,13,0.07692307692307693
24-45-C-2,2,24,45,C,2,13,0.07692307692307693
24-45-C-2,2,24,45,C,2,13,0.07692307692307693
24-45-C-2,2,24,45,C,2,13,0.07692307692307693
24-45-C-2,2,24,45,C,2,13,0.07692307692307693
24-45-C-2,2,24,45,C,2,13,0.07692307692307693
24-45-C-2,2,24,45,C,2,13,0.07692307692307693
24-45-C-2,2,24,45,C,2,13,0.07692307692307693
24-45-C-2,2,24,45,C,2,13,0.07692307692307693
24-45-C-2,2,24,45,C,2,13,0.07692307692307693
24-45-C-2,2,24,45,C,2,13,0.07692307692307693
24-45-C-2,2,24,45,C,2,14,0.07142857142857142
24-45-C-2,2,24,45,C,2,14,0.07142857142857142
24-45-C-2,2,24,45,C,2,14,0.07142857142857142
24-45-C-2,2,24,45,C,2,14,0.07142857142857142
24-45-C-2,2,24,45,C,2,14,0.07142857142857142
24-45-C-2,2,24,45,C,2,14,0.07142857142857142
24-45-C-2,2,24,45,C,2,14,0.07142857142857142
24-45-C-2,2,24,45,C,2,14,0.07142857142857142
24-45-C-2,2,24,45,C,2,14,0.07142857142857142
24-45-C-2,2,24,45,C,2,14,0.07142857142857142
24-45-C-2,2,24,45,C,2,14,0.07142857142857142
24-45-C-2,2,24,45,C,2,14,0.07142857142857142
24-45-C-2,2,24,45,C,2,14,0.07142857142857142
24-45-C-2,2,24,45,C,2,14,0.07142857142857142
24-45-C-2,2,24,45,C,2,14,0.07142857142857142
24-45-C-2,2,24,45,C,2,14,0.07142857142857142
24-45-C-2,2,24,45,C,2,14,0.07142857142857142
24-45-C-2,2,24,45,C,2,14,0.07142857142857142
24-45-C-2,2,24,45,C,2,14,0.07142857142857142
24-45-C-2,2,24,45,C,2,14,0.07142857142857142
24-45-C-2,2,24,45,C,2,14,0.07142857142857142
24-45-C-2,2,24,45,C,2,14,0.07142857142857142
24-45-C-2,2,24,45,C,2,14,0.07142857142857142
24-45-C-2,2,24,45,C,2,14,0.07142857142857142
24-45-C-2,2,24,45,C,2,14,0.07142857142857142
24-45-C-2,2,24,45,C,2,14,0.07142857142857142
24-45-C-2,2,24,45,C,2,14,0.07142857142857142
24-45-C-2,2,24,45,C,2,14,0.07142857142857142
24-45-C-2,2,24,45,C,2,14,0.07142857142857142
24-45-C-2,2,24,45,C,2,14,0.07142857142857142
24-45-C-2,2,24,45,C,2,14,0.07142857142857142
24-45-C-2,2,24,45,C,2,14,0.07142857142857142
24-45-C-2,2,24,45,C,2,15,0.06666666666666667
24-45-C-2,2,24,45,C,2,15,0.06666666666666667
24-45-C-2,2,24,45,C,2,15,0.06666666666666667
24-45-C-2,2,24,45,C,2,15,0.06666666666666667
24-45-C-2,2,24,45,C,2,15,0.06666666666666667
24-45-C-2,2,24,45,C,2,15,0.06666666666666667
24-45-C-2,2,24,45,C,2,15,0.06666666666666667
24-45-C-2,2,24,45,C,2,15,0.06666666666666667
24-45-C-2,2,24,45,C,2,15,0.06666666666666667
24-45-C-2,2,24,45,C,2,16,0.0625
24-45-C-2,2,24,45,C,2,16,0.0625
24-45-C-2,2,24,45,C,2,16,0.0625
24-45-C-2,2,24,45,C,2,16,0.0625
24-45-C-2,2,24,45,C,2,16,0.0625
24-45-C-2,2,24,45,C,2,16,0.0625
24-45-C-2,2,24,45,C,2,17,0.058823529411764705
24-45-C-2,2,24,45,C,2,17,0.058823529411764705
24-45-C-2,2,24,45,C,2,19,0.05263157894736842
24-45-C-2,2,24,45,C,2,20,0.05
24-45-C-2,2,24,45,C,2,20,0.05
24-45-C-2,2,24,45,C,2,20,0.05
24-45-C-2,2,24,45,C,2,21,0.047619047619047616
24-45-C-3,2,24,45,C,3,13,0.07692307692307693
24-45-C-3,2,24,45,C,3,13,0.07692307692307693
24-45-C-3,2,24,45,C,3,13,0.07692307692307693
24-45-C-3,2,24,45,C,3,13,0.07692307692307693
24-45-C-3,2,24,45,C,3,13,0.07692307692307693
24-45-C-3,2,24,45,C,3,14,0.07142857142857142
24-45-C-3,2,24,45,C,3,14,0.07142857142857142
24-45-C-3,2,24,45,C,3,14,0.07142857142857142
24-45-C-3,2,24,45,C,3,14,0.07142857142857142
24-45-C-3,2,24,45,C,3,14,0.07142857142857142
24-45-C-3,2,24,45,C,3,14,0.07142857142857142
24-45-C-3,2,24,45,C,3,14,0.07142857142857142
24-45-C-3,2,24,45,C,3,14,0.07142857142857142
24-45-C-3,2,24,45,C,3,14,0.07142857142857142
24-45-C-3,2,24,45,C,3,14,0.07142857142857142
24-45-C-3,2,24,45,C,3,14,0.07142857142857142
24-45-C-3,2,24,45,C,3,14,0.07142857142857142
24-45-C-3,2,24,45,C,3,14,0.07142857142857142
24-45-C-3,2,24,45,C,3,15,0.06666666666666667
24-45-C-3,2,24,45,C,3,15,0.06666666666666667
24-45-C-3,2,24,45,C,3,15,0.06666666666666667
24-45-C-3,2,24,45,C,3,15,0.06666666666666667
24-45-C-3,2,24,45,C,3,15,0.06666666666666667
24-45-C-3,2,24,45,C,3,15,0.06666666666666667
24-45-C-3,2,24,45,C,3,15,0.06666666666666667
24-45-C-3,2,24,45,C,3,15,0.06666666666666667
24-45-C-3,2,24,45,C,3,15,0.06666666666666667
24-45-C-3,2,24,45,C,3,15,0.06666666666666667
24-45-C-3,2,24,45,C,3,15,0.06666666666666667
24-45-C-3,2,24,45,C,3,15,0.06666666666666667
24-45-C-3,2,24,45,C,3,15,0.06666666666666667
24-45-C-3,2,24,45,C,3,16,0.0625
24-45-C-3,2,24,45,C,3,16,0.0625
24-45-C-3,2,24,45,C,3,16,0.0625
24-45-C-3,2,24,45,C,3,16,0.0625
24-45-C-3,2,24,45,C,3,16,0.0625
24-45-C-3,2,24,45,C,3,16,0.0625
24-45-C-3,2,24,45,C,3,16,0.0625
24-45-C-3,2,24,45,C,3,16,0.0625
24-45-C-3,2,24,45,C,3,16,0.0625
20-30-C-1,2,20,30,C,1,21,0.047619047619047616
20-30-C-1,2,20,30,C,1,22,0.045454545454545456
20-30-C-1,2,20,30,C,1,22,0.045454545454545456
20-30-C-1,2,20,30,C,1,22,0.045454545454545456
20-30-C-1,2,20,30,C,1,22,0.045454545454545456
20-30-C-1,2,20,30,C,1,23,0.043478260869565216
20-30-C-1,2,20,30,C,1,23,0.043478260869565216
20-30-C-1,2,20,30,C,1,24,0.041666666666666664
20-30-C-1,2,20,30,C,1,24,0.041666666666666664
20-30-C-1,2,20,30,C,1,24,0.041666666666666664
20-30-C-1,2,20,30,C,1,24,0.041666666666666664
20-30-C-1,2,20,30,C,1,24,0.041666666666666664
20-30-C-1,2,20,30,C,1,24,0.041666666666666664
20-30-C-1,2,20,30,C,1,25,0.04
20-30-C-2,2,20,30,C,2,22,0.045454545454545456
20-30-C-2,2,20,30,C,2,22,0.045454545454545456
20-30-C-2,2,20,30,C,2,22,0.045454545454545456
20-30-C-2,2,20,30,C,2,23,0.043478260869565216
20-30-C-2,2,20,30,C,2,23,0.043478260869565216
20-30-C-2,2,20,30,C,2,24,0.041666666666666664
20-30-C-2,2,20,30,C,2,24,0.041666666666666664
20-30-C-2,2,20,30,C,2,24,0.041666666666666664
20-30-C-2,2,20,30,C,2,25,0.04
20-30-C-3,2,20,30,C,3,21,0.047619047619047616
20-30-C-3,2,20,30,C,3,21,0.047619047619047616
20-30-C-3,2,20,30,C,3,21,0.047619047619047616
20-30-C-3,2,20,30,C,3,21,0.047619047619047616
20-30-C-3,2,20,30,C,3,22,0.045454545454545456
20-30-C-3,2,20,30,C,3,22,0.045454545454545456
20-30-C-3,2,20,30,C,3,22,0.045454545454545456
20-30-C-3,2,20,30,C,3,22,0.045454545454545456
20-30-C-3,2,20,30,C,3,22,0.045454545454545456
20-30-C-3,2,20,30,C,3,22,0.045454545454545456
20-30-C-3,2,20,30,C,3,22,0.045454545454545456
20-30-C-3,2,20,30,C,3,22,0.045454545454545456
20-30-C-3,2,20,30,C,3,23,0.043478260869565216
20-30-C-3,2,20,30,C,3,23,0.043478260869565216
20-30-C-3,2,20,30,C,3,23,0.043478260869565216
20-30-C-3,2,20,30,C,3,23,0.043478260869565216
20-30-C-3,2,20,30,C,3,23,0.043478260869565216
20-30-C-3,2,20,30,C,3,24,0.041666666666666664
20-30-C-3,2,20,30,C,3,24,0.041666666666666664
20-30-C-3,2,20,30,C,3,24,0.041666666666666664
20-30-C-3,2,20,30,C,3,24,0.041666666666666664
20-30-C-3,2,20,30,C,3,24,0.041666666666666664
20-30-C-3,2,20,30,C,3,24,0.041666666666666664
20-30-C-3,2,20,30,C,3,25,0.04
20-30-C-3,2,20,30,C,3,26,0.038461538461538464
20-30-C-3,2,20,30,C,3,26,0.038461538461538464
16-90-C-1,2,16,90,C,1,32,0.03125
16-90-C-1,2,16,90,C,1,36,0.027777777777777776
16-90-C-1,2,16,90,C,1,36,0.027777777777777776
16-90-C-1,2,16,90,C,1,37,0.02702702702702703
16-90-C-1,2,16,90,C,1,37,0.02702702702702703
16-90-C-1,2,16,90,C,1,39,0.02564102564102564
16-90-C-2,2,16,90,C,2,26,0.038461538461538464
16-90-C-2,2,16,90,C,2,26,0.038461538461538464
16-90-C-2,2,16,90,C,2,26,0.038461538461538464
16-90-C-2,2,16,90,C,2,26,0.038461538461538464
16-90-C-2,2,16,90,C,2,26,0.038461538461538464
16-90-C-2,2,16,90,C,2,27,0.037037037037037035
16-90-C-2,2,16,90,C,2,27,0.037037037037037035
16-90-C-2,2,16,90,C,2,27,0.037037037037037035
16-90-C-2,2,16,90,C,2,27,0.037037037037037035
16-90-C-2,2,16,90,C,2,27,0.037037037037037035
16-90-C-2,2,16,90,C,2,27,0.037037037037037035
16-90-C-2,2,16,90,C,2,28,0.03571428571428571
16-90-C-2,2,16,90,C,2,28,0.03571428571428571
16-90-C-2,2,16,90,C,2,28,0.03571428571428571
16-90-C-2,2,16,90,C,2,28,0.03571428571428571
16-90-C-2,2,16,90,C,2,28,0.03571428571428571
16-90-C-2,2,16,90,C,2,28,0.03571428571428571
16-90-C-2,2,16,90,C,2,28,0.03571428571428571
16-90-C-2,2,16,90,C,2,28,0.03571428571428571
16-90-C-2,2,16,90,C,2,28,0.03571428571428571
16-90-C-2,2,16,90,C,2,28,0.03571428571428571
16-90-C-2,2,16,90,C,2,28,0.03571428571428571
16-90-C-2,2,16,90,C,2,29,0.034482758620689655
16-90-C-2,2,16,90,C,2,29,0.034482758620689655
16-90-C-2,2,16,90,C,2,29,0.034482758620689655
16-90-C-2,2,16,90,C,2,30,0.03333333333333333
16-90-C-2,2,16,90,C,2,30,0.03333333333333333
16-90-C-2,2,16,90,C,2,30,0.03333333333333333
16-90-C-2,2,16,90,C,2,30,0.03333333333333333
16-90-C-2,2,16,90,C,2,31,0.03225806451612903
16-90-C-2,2,16,90,C,2,31,0.03225806451612903
16-90-C-2,2,16,90,C,2,31,0.03225806451612903
16-90-C-2,2,16,90,C,2,31,0.03225806451612903
16-90-C-2,2,16,90,C,2,34,0.029411764705882353
16-90-C-2,2,16,90,C,2,34,0.029411764705882353
16-90-C-2,2,16,90,C,2,34,0.029411764705882353
16-90-C-3,2,16,90,C,3,25,0.04
16-90-C-3,2,16,90,C,3,26,0.038461538461538464
16-90-C-3,2,16,90,C,3,26,0.038461538461538464
16-90-C-3,2,16,90,C,3,26,0.038461538461538464
16-90-C-3,2,16,90,C,3,26,0.038461538461538464
16-90-C-3,2,16,90,C,3,26,0.038461538461538464
16-90-C-3,2,16,90,C,3,26,0.038461538461538464
16-90-C-3,2,16,90,C,3,26,0.038461538461538464
16-90-C-3,2,16,90,C,3,26,0.038461538461538464
16-90-C-3,2,16,90,C,3,27,0.037037037037037035
16-90-C-3,2,16,90,C,3,27,0.037037037037037035
16-90-C-3,2,16,90,C,3,27,0.037037037037037035
16-90-C-3,2,16,90,C,3,27,0.037037037037037035
16-90-C-3,2,16,90,C,3,27,0.037037037037037035
16-90-C-3,2,16,90,C,3,28,0.03571428571428571
16-90-C-3,2,16,90,C,3,28,0.03571428571428571
16-90-C-3,2,16,90,C,3,28,0.03571428571428571
16-90-C-3,2,16,90,C,3,28,0.03571428571428571
16-90-C-3,2,16,90,C,3,28,0.03571428571428571
16-90-C-3,2,16,90,C,3,28,0.03571428571428571
16-90-C-3,2,16,90,C,3,28,0.03571428571428571
16-90-C-3,2,16,90,C,3,28,0.03571428571428571
16-90-C-3,2,16,90,C,3,28,0.03571428571428571
16-90-C-3,2,16,90,C,3,29,0.034482758620689655
16-90-C-3,2,16,90,C,3,29,0.034482758620689655
16-90-C-3,2,16,90,C,3,29,0.034482758620689655
16-90-C-3,2,16,90,C,3,29,0.034482758620689655
16-90-C-3,2,16,90,C,3,29,0.034482758620689655
16-90-C-3,2,16,90,C,3,30,0.03333333333333333
16-90-C-3,2,16,90,C,3,30,0.03333333333333333
16-90-C-3,2,16,90,C,3,30,0.03333333333333333
16-90-C-3,2,16,90,C,3,30,0.03333333333333333
16-90-C-3,2,16,90,C,3,30,0.03333333333333333
16-90-C-3,2,16,90,C,3,30,0.03333333333333333
16-90-C-3,2,16,90,C,3,30,0.03333333333333333
16-90-C-3,2,16,90,C,3,31,0.03225806451612903
16-90-C-3,2,16,90,C,3,31,0.03225806451612903
16-90-C-3,2,16,90,C,3,31,0.03225806451612903
16-90-C-3,2,16,90,C,3,31,0.03225806451612903
16-90-C-3,2,16,90,C,3,32,0.03125
16-90-C-3,2,16,90,C,3,33,0.030303030303030304
16-90-C-3,2,16,90,C,3,34,0.029411764705882353
16-90-C-3,2,16,90,C,3,35,0.02857142857142857
16-90-C-3,2,16,90,C,3,36,0.027777777777777776
16-90-C-3,2,16,90,C,3,36,0.027777777777777776
16-90-C-3,2,16,90,C,3,36,0.027777777777777776
16-90-C-3,2,16,90,C,3,37,0.02702702702702703
16-90-C-3,2,16,90,C,3,38,0.02631578947368421
16-90-C-3,2,16,90,C,3,38,0.02631578947368421
16-90-C-3,2,16,90,C,3,39,0.02564102564102564
16-90-E-1,2,16,90,E,1,26,0.038461538461538464
16-90-E-1,2,16,90,E,1,27,0.037037037037037035
16-90-E-1,2,16,90,E,1,27,0.037037037037037035
16-90-E-1,2,16,90,E,1,27,0.037037037037037035
16-90-E-1,2,16,90,E,1,27,0.037037037037037035
16-90-E-1,2,16,90,E,1,27,0.037037037037037035
16-90-E-1,2,16,90,E,1,27,0.037037037037037035
16-90-E-1,2,16,90,E,1,27,0.037037037037037035
16-90-E-1,2,16,90,E,1,28,0.03571428571428571
16-90-E-1,2,16,90,E,1,28,0.03571428571428571
16-90-E-1,2,16,90,E,1,28,0.03571428571428571
16-90-E-1,2,16,90,E,1,28,0.03571428571428571
16-90-E-1,2,16,90,E,1,28,0.03571428571428571
16-90-E-1,2,16,90,E,1,28,0.03571428571428571
16-90-E-1,2,16,90,E,1,28,0.03571428571428571
16-90-E-1,2,16,90,E,1,28,0.03571428571428571
16-90-E-1,2,16,90,E,1,28,0.03571428571428571
16-90-E-1,2,16,90,E,1,29,0.034482758620689655
16-90-E-1,2,16,90,E,1,29,0.034482758620689655
16-90-E-1,2,16,90,E,1,29,0.034482758620689655
16-90-E-1,2,16,90,E,1,29,0.034482758620689655
16-90-E-1,2,16,90,E,1,30,0.03333333333333333
16-90-E-1,2,16,90,E,1,30,0.03333333333333333
16-90-E-1,2,16,90,E,1,30,0.03333333333333333
16-90-E-1,2,16,90,E,1,30,0.03333333333333333
16-90-E-1,2,16,90,E,1,30,0.03333333333333333
16-90-E-1,2,16,90,E,1,30,0.03333333333333333
16-90-E-1,2,16,90,E,1,30,0.03333333333333333
16-90-E-1,2,16,90,E,1,30,0.03333333333333333
16-90-E-1,2,16,90,E,1,30,0.03333333333333333
16-90-E-1,2,16,90,E,1,30,0.03333333333333333
16-90-E-1,2,16,90,E,1,31,0.03225806451612903
16-90-E-1,2,16,90,E,1,31,0.03225806451612903
16-90-E-1,2,16,90,E,1,31,0.03225806451612903
16-90-E-1,2,16,90,E,1,31,0.03225806451612903
16-90-E-1,2,16,90,E,1,31,0.03225806451612903
16-90-E-1,2,16,90,E,1,31,0.03225806451612903
16-90-E-1,2,16,90,E,1,32,0.03125
16-90-E-1,2,16,90,E,1,33,0.030303030303030304
16-90-E-1,2,16,90,E,1,33,0.030303030303030304
16-90-E-1,2,16,90,E,1,35,0.02857142857142857
16-90-E-1,2,16,90,E,1,35,0.02857142857142857
16-90-E-2,2,16,90,E,2,26,0.038461538461538464
16-90-E-2,2,16,90,E,2,27,0.037037037037037035
16-90-E-2,2,16,90,E,2,27,0.037037037037037035
16-90-E-2,2,16,90,E,2,27,0.037037037037037035
16-90-E-2,2,16,90,E,2,27,0.037037037037037035
16-90-E-2,2,16,90,E,2,27,0.037037037037037035
16-90-E-2,2,16,90,E,2,28,0.03571428571428571
16-90-E-2,2,16,90,E,2,28,0.03571428571428571
16-90-E-2,2,16,90,E,2,28,0.03571428571428571
16-90-E-2,2,16,90,E,2,28,0.03571428571428571
16-90-E-2,2,16,90,E,2,28,0.03571428571428571
16-90-E-2,2,16,90,E,2,28,0.03571428571428571
16-90-E-2,2,16,90,E,2,28,0.03571428571428571
16-90-E-2,2,16,90,E,2,29,0.034482758620689655
16-90-E-2,2,16,90,E,2,29,0.034482758620689655
16-90-E-2,2,16,90,E,2,29,0.034482758620689655
16-90-E-2,2,16,90,E,2,30,0.03333333333333333
16-90-E-2,2,16,90,E,2,30,0.03333333333333333
16-90-E-2,2,16,90,E,2,30,0.03333333333333333
16-90-E-2,2,16,90,E,2,31,0.03225806451612903
16-90-E-2,2,16,90,E,2,31,0.03225806451612903
16-90-E-2,2,16,90,E,2,31,0.03225806451612903
16-90-E-2,2,16,90,E,2,31,0.03225806451612903
16-90-E-2,2,16,90,E,2,32,0.03125
16-90-E-2,2,16,90,E,2,32,0.03125
16-90-E-2,2,16,90,E,2,34,0.029411764705882353
16-90-E-2,2,16,90,E,2,34,0.029411764705882353
16-90-E-2,2,16,90,E,2,34,0.029411764705882353
16-90-E-2,2,16,90,E,2,35,0.02857142857142857
16-90-E-2,2,16,90,E,2,35,0.02857142857142857
16-90-E-2,2,16,90,E,2,36,0.027777777777777776
16-90-E-2,2,16,90,E,2,36,0.027777777777777776
16-90-E-3,2,16,90,E,3,26,0.038461538461538464
16-90-E-3,2,16,90,E,3,26,0.038461538461538464
16-90-E-3,2,16,90,E,3,27,0.037037037037037035
16-90-E-3,2,16,90,E,3,27,0.037037037037037035
16-90-E-3,2,16,90,E,3,27,0.037037037037037035
16-90-E-3,2,16,90,E,3,27,0.037037037037037035
16-90-E-3,2,16,90,E,3,27,0.037037037037037035
16-90-E-3,2,16,90,E,3,28,0.03571428571428571
16-90-E-3,2,16,90,E,3,28,0.03571428571428571
16-90-E-3,2,16,90,E,3,28,0.03571428571428571
16-90-E-3,2,16,90,E,3,28,0.03571428571428571
16-90-E-3,2,16,90,E,3,28,0.03571428571428571
16-90-E-3,2,16,90,E,3,28,0.03571428571428571
16-90-E-3,2,16,90,E,3,28,0.03571428571428571
16-90-E-3,2,16,90,E,3,29,0.034482758620689655
16-90-E-3,2,16,90,E,3,29,0.034482758620689655
16-90-E-3,2,16,90,E,3,29,0.034482758620689655
16-90-E-3,2,16,90,E,3,29,0.034482758620689655
16-90-E-3,2,16,90,E,3,29,0.034482758620689655
16-90-E-3,2,16,90,E,3,29,0.034482758620689655
16-90-E-3,2,16,90,E,3,29,0.034482758620689655
16-90-E-3,2,16,90,E,3,29,0.034482758620689655
16-90-E-3,2,16,90,E,3,30,0.03333333333333333
16-90-E-3,2,16,90,E,3,30,0.03333333333333333
16-90-E-3,2,16,90,E,3,30,0.03333333333333333
16-90-E-3,2,16,90,E,3,30,0.03333333333333333
16-90-E-3,2,16,90,E,3,30,0.03333333333333333
16-90-E-3,2,16,90,E,3,30,0.03333333333333333
16-90-E-3,2,16,90,E,3,30,0.03333333333333333
16-90-E-3,2,16,90,E,3,31,0.03225806451612903
16-90-E-3,2,16,90,E,3,31,0.03225806451612903
16-90-E-3,2,16,90,E,3,31,0.03225806451612903
16-90-E-3,2,16,90,E,3,31,0.03225806451612903
16-90-E-3,2,16,90,E,3,32,0.03125
16-90-E-3,2,16,90,E,3,32,0.03125
16-90-E-3,2,16,90,E,3,32,0.03125
16-90-E-3,2,16,90,E,3,33,0.030303030303030304
16-90-E-3,2,16,90,E,3,33,0.030303030303030304
16-90-E-3,2,16,90,E,3,34,0.029411764705882353
16-90-E-3,2,16,90,E,3,34,0.029411764705882353
16-90-E-3,2,16,90,E,3,34,0.029411764705882353
16-90-E-3,2,16,90,E,3,35,0.02857142857142857
16-90-E-3,2,16,90,E,3,35,0.02857142857142857
16-90-E-3,2,16,90,E,3,37,0.02702702702702703
38-60-C-1,3,38,60,C,1,6,0.16666666666666666
38-60-C-1,3,38,60,C,1,6,0.16666666666666666
38-60-C-1,3,38,60,C,1,6,0.16666666666666666
38-60-C-1,3,38,60,C,1,6,0.16666666666666666
38-60-C-1,3,38,60,C,1,6,0.16666666666666666
38-60-C-1,3,38,60,C,1,6,0.16666666666666666
38-60-C-1,3,38,60,C,1,6,0.16666666666666666
38-60-C-1,3,38,60,C,1,6,0.16666666666666666
38-60-C-1,3,38,60,C,1,6,0.16666666666666666
38-60-C-1,3,38,60,C,1,6,0.16666666666666666
38-60-C-1,3,38,60,C,1,6,0.16666666666666666
38-60-C-1,3,38,60,C,1,6,0.16666666666666666
38-60-C-1,3,38,60,C,1,6,0.16666666666666666
38-60-C-1,3,38,60,C,1,6,0.16666666666666666
38-60-C-1,3,38,60,C,1,6,0.16666666666666666
38-60-C-1,3,38,60,C,1,7,0.14285714285714285
38-60-C-1,3,38,60,C,1,7,0.14285714285714285
38-60-C-1,3,38,60,C,1,7,0.14285714285714285
38-60-C-1,3,38,60,C,1,7,0.14285714285714285
38-60-C-1,3,38,60,C,1,7,0.14285714285714285
38-60-C-1,3,38,60,C,1,7,0.14285714285714285
38-60-C-1,3,38,60,C,1,7,0.14285714285714285
38-60-C-1,3,38,60,C,1,7,0.14285714285714285
38-60-C-1,3,38,60,C,1,7,0.14285714285714285
38-60-C-1,3,38,60,C,1,7,0.14285714285714285
38-60-C-1,3,38,60,C,1,7,0.14285714285714285
38-60-C-1,3,38,60,C,1,7,0.14285714285714285
38-60-C-1,3,38,60,C,1,7,0.14285714285714285
38-60-C-1,3,38,60,C,1,7,0.14285714285714285
38-60-C-1,3,38,60,C,1,7,0.14285714285714285
38-60-C-1,3,38,60,C,1,7,0.14285714285714285
38-60-C-1,3,38,60,C,1,7,0.14285714285714285
38-60-C-1,3,38,60,C,1,7,0.14285714285714285
38-60-C-1,3,38,60,C,1,7,0.14285714285714285
38-60-C-1,3,38,60,C,1,7,0.14285714285714285
38-60-C-1,3,38,60,C,1,7,0.14285714285714285
38-60-C-1,3,38,60,C,1,7,0.14285714285714285
38-60-C-1,3,38,60,C,1,7,0.14285714285714285
38-60-C-1,3,38,60,C,1,7,0.14285714285714285
38-60-C-1,3,38,60,C,1,7,0.14285714285714285
38-60-C-1,3,38,60,C,1,7,0.14285714285714285
38-60-C-1,3,38,60,C,1,7,0.14285714285714285
38-60-C-1,3,38,60,C,1,7,0.14285714285714285
38-60-C-1,3,38,60,C,1,7,0.14285714285714285
38-60-C-1,3,38,60,C,1,7,0.14285714285714285
38-60-C-1,3,38,60,C,1,7,0.14285714285714285
38-60-C-1,3,38,60,C,1,7,0.14285714285714285
38-60-C-1,3,38,60,C,1,7,0.14285714285714285
38-60-C-1,3,38,60,C,1,7,0.14285714285714285
38-60-C-1,3,38,60,C,1,7,0.14285714285714285
38-60-C-1,3,38,60,C,1,7,0.14285714285714285
38-60-C-1,3,38,60,C,1,8,0.125
38-60-C-1,3,38,60,C,1,8,0.125
38-60-C-1,3,38,60,C,1,8,0.125
38-60-C-1,3,38,60,C,1,8,0.125
38-60-C-1,3,38,60,C,1,8,0.125
38-60-C-1,3,38,60,C,1,8,0.125
38-60-C-1,3,38,60,C,1,8,0.125
38-60-C-1,3,38,60,C,1,8,0.125
38-60-C-1,3,38,60,C,1,8,0.125
38-60-C-1,3,38,60,C,1,8,0.125
38-60-C-1,3,38,60,C,1,10,0.1
38-60-C-1,3,38,60,C,1,10,0.1
38-60-C-2,3,38,60,C,2,6,0.16666666666666666
38-60-C-2,3,38,60,C,2,6,0.16666666666666666
38-60-C-2,3,38,60,C,2,6,0.16666666666666666
38-60-C-2,3,38,60,C,2,6,0.16666666666666666
38-60-C-2,3,38,60,C,2,6,0.16666666666666666
38-60-C-2,3,38,60,C,2,6,0.16666666666666666
38-60-C-2,3,38,60,C,2,6,0.16666666666666666
38-60-C-2,3,38,60,C,2,6,0.16666666666666666
38-60-C-2,3,38,60,C,2,6,0.16666666666666666
38-60-C-2,3,38,60,C,2,6,0.16666666666666666
38-60-C-2,3,38,60,C,2,6,0.16666666666666666
38-60-C-2,3,38,60,C,2,6,0.16666666666666666
38-60-C-2,3,38,60,C,2,6,0.16666666666666666
38-60-C-2,3,38,60,C,2,6,0.16666666666666666
38-60-C-2,3,38,60,C,2,6,0.16666666666666666
38-60-C-2,3,38,60,C,2,6,0.16666666666666666
38-60-C-2,3,38,60,C,2,7,0.14285714285714285
38-60-C-2,3,38,60,C,2,7,0.14285714285714285
38-60-C-2,3,38,60,C,2,7,0.14285714285714285
38-60-C-2,3,38,60,C,2,7,0.14285714285714285
38-60-C-2,3,38,60,C,2,7,0.14285714285714285
38-60-C-2,3,38,60,C,2,7,0.14285714285714285
38-60-C-2,3,38,60,C,2,7,0.14285714285714285
38-60-C-2,3,38,60,C,2,7,0.14285714285714285
38-60-C-2,3,38,60,C,2,7,0.14285714285714285
38-60-C-2,3,38,60,C,2,7,0.14285714285714285
38-60-C-2,3,38,60,C,2,7,0.14285714285714285
38-60-C-2,3,38,60,C,2,7,0.14285714285714285
38-60-C-2,3,38,60,C,2,7,0.14285714285714285
38-60-C-2,3,38,60,C,2,7,0.14285714285714285
38-60-C-2,3,38,60,C,2,7,0.14285714285714285
38-60-C-2,3,38,60,C,2,7,0.14285714285714285
38-60-C-2,3,38,60,C,2,7,0.14285714285714285
38-60-C-2,3,38,60,C,2,7,0.14285714285714285
38-60-C-2,3,38,60,C,2,7,0.14285714285714285
38-60-C-2,3,38,60,C,2,7,0.14285714285714285
38-60-C-2,3,38,60,C,2,7,0.14285714285714285
38-60-C-2,3,38,60,C,2,7,0.14285714285714285
38-60-C-2,3,38,60,C,2,7,0.14285714285714285
38-60-C-2,3,38,60,C,2,7,0.14285714285714285
38-60-C-2,3,38,60,C,2,7,0.14285714285714285
38-60-C-2,3,38,60,C,2,7,0.14285714285714285
38-60-C-2,3,38,60,C,2,7,0.14285714285714285
38-60-C-2,3,38,60,C,2,7,0.14285714285714285
38-60-C-2,3,38,60,C,2,7,0.14285714285714285
38-60-C-2,3,38,60,C,2,7,0.14285714285714285
38-60-C-2,3,38,60,C,2,7,0.14285714285714285
38-60-C-2,3,38,60,C,2,7,0.14285714285714285
38-60-C-2,3,38,60,C,2,7,0.14285714285714285
38-60-C-2,3,38,60,C,2,7,0.14285714285714285
38-60-C-2,3,38,60,C,2,8,0.125
38-60-C-2,3,38,60,C,2,8,0.125
38-60-C-2,3,38,60,C,2,8,0.125
38-60-C-2,3,38,60,C,2,9,0.1111111111111111
38-60-C-2,3,38,60,C,2,11,0.09090909090909091
38-60-C-3,3,38,60,C,3,6,0.16666666666666666
38-60-C-3,3,38,60,C,3,6,0.16666666666666666
38-60-C-3,3,38,60,C,3,6,0.16666666666666666
38-60-C-3,3,38,60,C,3,6,0.16666666666666666
38-60-C-3,3,38,60,C,3,7,0.14285714285714285
38-60-C-3,3,38,60,C,3,7,0.14285714285714285
38-60-C-3,3,38,60,C,3,7,0.14285714285714285
38-60-C-3,3,38,60,C,3,7,0.14285714285714285
38-60-C-3,3,38,60,C,3,7,0.14285714285714285
38-60-C-3,3,38,60,C,3,7,0.14285714285714285
38-60-C-3,3,38,60,C,3,7,0.14285714285714285
38-60-C-3,3,38,60,C,3,7,0.14285714285714285
38-60-C-3,3,38,60,C,3,7,0.14285714285714285
38-60-C-3,3,38,60,C,3,7,0.14285714285714285
38-60-C-3,3,38,60,C,3,7,0.14285714285714285
38-60-C-3,3,38,60,C,3,7,0.14285714285714285
38-60-C-3,3,38,60,C,3,7,0.14285714285714285
38-60-C-3,3,38,60,C,3,7,0.14285714285714285
38-60-C-3,3,38,60,C,3,7,0.14285714285714285
38-60-C-3,3,38,60,C,3,7,0.14285714285714285
38-60-C-3,3,38,60,C,3,7,0.14285714285714285
38-60-C-3,3,38,60,C,3,7,0.14285714285714285
38-60-C-3,3,38,60,C,3,7,0.14285714285714285
38-60-C-3,3,38,60,C,3,7,0.14285714285714285
38-60-C-3,3,38,60,C,3,7,0.14285714285714285
38-60-C-3,3,38,60,C,3,7,0.14285714285714285
38-60-C-3,3,38,60,C,3,7,0.14285714285714285
38-60-C-3,3,38,60,C,3,7,0.14285714285714285
38-60-C-3,3,38,60,C,3,7,0.14285714285714285
38-60-C-3,3,38,60,C,3,7,0.14285714285714285
38-60-C-3,3,38,60,C,3,7,0.14285714285714285
38-60-C-3,3,38,60,C,3,7,0.14285714285714285
38-60-C-3,3,38,60,C,3,7,0.14285714285714285
38-60-C-3,3,38,60,C,3,7,0.14285714285714285
38-60-C-3,3,38,60,C,3,7,0.14285714285714285
38-60-C-3,3,38,60,C,3,8,0.125
38-60-C-3,3,38,60,C,3,8,0.125
38-60-C-3,3,38,60,C,3,8,0.125
38-60-C-3,3,38,60,C,3,8,0.125
38-60-C-3,3,38,60,C,3,8,0.125
38-60-C-3,3,38,60,C,3,11,0.09090909090909091
35-30-C-1,3,35,30,C,1,6,0.16666666666666666
35-30-C-1,3,35,30,C,1,6,0.16666666666666666
35-30-C-1,3,35,30,C,1,7,0.14285714285714285
35-30-C-1,3,35,30,C,1,7,0.14285714285714285
35-30-C-1,3,35,30,C,1,7,0.14285714285714285
35-30-C-1,3,35,30,C,1,7,0.14285714285714285
35-30-C-1,3,35,30,C,1,7,0.14285714285714285
35-30-C-1,3,35,30,C,1,7,0.14285714285714285
35-30-C-1,3,35,30,C,1,7,0.14285714285714285
35-30-C-1,3,35,30,C,1,7,0.14285714285714285
35-30-C-1,3,35,30,C,1,7,0.14285714285714285
35-30-C-1,3,35,30,C,1,7,0.14285714285714285
35-30-C-1,3,35,30,C,1,7,0.14285714285714285
35-30-C-1,3,35,30,C,1,7,0.14285714285714285
35-30-C-1,3,35,30,C,1,7,0.14285714285714285
35-30-C-1,3,35,30,C,1,7,0.14285714285714285
35-30-C-1,3,35,30,C,1,7,0.14285714285714285
35-30-C-1,3,35,30,C,1,7,0.14285714285714285
35-30-C-1,3,35,30,C,1,7,0.14285714285714285
35-30-C-1,3,35,30,C,1,7,0.14285714285714285
35-30-C-1,3,35,30,C,1,7,0.14285714285714285
35-30-C-1,3,35,30,C,1,7,0.14285714285714285
35-30-C-1,3,35,30,C,1,7,0.14285714285714285
35-30-C-1,3,35,30,C,1,7,0.14285714285714285
35-30-C-1,3,35,30,C,1,8,0.125
35-30-C-1,3,35,30,C,1,8,0.125
35-30-C-1,3,35,30,C,1,8,0.125
35-30-C-1,3,35,30,C,1,8,0.125
35-30-C-1,3,35,30,C,1,8,0.125
35-30-C-1,3,35,30,C,1,8,0.125
35-30-C-1,3,35,30,C,1,8,0.125
35-30-C-1,3,35,30,C,1,8,0.125
35-30-C-1,3,35,30,C,1,8,0.125
35-30-C-1,3,35,30,C,1,8,0.125
35-30-C-1,3,35,30,C,1,8,0.125
35-30-C-1,3,35,30,C,1,8,0.125
35-30-C-1,3,35,30,C,1,8,0.125
35-30-C-1,3,35,30,C,1,8,0.125
35-30-C-1,3,35,30,C,1,8,0.125
35-30-C-1,3,35,30,C,1,8,0.125
35-30-C-1,3,35,30,C,1,8,0.125
35-30-C-1,3,35,30,C,1,8,0.125
35-30-C-1,3,35,30,C,1,8,0.125
35-30-C-1,3,35,30,C,1,8,0.125
35-30-C-1,3,35,30,C,1,8,0.125
35-30-C-1,3,35,30,C,1,9,0.1111111111111111
35-30-C-1,3,35,30,C,1,9,0.1111111111111111
35-30-C-1,3,35,30,C,1,9,0.1111111111111111
35-30-C-1,3,35,30,C,1,10,0.1
35-30-C-1,3,35,30,C,1,10,0.1
35-30-C-1,3,35,30,C,1,11,0.09090909090909091
35-30-C-1,3,35,30,C,1,11,0.09090909090909091
35-30-C-1,3,35,30,C,1,11,0.09090909090909091
35-30-C-1,3,35,30,C,1,11,0.09090909090909091
35-30-C-1,3,35,30,C,1,11,0.09090909090909091
35-30-C-1,3,35,30,C,1,11,0.09090909090909091
35-30-C-1,3,35,30,C,1,11,0.09090909090909091
35-30-C-1,3,35,30,C,1,12,0.08333333333333333
35-30-C-1,3,35,30,C,1,12,0.08333333333333333
35-30-C-1,3,35,30,C,1,12,0.08333333333333333
35-30-C-1,3,35,30,C,1,12,0.08333333333333333
35-30-C-1,3,35,30,C,1,12,0.08333333333333333
35-30-C-1,3,35,30,C,1,12,0.08333333333333333
35-30-C-1,3,35,30,C,1,12,0.08333333333333333
35-30-C-2,3,35,30,C,2,6,0.16666666666666666
35-30-C-2,3,35,30,C,2,6,0.16666666666666666
35-30-C-2,3,35,30,C,2,7,0.14285714285714285
35-30-C-2,3,35,30,C,2,7,0.14285714285714285
35-30-C-2,3,35,30,C,2,7,0.14285714285714285
35-30-C-2,3,35,30,C,2,7,0.14285714285714285
35-30-C-2,3,35,30,C,2,7,0.14285714285714285
35-30-C-2,3,35,30,C,2,7,0.14285714285714285
35-30-C-2,3,35,30,C,2,7,0.14285714285714285
35-30-C-2,3,35,30,C,2,7,0.14285714285714285
35-30-C-2,3,35,30,C,2,7,0.14285714285714285
35-30-C-2,3,35,30,C,2,7,0.14285714285714285
35-30-C-2,3,35,30,C,2,7,0.14285714285714285
35-30-C-2,3,35,30,C,2,7,0.14285714285714285
35-30-C-2,3,35,30,C,2,7,0.14285714285714285
35-30-C-2,3,35,30,C,2,7,0.14285714285714285
35-30-C-2,3,35,30,C,2,7,0.14285714285714285
35-30-C-2,3,35,30,C,2,7,0.14285714285714285
35-30-C-2,3,35,30,C,2,7,0.14285714285714285
35-30-C-2,3,35,30,C,2,7,0.14285714285714285
35-30-C-2,3,35,30,C,2,7,0.14285714285714285
35-30-C-2,3,35,30,C,2,7,0.14285714285714285
35-30-C-2,3,35,30,C,2,7,0.14285714285714285
35-30-C-2,3,35,30,C,2,7,0.14285714285714285
35-30-C-2,3,35,30,C,2,7,0.14285714285714285
35-30-C-2,3,35,30,C,2,7,0.14285714285714285
35-30-C-2,3,35,30,C,2,7,0.14285714285714285
35-30-C-2,3,35,30,C,2,7,0.14285714285714285
35-30-C-2,3,35,30,C,2,7,0.14285714285714285
35-30-C-2,3,35,30,C,2,7,0.14285714285714285
35-30-C-2,3,35,30,C,2,7,0.14285714285714285
35-30-C-2,3,35,30,C,2,7,0.14285714285714285
35-30-C-2,3,35,30,C,2,7,0.14285714285714285
35-30-C-2,3,35,30,C,2,7,0.14285714285714285
35-30-C-2,3,35,30,C,2,7,0.14285714285714285
35-30-C-2,3,35,30,C,2,7,0.14285714285714285
35-30-C-2,3,35,30,C,2,7,0.14285714285714285
35-30-C-2,3,35,30,C,2,7,0.14285714285714285
35-30-C-2,3,35,30,C,2,7,0.14285714285714285
35-30-C-2,3,35,30,C,2,7,0.14285714285714285
35-30-C-2,3,35,30,C,2,7,0.14285714285714285
35-30-C-2,3,35,30,C,2,8,0.125
35-30-C-2,3,35,30,C,2,8,0.125
35-30-C-2,3,35,30,C,2,8,0.125
35-30-C-2,3,35,30,C,2,8,0.125
35-30-C-2,3,35,30,C,2,8,0.125
35-30-C-2,3,35,30,C,2,8,0.125
35-30-C-2,3,35,30,C,2,8,0.125
35-30-C-2,3,35,30,C,2,8,0.125
35-30-C-2,3,35,30,C,2,8,0.125
35-30-C-2,3,35,30,C,2,8,0.125
35-30-C-2,3,35,30,C,2,8,0.125
35-30-C-2,3,35,30,C,2,8,0.125
35-30-C-2,3,35,30,C,2,8,0.125
35-30-C-2,3,35,30,C,2,8,0.125
35-30-C-2,3,35,30,C,2,8,0.125
35-30-C-2,3,35,30,C,2,10,0.1
35-30-C-2,3,35,30,C,2,11,0.09090909090909091
35-30-C-2,3,35,30,C,2,11,0.09090909090909091
35-30-C-2,3,35,30,C,2,11,0.09090909090909091
35-30-C-2,3,35,30,C,2,11,0.09090909090909091
35-30-C-2,3,35,30,C,2,11,0.09090909090909091
35-30-C-2,3,35,30,C,2,11,0.09090909090909091
35-30-C-2,3,35,30,C,2,11,0.09090909090909091
35-30-C-2,3,35,30,C,2,11,0.09090909090909091
35-30-C-2,3,35,30,C,2,11,0.09090909090909091
35-30-C-2,3,35,30,C,2,11,0.09090909090909091
35-30-C-2,3,35,30,C,2,11,0.09090909090909091
35-30-C-2,3,35,30,C,2,11,0.09090909090909091
35-30-C-2,3,35,30,C,2,11,0.09090909090909091
35-30-C-2,3,35,30,C,2,11,0.09090909090909091
35-30-C-2,3,35,30,C,2,11,0.09090909090909091
35-30-C-2,3,35,30,C,2,11,0.09090909090909091
35-30-C-2,3,35,30,C,2,11,0.09090909090909091
35-30-C-2,3,35,30,C,2,11,0.09090909090909091
35-30-C-2,3,35,30,C,2,11,0.09090909090909091
35-30-C-2,3,35,30,C,2,11,0.09090909090909091
35-30-C-2,3,35,30,C,2,12,0.08333333333333333
35-30-C-2,3,35,30,C,2,12,0.08333333333333333
35-30-C-2,3,35,30,C,2,12,0.08333333333333333
35-30-C-2,3,35,30,C,2,12,0.08333333333333333
35-30-C-2,3,35,30,C,2,12,0.08333333333333333
35-30-C-2,3,35,30,C,2,12,0.08333333333333333
35-30-C-2,3,35,30,C,2,12,0.08333333333333333
35-30-C-2,3,35,30,C,2,12,0.08333333333333333
35-30-C-2,3,35,30,C,2,12,0.08333333333333333
35-30-C-2,3,35,30,C,2,12,0.08333333333333333
35-30-C-3,3,35,30,C,3,7,0.14285714285714285
35-30-C-3,3,35,30,C,3,7,0.14285714285714285
35-30-C-3,3,35,30,C,3,7,0.14285714285714285
35-30-C-3,3,35,30,C,3,7,0.14285714285714285
35-30-C-3,3,35,30,C,3,7,0.14285714285714285
35-30-C-3,3,35,30,C,3,7,0.14285714285714285
35-30-C-3,3,35,30,C,3,7,0.14285714285714285
35-30-C-3,3,35,30,C,3,7,0.14285714285714285
35-30-C-3,3,35,30,C,3,7,0.14285714285714285
35-30-C-3,3,35,30,C,3,7,0.14285714285714285
35-30-C-3,3,35,30,C,3,7,0.14285714285714285
35-30-C-3,3,35,30,C,3,7,0.14285714285714285
35-30-C-3,3,35,30,C,3,7,0.14285714285714285
35-30-C-3,3,35,30,C,3,7,0.14285714285714285
35-30-C-3,3,35,30,C,3,7,0.14285714285714285
35-30-C-3,3,35,30,C,3,7,0.14285714285714285
35-30-C-3,3,35,30,C,3,7,0.14285714285714285
35-30-C-3,3,35,30,C,3,7,0.14285714285714285
35-30-C-3,3,35,30,C,3,7,0.14285714285714285
35-30-C-3,3,35,30,C,3,7,0.14285714285714285
35-30-C-3,3,35,30,C,3,7,0.14285714285714285
35-30-C-3,3,35,30,C,3,7,0.14285714285714285
35-30-C-3,3,35,30,C,3,7,0.14285714285714285
35-30-C-3,3,35,30,C,3,7,0.14285714285714285
35-30-C-3,3,35,30,C,3,7,0.14285714285714285
35-30-C-3,3,35,30,C,3,7,0.14285714285714285
35-30-C-3,3,35,30,C,3,7,0.14285714285714285
35-30-C-3,3,35,30,C,3,7,0.14285714285714285
35-30-C-3,3,35,30,C,3,7,0.14285714285714285
35-30-C-3,3,35,30,C,3,7,0.14285714285714285
35-30-C-3,3,35,30,C,3,7,0.14285714285714285
35-30-C-3,3,35,30,C,3,7,0.14285714285714285
35-30-C-3,3,35,30,C,3,7,0.14285714285714285
35-30-C-3,3,35,30,C,3,7,0.14285714285714285
35-30-C-3,3,35,30,C,3,7,0.14285714285714285
35-30-C-3,3,35,30,C,3,7,0.14285714285714285
35-30-C-3,3,35,30,C,3,7,0.14285714285714285
35-30-C-3,3,35,30,C,3,7,0.14285714285714285
35-30-C-3,3,35,30,C,3,7,0.14285714285714285
35-30-C-3,3,35,30,C,3,7,0.14285714285714285
35-30-C-3,3,35,30,C,3,7,0.14285714285714285
35-30-C-3,3,35,30,C,3,7,0.14285714285714285
35-30-C-3,3,35,30,C,3,7,0.14285714285714285
35-30-C-3,3,35,30,C,3,7,0.14285714285714285
35-30-C-3,3,35,30,C,3,7,0.14285714285714285
35-30-C-3,3,35,30,C,3,7,0.14285714285714285
35-30-C-3,3,35,30,C,3,8,0.125
35-30-C-3,3,35,30,C,3,8,0.125
35-30-C-3,3,35,30,C,3,8,0.125
35-30-C-3,3,35,30,C,3,8,0.125
35-30-C-3,3,35,30,C,3,8,0.125
35-30-C-3,3,35,30,C,3,8,0.125
35-30-C-3,3,35,30,C,3,8,0.125
35-30-C-3,3,35,30,C,3,8,0.125
35-30-C-3,3,35,30,C,3,8,0.125
35-30-C-3,3,35,30,C,3,8,0.125
35-30-C-3,3,35,30,C,3,8,0.125
35-30-C-3,3,35,30,C,3,8,0.125
35-30-C-3,3,35,30,C,3,8,0.125
35-30-C-3,3,35,30,C,3,8,0.125
35-30-C-3,3,35,30,C,3,8,0.125
35-30-C-3,3,35,30,C,3,8,0.125
35-30-C-3,3,35,30,C,3,8,0.125
35-30-C-3,3,35,30,C,3,8,0.125
35-30-C-3,3,35,30,C,3,8,0.125
35-30-C-3,3,35,30,C,3,8,0.125
35-30-C-3,3,35,30,C,3,8,0.125
35-30-C-3,3,35,30,C,3,8,0.125
35-30-C-3,3,35,30,C,3,8,0.125
35-30-C-3,3,35,30,C,3,8,0.125
35-30-C-3,3,35,30,C,3,9,0.1111111111111111
35-30-C-3,3,35,30,C,3,9,0.1111111111111111
35-30-C-3,3,35,30,C,3,11,0.09090909090909091
35-30-C-3,3,35,30,C,3,11,0.09090909090909091
35-30-C-3,3,35,30,C,3,11,0.09090909090909091
35-30-C-3,3,35,30,C,3,11,0.09090909090909091
35-30-C-3,3,35,30,C,3,11,0.09090909090909091
35-30-C-3,3,35,30,C,3,11,0.09090909090909091
35-30-C-3,3,35,30,C,3,12,0.08333333333333333
35-30-C-3,3,35,30,C,3,12,0.08333333333333333
35-30-C-3,3,35,30,C,3,12,0.08333333333333333
35-30-C-3,3,35,30,C,3,12,0.08333333333333333
35-30-C-3,3,35,30,C,3,12,0.08333333333333333
32-90-C-1,3,32,90,C,1,6,0.16666666666666666
32-90-C-1,3,32,90,C,1,6,0.16666666666666666
32-90-C-1,3,32,90,C,1,6,0.16666666666666666
32-90-C-1,3,32,90,C,1,7,0.14285714285714285
32-90-C-1,3,32,90,C,1,7,0.14285714285714285
32-90-C-1,3,32,90,C,1,7,0.14285714285714285
32-90-C-1,3,32,90,C,1,7,0.14285714285714285
32-90-C-1,3,32,90,C,1,7,0.14285714285714285
32-90-C-1,3,32,90,C,1,7,0.14285714285714285
32-90-C-1,3,32,90,C,1,7,0.14285714285714285
32-90-C-1,3,32,90,C,1,7,0.14285714285714285
32-90-C-1,3,32,90,C,1,7,0.14285714285714285
32-90-C-1,3,32,90,C,1,7,0.14285714285714285
32-90-C-1,3,32,90,C,1,7,0.14285714285714285
32-90-C-1,3,32,90,C,1,7,0.14285714285714285
32-90-C-1,3,32,90,C,1,7,0.14285714285714285
32-90-C-1,3,32,90,C,1,7,0.14285714285714285
32-90-C-1,3,32,90,C,1,7,0.14285714285714285
32-90-C-1,3,32,90,C,1,7,0.14285714285714285
32-90-C-1,3,32,90,C,1,7,0.14285714285714285
32-90-C-1,3,32,90,C,1,7,0.14285714285714285
32-90-C-1,3,32,90,C,1,7,0.14285714285714285
32-90-C-1,3,32,90,C,1,7,0.14285714285714285
32-90-C-1,3,32,90,C,1,7,0.14285714285714285
32-90-C-1,3,32,90,C,1,7,0.14285714285714285
32-90-C-1,3,32,90,C,1,7,0.14285714285714285
32-90-C-1,3,32,90,C,1,7,0.14285714285714285
32-90-C-1,3,32,90,C,1,7,0.14285714285714285
32-90-C-1,3,32,90,C,1,7,0.14285714285714285
32-90-C-1,3,32,90,C,1,7,0.14285714285714285
32-90-C-1,3,32,90,C,1,7,0.14285714285714285
32-90-C-1,3,32,90,C,1,7,0.14285714285714285
32-90-C-1,3,32,90,C,1,7,0.14285714285714285
32-90-C-1,3,32,90,C,1,7,0.14285714285714285
32-90-C-1,3,32,90,C,1,7,0.14285714285714285
32-90-C-1,3,32,90,C,1,7,0.14285714285714285
32-90-C-1,3,32,90,C,1,7,0.14285714285714285
32-90-C-1,3,32,90,C,1,7,0.14285714285714285
32-90-C-1,3,32,90,C,1,7,0.14285714285714285
32-90-C-1,3,32,90,C,1,7,0.14285714285714285
32-90-C-1,3,32,90,C,1,7,0.14285714285714285
32-90-C-1,3,32,90,C,1,7,0.14285714285714285
32-90-C-1,3,32,90,C,1,7,0.14285714285714285
32-90-C-1,3,32,90,C,1,7,0.14285714285714285
32-90-C-1,3,32,90,C,1,7,0.14285714285714285
32-90-C-1,3,32,90,C,1,7,0.14285714285714285
32-90-C-1,3,32,90,C,1,7,0.14285714285714285
32-90-C-1,3,32,90,C,1,7,0.14285714285714285
32-90-C-1,3,32,90,C,1,7,0.14285714285714285
32-90-C-1,3,32,90,C,1,7,0.14285714285714285
32-90-C-1,3,32,90,C,1,7,0.14285714285714285
32-90-C-1,3,32,90,C,1,7,0.14285714285714285
32-90-C-1,3,32,90,C,1,7,0.14285714285714285
32-90-C-1,3,32,90,C,1,7,0.14285714285714285
32-90-C-1,3,32,90,C,1,7,0.14285714285714285
32-90-C-1,3,32,90,C,1,7,0.14285714285714285
32-90-C-1,3,32,90,C,1,7,0.14285714285714285
32-90-C-1,3,32,90,C,1,7,0.14285714285714285
32-90-C-1,3,32,90,C,1,7,0.14285714285714285
32-90-C-1,3,32,90,C,1,7,0.14285714285714285
32-90-C-1,3,32,90,C,1,7,0.14285714285714285
32-90-C-1,3,32,90,C,1,7,0.14285714285714285
32-90-C-1,3,32,90,C,1,7,0.14285714285714285
32-90-C-1,3,32,90,C,1,7,0.14285714285714285
32-90-C-1,3,32,90,C,1,7,0.14285714285714285
32-90-C-1,3,32,90,C,1,7,0.14285714285714285
32-90-C-1,3,32,90,C,1,7,0.14285714285714285
32-90-C-1,3,32,90,C,1,7,0.14285714285714285
32-90-C-1,3,32,90,C,1,7,0.14285714285714285
32-90-C-1,3,32,90,C,1,7,0.14285714285714285
32-90-C-1,3,32,90,C,1,7,0.14285714285714285
32-90-C-1,3,32,90,C,1,7,0.14285714285714285
32-90-C-1,3,32,90,C,1,7,0.14285714285714285
32-90-C-1,3,32,90,C,1,7,0.14285714285714285
32-90-C-1,3,32,90,C,1,7,0.14285714285714285
32-90-C-1,3,32,90,C,1,8,0.125
32-90-C-1,3,32,90,C,1,8,0.125
32-90-C-1,3,32,90,C,1,8,0.125
32-90-C-1,3,32,90,C,1,8,0.125
32-90-C-1,3,32,90,C,1,8,0.125
32-90-C-1,3,32,90,C,1,8,0.125
32-90-C-1,3,32,90,C,1,8,0.125
32-90-C-1,3,32,90,C,1,8,0.125
32-90-C-1,3,32,90,C,1,8,0.125
32-90-C-2,3,32,90,C,2,6,0.16666666666666666
32-90-C-2,3,32,90,C,2,6,0.16666666666666666
32-90-C-2,3,32,90,C,2,6,0.16666666666666666
32-90-C-2,3,32,90,C,2,6,0.16666666666666666
32-90-C-2,3,32,90,C,2,7,0.14285714285714285
32-90-C-2,3,32,90,C,2,7,0.14285714285714285
32-90-C-2,3,32,90,C,2,7,0.14285714285714285
32-90-C-2,3,32,90,C,2,7,0.14285714285714285
32-90-C-2,3,32,90,C,2,7,0.14285714285714285
32-90-C-2,3,32,90,C,2,7,0.14285714285714285
32-90-C-2,3,32,90,C,2,7,0.14285714285714285
32-90-C-2,3,32,90,C,2,7,0.14285714285714285
32-90-C-2,3,32,90,C,2,7,0.14285714285714285
32-90-C-2,3,32,90,C,2,7,0.14285714285714285
32-90-C-2,3,32,90,C,2,7,0.14285714285714285
32-90-C-2,3,32,90,C,2,7,0.14285714285714285
32-90-C-2,3,32,90,C,2,7,0.14285714285714285
32-90-C-2,3,32,90,C,2,7,0.14285714285714285
32-90-C-2,3,32,90,C,2,7,0.14285714285714285
32-90-C-2,3,32,90,C,2,7,0.14285714285714285
32-90-C-2,3,32,90,C,2,7,0.14285714285714285
32-90-C-2,3,32,90,C,2,7,0.14285714285714285
32-90-C-2,3,32,90,C,2,7,0.14285714285714285
32-90-C-2,3,32,90,C,2,7,0.14285714285714285
32-90-C-2,3,32,90,C,2,7,0.14285714285714285
32-90-C-2,3,32,90,C,2,7,0.14285714285714285
32-90-C-2,3,32,90,C,2,7,0.14285714285714285
32-90-C-2,3,32,90,C,2,7,0.14285714285714285
32-90-C-2,3,32,90,C,2,7,0.14285714285714285
32-90-C-2,3,32,90,C,2,7,0.14285714285714285
32-90-C-2,3,32,90,C,2,7,0.14285714285714285
32-90-C-2,3,32,90,C,2,7,0.14285714285714285
32-90-C-2,3,32,90,C,2,7,0.14285714285714285
32-90-C-2,3,32,90,C,2,7,0.14285714285714285
32-90-C-2,3,32,90,C,2,7,0.14285714285714285
32-90-C-2,3,32,90,C,2,7,0.14285714285714285
32-90-C-2,3,32,90,C,2,7,0.14285714285714285
32-90-C-2,3,32,90,C,2,7,0.14285714285714285
32-90-C-2,3,32,90,C,2,7,0.14285714285714285
32-90-C-2,3,32,90,C,2,7,0.14285714285714285
32-90-C-2,3,32,90,C,2,7,0.14285714285714285
32-90-C-2,3,32,90,C,2,7,0.14285714285714285
32-90-C-2,3,32,90,C,2,7,0.14285714285714285
32-90-C-2,3,32,90,C,2,7,0.14285714285714285
32-90-C-2,3,32,90,C,2,7,0.14285714285714285
32-90-C-2,3,32,90,C,2,7,0.14285714285714285
32-90-C-2,3,32,90,C,2,7,0.14285714285714285
32-90-C-2,3,32,90,C,2,7,0.14285714285714285
32-90-C-2,3,32,90,C,2,7,0.14285714285714285
32-90-C-2,3,32,90,C,2,7,0.14285714285714285
32-90-C-2,3,32,90,C,2,7,0.14285714285714285
32-90-C-2,3,32,90,C,2,7,0.14285714285714285
32-90-C-2,3,32,90,C,2,7,0.14285714285714285
32-90-C-2,3,32,90,C,2,7,0.14285714285714285
32-90-C-2,3,32,90,C,2,7,0.14285714285714285
32-90-C-2,3,32,90,C,2,7,0.14285714285714285
32-90-C-2,3,32,90,C,2,7,0.14285714285714285
32-90-C-2,3,32,90,C,2,7,0.14285714285714285
32-90-C-2,3,32,90,C,2,8,0.125
32-90-C-2,3,32,90,C,2,8,0.125
32-90-C-2,3,32,90,C,2,8,0.125
32-90-C-2,3,32,90,C,2,8,0.125
32-90-C-2,3,32,90,C,2,8,0.125
32-90-C-2,3,32,90,C,2,8,0.125
32-90-C-2,3,32,90,C,2,8,0.125
32-90-C-2,3,32,90,C,2,8,0.125
32-90-C-2,3,32,90,C,2,8,0.125
32-90-C-2,3,32,90,C,2,8,0.125
32-90-C-2,3,32,90,C,2,8,0.125
32-90-C-2,3,32,90,C,2,8,0.125
32-90-C-2,3,32,90,C,2,8,0.125
32-90-C-2,3,32,90,C,2,8,0.125
32-90-C-2,3,32,90,C,2,8,0.125
32-90-C-2,3,32,90,C,2,8,0.125
32-90-C-2,3,32,90,C,2,8,0.125
32-90-C-2,3,32,90,C,2,8,0.125
32-90-C-2,3,32,90,C,2,8,0.125
32-90-C-2,3,32,90,C,2,8,0.125
32-90-C-2,3,32,90,C,2,8,0.125
32-90-C-2,3,32,90,C,2,8,0.125
32-90-C-2,3,32,90,C,2,9,0.1111111111111111
32-90-C-2,3,32,90,C,2,9,0.1111111111111111
32-90-C-2,3,32,90,C,2,9,0.1111111111111111
32-90-C-3,3,32,90,C,3,7,0.14285714285714285
32-90-C-3,3,32,90,C,3,7,0.14285714285714285
32-90-C-3,3,32,90,C,3,7,0.14285714285714285
32-90-C-3,3,32,90,C,3,7,0.14285714285714285
32-90-C-3,3,32,90,C,3,7,0.14285714285714285
32-90-C-3,3,32,90,C,3,7,0.14285714285714285
32-90-C-3,3,32,90,C,3,7,0.14285714285714285
32-90-C-3,3,32,90,C,3,7,0.14285714285714285
32-90-C-3,3,32,90,C,3,7,0.14285714285714285
32-90-C-3,3,32,90,C,3,7,0.14285714285714285
32-90-C-3,3,32,90,C,3,7,0.14285714285714285
32-90-C-3,3,32,90,C,3,7,0.14285714285714285
32-90-C-3,3,32,90,C,3,7,0.14285714285714285
32-90-C-3,3,32,90,C,3,7,0.14285714285714285
32-90-C-3,3,32,90,C,3,7,0.14285714285714285
32-90-C-3,3,32,90,C,3,7,0.14285714285714285
32-90-C-3,3,32,90,C,3,7,0.14285714285714285
32-90-C-3,3,32,90,C,3,7,0.14285714285714285
32-90-C-3,3,32,90,C,3,7,0.14285714285714285
32-90-C-3,3,32,90,C,3,7,0.14285714285714285
32-90-C-3,3,32,90,C,3,7,0.14285714285714285
32-90-C-3,3,32,90,C,3,7,0.14285714285714285
32-90-C-3,3,32,90,C,3,7,0.14285714285714285
32-90-C-3,3,32,90,C,3,7,0.14285714285714285
32-90-C-3,3,32,90,C,3,7,0.14285714285714285
32-90-C-3,3,32,90,C,3,7,0.14285714285714285
32-90-C-3,3,32,90,C,3,7,0.14285714285714285
32-90-C-3,3,32,90,C,3,7,0.14285714285714285
32-90-C-3,3,32,90,C,3,7,0.14285714285714285
32-90-C-3,3,32,90,C,3,7,0.14285714285714285
32-90-C-3,3,32,90,C,3,7,0.14285714285714285
32-90-C-3,3,32,90,C,3,7,0.14285714285714285
32-90-C-3,3,32,90,C,3,7,0.14285714285714285
32-90-C-3,3,32,90,C,3,7,0.14285714285714285
32-90-C-3,3,32,90,C,3,7,0.14285714285714285
32-90-C-3,3,32,90,C,3,7,0.14285714285714285
32-90-C-3,3,32,90,C,3,7,0.14285714285714285
32-90-C-3,3,32,90,C,3,7,0.14285714285714285
32-90-C-3,3,32,90,C,3,7,0.14285714285714285
32-90-C-3,3,32,90,C,3,7,0.14285714285714285
32-90-C-3,3,32,90,C,3,7,0.14285714285714285
32-90-C-3,3,32,90,C,3,7,0.14285714285714285
32-90-C-3,3,32,90,C,3,7,0.14285714285714285
32-90-C-3,3,32,90,C,3,7,0.14285714285714285
32-90-C-3,3,32,90,C,3,7,0.14285714285714285
32-90-C-3,3,32,90,C,3,7,0.14285714285714285
32-90-C-3,3,32,90,C,3,7,0.14285714285714285
32-90-C-3,3,32,90,C,3,7,0.14285714285714285
32-90-C-3,3,32,90,C,3,7,0.14285714285714285
32-90-C-3,3,32,90,C,3,7,0.14285714285714285
32-90-C-3,3,32,90,C,3,8,0.125
32-90-C-3,3,32,90,C,3,8,0.125
32-90-C-3,3,32,90,C,3,8,0.125
32-90-C-3,3,32,90,C,3,8,0.125
32-90-C-3,3,32,90,C,3,8,0.125
32-90-C-3,3,32,90,C,3,8,0.125
32-90-C-3,3,32,90,C,3,8,0.125
32-90-C-3,3,32,90,C,3,8,0.125
32-90-C-3,3,32,90,C,3,8,0.125
32-90-C-3,3,32,90,C,3,8,0.125
32-90-C-3,3,32,90,C,3,8,0.125
32-90-C-3,3,32,90,C,3,8,0.125
32-90-C-3,3,32,90,C,3,8,0.125
32-90-C-3,3,32,90,C,3,8,0.125
32-90-C-3,3,32,90,C,3,8,0.125
32-90-C-3,3,32,90,C,3,8,0.125
32-90-C-3,3,32,90,C,3,8,0.125
32-90-C-3,3,32,90,C,3,8,0.125
32-90-C-3,3,32,90,C,3,10,0.1
32-90-C-3,3,32,90,C,3,10,0.1
32-90-C-3,3,32,90,C,3,10,0.1
32-90-C-3,3,32,90,C,3,10,0.1
32-90-C-3,3,32,90,C,3,10,0.1
32-90-C-3,3,32,90,C,3,11,0.09090909090909091
32-90-C-3,3,32,90,C,3,11,0.09090909090909091
32-90-C-3,3,32,90,C,3,11,0.09090909090909091
32-90-C-3,3,32,90,C,3,11,0.09090909090909091
32-90-C-3,3,32,90,C,3,11,0.09090909090909091
32-90-C-3,3,32,90,C,3,12,0.08333333333333333
32-90-C-3,3,32,90,C,3,12,0.08333333333333333
32-90-C-3,3,32,90,C,3,12,0.08333333333333333
32-90-C-3,3,32,90,C,3,12,0.08333333333333333
32-90-C-3,3,32,90,C,3,12,0.08333333333333333
32-90-C-3,3,32,90,C,3,12,0.08333333333333333
32-90-E-1,3,32,90,E,1,6,0.16666666666666666
32-90-E-1,3,32,90,E,1,6,0.16666666666666666
32-90-E-1,3,32,90,E,1,6,0.16666666666666666
32-90-E-1,3,32,90,E,1,6,0.16666666666666666
32-90-E-1,3,32,90,E,1,6,0.16666666666666666
32-90-E-1,3,32,90,E,1,6,0.16666666666666666
32-90-E-1,3,32,90,E,1,6,0.16666666666666666
32-90-E-1,3,32,90,E,1,6,0.16666666666666666
32-90-E-1,3,32,90,E,1,6,0.16666666666666666
32-90-E-1,3,32,90,E,1,6,0.16666666666666666
32-90-E-1,3,32,90,E,1,6,0.16666666666666666
32-90-E-1,3,32,90,E,1,6,0.16666666666666666
32-90-E-1,3,32,90,E,1,7,0.14285714285714285
32-90-E-1,3,32,90,E,1,7,0.14285714285714285
32-90-E-1,3,32,90,E,1,7,0.14285714285714285
32-90-E-1,3,32,90,E,1,7,0.14285714285714285
32-90-E-1,3,32,90,E,1,7,0.14285714285714285
32-90-E-1,3,32,90,E,1,7,0.14285714285714285
32-90-E-1,3,32,90,E,1,7,0.14285714285714285
32-90-E-1,3,32,90,E,1,7,0.14285714285714285
32-90-E-1,3,32,90,E,1,7,0.14285714285714285
32-90-E-1,3,32,90,E,1,7,0.14285714285714285
32-90-E-1,3,32,90,E,1,7,0.14285714285714285
32-90-E-1,3,32,90,E,1,7,0.14285714285714285
32-90-E-1,3,32,90,E,1,7,0.14285714285714285
32-90-E-1,3,32,90,E,1,7,0.14285714285714285
32-90-E-1,3,32,90,E,1,7,0.14285714285714285
32-90-E-1,3,32,90,E,1,7,0.14285714285714285
32-90-E-1,3,32,90,E,1,7,0.14285714285714285
32-90-E-1,3,32,90,E,1,7,0.14285714285714285
32-90-E-1,3,32,90,E,1,7,0.14285714285714285
32-90-E-1,3,32,90,E,1,7,0.14285714285714285
32-90-E-1,3,32,90,E,1,7,0.14285714285714285
32-90-E-1,3,32,90,E,1,7,0.14285714285714285
32-90-E-1,3,32,90,E,1,7,0.14285714285714285
32-90-E-1,3,32,90,E,1,7,0.14285714285714285
32-90-E-1,3,32,90,E,1,7,0.14285714285714285
32-90-E-1,3,32,90,E,1,7,0.14285714285714285
32-90-E-1,3,32,90,E,1,7,0.14285714285714285
32-90-E-1,3,32,90,E,1,7,0.14285714285714285
32-90-E-1,3,32,90,E,1,7,0.14285714285714285
32-90-E-1,3,32,90,E,1,7,0.14285714285714285
32-90-E-1,3,32,90,E,1,7,0.14285714285714285
32-90-E-1,3,32,90,E,1,7,0.14285714285714285
32-90-E-1,3,32,90,E,1,7,0.14285714285714285
32-90-E-1,3,32,90,E,1,7,0.14285714285714285
32-90-E-1,3,32,90,E,1,7,0.14285714285714285
32-90-E-1,3,32,90,E,1,7,0.14285714285714285
32-90-E-1,3,32,90,E,1,7,0.14285714285714285
32-90-E-1,3,32,90,E,1,7,0.14285714285714285
32-90-E-1,3,32,90,E,1,7,0.14285714285714285
32-90-E-1,3,32,90,E,1,7,0.14285714285714285
32-90-E-1,3,32,90,E,1,7,0.14285714285714285
32-90-E-1,3,32,90,E,1,7,0.14285714285714285
32-90-E-1,3,32,90,E,1,7,0.14285714285714285
32-90-E-1,3,32,90,E,1,7,0.14285714285714285
32-90-E-1,3,32,90,E,1,7,0.14285714285714285
32-90-E-1,3,32,90,E,1,7,0.14285714285714285
32-90-E-1,3,32,90,E,1,7,0.14285714285714285
32-90-E-1,3,32,90,E,1,7,0.14285714285714285
32-90-E-1,3,32,90,E,1,7,0.14285714285714285
32-90-E-1,3,32,90,E,1,7,0.14285714285714285
32-90-E-1,3,32,90,E,1,7,0.14285714285714285
32-90-E-1,3,32,90,E,1,7,0.14285714285714285
32-90-E-1,3,32,90,E,1,7,0.14285714285714285
32-90-E-1,3,32,90,E,1,7,0.14285714285714285
32-90-E-1,3,32,90,E,1,7,0.14285714285714285
32-90-E-1,3,32,90,E,1,7,0.14285714285714285
32-90-E-1,3,32,90,E,1,7,0.14285714285714285
32-90-E-1,3,32,90,E,1,7,0.14285714285714285
32-90-E-1,3,32,90,E,1,7,0.14285714285714285
32-90-E-1,3,32,90,E,1,7,0.14285714285714285
32-90-E-1,3,32,90,E,1,7,0.14285714285714285
32-90-E-1,3,32,90,E,1,7,0.14285714285714285
32-90-E-1,3,32,90,E,1,7,0.14285714285714285
32-90-E-1,3,32,90,E,1,7,0.14285714285714285
32-90-E-1,3,32,90,E,1,7,0.14285714285714285
32-90-E-1,3,32,90,E,1,7,0.14285714285714285
32-90-E-1,3,32,90,E,1,7,0.14285714285714285
32-90-E-1,3,32,90,E,1,7,0.14285714285714285
32-90-E-1,3,32,90,E,1,7,0.14285714285714285
32-90-E-1,3,32,90,E,1,8,0.125
32-90-E-1,3,32,90,E,1,8,0.125
32-90-E-1,3,32,90,E,1,8,0.125
32-90-E-1,3,32,90,E,1,8,0.125
32-90-E-1,3,32,90,E,1,8,0.125
32-90-E-1,3,32,90,E,1,8,0.125
32-90-E-1,3,32,90,E,1,8,0.125
32-90-E-1,3,32,90,E,1,9,0.1111111111111111
32-90-E-1,3,32,90,E,1,10,0.1
32-90-E-1,3,32,90,E,1,11,0.09090909090909091
32-90-E-1,3,32,90,E,1,11,0.09090909090909091
32-90-E-1,3,32,90,E,1,11,0.09090909090909091
32-90-E-2,3,32,90,E,2,6,0.16666666666666666
32-90-E-2,3,32,90,E,2,6,0.16666666666666666
32-90-E-2,3,32,90,E,2,6,0.16666666666666666
32-90-E-2,3,32,90,E,2,7,0.14285714285714285
32-90-E-2,3,32,90,E,2,7,0.14285714285714285
32-90-E-2,3,32,90,E,2,7,0.14285714285714285
32-90-E-2,3,32,90,E,2,7,0.14285714285714285
32-90-E-2,3,32,90,E,2,7,0.14285714285714285
32-90-E-2,3,32,90,E,2,7,0.14285714285714285
32-90-E-2,3,32,90,E,2,7,0.14285714285714285
32-90-E-2,3,32,90,E,2,7,0.14285714285714285
32-90-E-2,3,32,90,E,2,7,0.14285714285714285
32-90-E-2,3,32,90,E,2,7,0.14285714285714285
32-90-E-2,3,32,90,E,2,7,0.14285714285714285
32-90-E-2,3,32,90,E,2,7,0.14285714285714285
32-90-E-2,3,32,90,E,2,7,0.14285714285714285
32-90-E-2,3,32,90,E,2,7,0.14285714285714285
32-90-E-2,3,32,90,E,2,7,0.14285714285714285
32-90-E-2,3,32,90,E,2,7,0.14285714285714285
32-90-E-2,3,32,90,E,2,7,0.14285714285714285
32-90-E-2,3,32,90,E,2,7,0.14285714285714285
32-90-E-2,3,32,90,E,2,7,0.14285714285714285
32-90-E-2,3,32,90,E,2,7,0.14285714285714285
32-90-E-2,3,32,90,E,2,7,0.14285714285714285
32-90-E-2,3,32,90,E,2,7,0.14285714285714285
32-90-E-2,3,32,90,E,2,7,0.14285714285714285
32-90-E-2,3,32,90,E,2,7,0.14285714285714285
32-90-E-2,3,32,90,E,2,7,0.14285714285714285
32-90-E-2,3,32,90,E,2,7,0.14285714285714285
32-90-E-2,3,32,90,E,2,7,0.14285714285714285
32-90-E-2,3,32,90,E,2,7,0.14285714285714285
32-90-E-2,3,32,90,E,2,7,0.14285714285714285
32-90-E-2,3,32,90,E,2,7,0.14285714285714285
32-90-E-2,3,32,90,E,2,7,0.14285714285714285
32-90-E-2,3,32,90,E,2,7,0.14285714285714285
32-90-E-2,3,32,90,E,2,7,0.14285714285714285
32-90-E-2,3,32,90,E,2,7,0.14285714285714285
32-90-E-2,3,32,90,E,2,7,0.14285714285714285
32-90-E-2,3,32,90,E,2,7,0.14285714285714285
32-90-E-2,3,32,90,E,2,7,0.14285714285714285
32-90-E-2,3,32,90,E,2,7,0.14285714285714285
32-90-E-2,3,32,90,E,2,7,0.14285714285714285
32-90-E-2,3,32,90,E,2,7,0.14285714285714285
32-90-E-2,3,32,90,E,2,7,0.14285714285714285
32-90-E-2,3,32,90,E,2,7,0.14285714285714285
32-90-E-2,3,32,90,E,2,7,0.14285714285714285
32-90-E-2,3,32,90,E,2,7,0.14285714285714285
32-90-E-2,3,32,90,E,2,7,0.14285714285714285
32-90-E-2,3,32,90,E,2,7,0.14285714285714285
32-90-E-2,3,32,90,E,2,7,0.14285714285714285
32-90-E-2,3,32,90,E,2,7,0.14285714285714285
32-90-E-2,3,32,90,E,2,7,0.14285714285714285
32-90-E-2,3,32,90,E,2,7,0.14285714285714285
32-90-E-2,3,32,90,E,2,7,0.14285714285714285
32-90-E-2,3,32,90,E,2,7,0.14285714285714285
32-90-E-2,3,32,90,E,2,7,0.14285714285714285
32-90-E-2,3,32,90,E,2,7,0.14285714285714285
32-90-E-2,3,32,90,E,2,7,0.14285714285714285
32-90-E-2,3,32,90,E,2,7,0.14285714285714285
32-90-E-2,3,32,90,E,2,7,0.14285714285714285
32-90-E-2,3,32,90,E,2,7,0.14285714285714285
32-90-E-2,3,32,90,E,2,7,0.14285714285714285
32-90-E-2,3,32,90,E,2,7,0.14285714285714285
32-90-E-2,3,32,90,E,2,7,0.14285714285714285
32-90-E-2,3,32,90,E,2,7,0.14285714285714285
32-90-E-2,3,32,90,E,2,7,0.14285714285714285
32-90-E-2,3,32,90,E,2,7,0.14285714285714285
32-90-E-2,3,32,90,E,2,7,0.14285714285714285
32-90-E-2,3,32,90,E,2,7,0.14285714285714285
32-90-E-2,3,32,90,E,2,7,0.14285714285714285
32-90-E-2,3,32,90,E,2,7,0.14285714285714285
32-90-E-2,3,32,90,E,2,8,0.125
32-90-E-2,3,32,90,E,2,8,0.125
32-90-E-2,3,32,90,E,2,8,0.125
32-90-E-2,3,32,90,E,2,8,0.125
32-90-E-2,3,32,90,E,2,8,0.125
32-90-E-2,3,32,90,E,2,8,0.125
32-90-E-2,3,32,90,E,2,8,0.125
32-90-E-2,3,32,90,E,2,8,0.125
32-90-E-2,3,32,90,E,2,8,0.125
32-90-E-2,3,32,90,E,2,8,0.125
32-90-E-2,3,32,90,E,2,9,0.1111111111111111
32-90-E-2,3,32,90,E,2,9,0.1111111111111111
32-90-E-2,3,32,90,E,2,10,0.1
32-90-E-2,3,32,90,E,2,10,0.1
32-90-E-2,3,32,90,E,2,11,0.09090909090909091
32-90-E-2,3,32,90,E,2,11,0.09090909090909091
32-90-E-2,3,32,90,E,2,11,0.09090909090909091
32-90-E-2,3,32,90,E,2,11,0.09090909090909091
32-90-E-3,3,32,90,E,3,6,0.16666666666666666
32-90-E-3,3,32,90,E,3,6,0.16666666666666666
32-90-E-3,3,32,90,E,3,6,0.16666666666666666
32-90-E-3,3,32,90,E,3,6,0.16666666666666666
32-90-E-3,3,32,90,E,3,6,0.16666666666666666
32-90-E-3,3,32,90,E,3,6,0.16666666666666666
32-90-E-3,3,32,90,E,3,6,0.16666666666666666
32-90-E-3,3,32,90,E,3,6,0.16666666666666666
32-90-E-3,3,32,90,E,3,6,0.16666666666666666
32-90-E-3,3,32,90,E,3,6,0.16666666666666666
32-90-E-3,3,32,90,E,3,6,0.16666666666666666
32-90-E-3,3,32,90,E,3,6,0.16666666666666666
32-90-E-3,3,32,90,E,3,6,0.16666666666666666
32-90-E-3,3,32,90,E,3,7,0.14285714285714285
32-90-E-3,3,32,90,E,3,7,0.14285714285714285
32-90-E-3,3,32,90,E,3,7,0.14285714285714285
32-90-E-3,3,32,90,E,3,7,0.14285714285714285
32-90-E-3,3,32,90,E,3,7,0.14285714285714285
32-90-E-3,3,32,90,E,3,7,0.14285714285714285
32-90-E-3,3,32,90,E,3,7,0.14285714285714285
32-90-E-3,3,32,90,E,3,7,0.14285714285714285
32-90-E-3,3,32,90,E,3,7,0.14285714285714285
32-90-E-3,3,32,90,E,3,7,0.14285714285714285
32-90-E-3,3,32,90,E,3,7,0.14285714285714285
32-90-E-3,3,32,90,E,3,7,0.14285714285714285
32-90-E-3,3,32,90,E,3,7,0.14285714285714285
32-90-E-3,3,32,90,E,3,7,0.14285714285714285
32-90-E-3,3,32,90,E,3,7,0.14285714285714285
32-90-E-3,3,32,90,E,3,7,0.14285714285714285
32-90-E-3,3,32,90,E,3,7,0.14285714285714285
32-90-E-3,3,32,90,E,3,7,0.14285714285714285
32-90-E-3,3,32,90,E,3,7,0.14285714285714285
32-90-E-3,3,32,90,E,3,7,0.14285714285714285
32-90-E-3,3,32,90,E,3,7,0.14285714285714285
32-90-E-3,3,32,90,E,3,7,0.14285714285714285
32-90-E-3,3,32,90,E,3,7,0.14285714285714285
32-90-E-3,3,32,90,E,3,7,0.14285714285714285
32-90-E-3,3,32,90,E,3,7,0.14285714285714285
32-90-E-3,3,32,90,E,3,7,0.14285714285714285
32-90-E-3,3,32,90,E,3,7,0.14285714285714285
32-90-E-3,3,32,90,E,3,7,0.14285714285714285
32-90-E-3,3,32,90,E,3,7,0.14285714285714285
32-90-E-3,3,32,90,E,3,7,0.14285714285714285
32-90-E-3,3,32,90,E,3,7,0.14285714285714285
32-90-E-3,3,32,90,E,3,7,0.14285714285714285
32-90-E-3,3,32,90,E,3,7,0.14285714285714285
32-90-E-3,3,32,90,E,3,7,0.14285714285714285
32-90-E-3,3,32,90,E,3,7,0.14285714285714285
32-90-E-3,3,32,90,E,3,7,0.14285714285714285
32-90-E-3,3,32,90,E,3,7,0.14285714285714285
32-90-E-3,3,32,90,E,3,7,0.14285714285714285
32-90-E-3,3,32,90,E,3,7,0.14285714285714285
32-90-E-3,3,32,90,E,3,7,0.14285714285714285
32-90-E-3,3,32,90,E,3,7,0.14285714285714285
32-90-E-3,3,32,90,E,3,7,0.14285714285714285
32-90-E-3,3,32,90,E,3,7,0.14285714285714285
32-90-E-3,3,32,90,E,3,7,0.14285714285714285
32-90-E-3,3,32,90,E,3,7,0.14285714285714285
32-90-E-3,3,32,90,E,3,7,0.14285714285714285
32-90-E-3,3,32,90,E,3,7,0.14285714285714285
32-90-E-3,3,32,90,E,3,7,0.14285714285714285
32-90-E-3,3,32,90,E,3,7,0.14285714285714285
32-90-E-3,3,32,90,E,3,7,0.14285714285714285
32-90-E-3,3,32,90,E,3,7,0.14285714285714285
32-90-E-3,3,32,90,E,3,7,0.14285714285714285
32-90-E-3,3,32,90,E,3,7,0.14285714285714285
32-90-E-3,3,32,90,E,3,8,0.125
32-90-E-3,3,32,90,E,3,8,0.125
32-90-E-3,3,32,90,E,3,8,0.125
32-90-E-3,3,32,90,E,3,8,0.125
32-90-E-3,3,32,90,E,3,8,0.125
32-90-E-3,3,32,90,E,3,8,0.125
32-90-E-3,3,32,90,E,3,8,0.125
32-90-E-3,3,32,90,E,3,8,0.125
32-90-E-3,3,32,90,E,3,8,0.125
32-90-E-3,3,32,90,E,3,8,0.125
32-90-E-3,3,32,90,E,3,8,0.125
32-90-E-3,3,32,90,E,3,8,0.125
32-90-E-3,3,32,90,E,3,8,0.125
32-90-E-3,3,32,90,E,3,8,0.125
32-90-E-3,3,32,90,E,3,8,0.125
32-90-E-3,3,32,90,E,3,8,0.125
32-90-E-3,3,32,90,E,3,8,0.125
32-90-E-3,3,32,90,E,3,8,0.125
32-90-E-3,3,32,90,E,3,8,0.125
32-90-E-3,3,32,90,E,3,8,0.125
32-90-E-3,3,32,90,E,3,8,0.125
32-90-E-3,3,32,90,E,3,8,0.125
32-90-E-3,3,32,90,E,3,8,0.125
32-90-E-3,3,32,90,E,3,8,0.125
32-90-E-3,3,32,90,E,3,9,0.1111111111111111
28-75-C-1,3,28,75,C,1,8,0.125
28-75-C-1,3,28,75,C,1,8,0.125
28-75-C-1,3,28,75,C,1,8,0.125
28-75-C-1,3,28,75,C,1,8,0.125
28-75-C-1,3,28,75,C,1,8,0.125
28-75-C-1,3,28,75,C,1,8,0.125
28-75-C-1,3,28,75,C,1,8,0.125
28-75-C-1,3,28,75,C,1,8,0.125
28-75-C-1,3,28,75,C,1,8,0.125
28-75-C-1,3,28,75,C,1,8,0.125
28-75-C-1,3,28,75,C,1,8,0.125
28-75-C-1,3,28,75,C,1,8,0.125
28-75-C-1,3,28,75,C,1,8,0.125
28-75-C-1,3,28,75,C,1,8,0.125
28-75-C-1,3,28,75,C,1,8,0.125
28-75-C-1,3,28,75,C,1,8,0.125
28-75-C-1,3,28,75,C,1,8,0.125
28-75-C-1,3,28,75,C,1,8,0.125
28-75-C-1,3,28,75,C,1,8,0.125
28-75-C-1,3,28,75,C,1,8,0.125
28-75-C-1,3,28,75,C,1,8,0.125
28-75-C-1,3,28,75,C,1,9,0.1111111111111111
28-75-C-1,3,28,75,C,1,9,0.1111111111111111
28-75-C-1,3,28,75,C,1,9,0.1111111111111111
28-75-C-1,3,28,75,C,1,9,0.1111111111111111
28-75-C-1,3,28,75,C,1,9,0.1111111111111111
28-75-C-1,3,28,75,C,1,9,0.1111111111111111
28-75-C-1,3,28,75,C,1,9,0.1111111111111111
28-75-C-1,3,28,75,C,1,9,0.1111111111111111
28-75-C-1,3,28,75,C,1,9,0.1111111111111111
28-75-C-1,3,28,75,C,1,9,0.1111111111111111
28-75-C-1,3,28,75,C,1,9,0.1111111111111111
28-75-C-1,3,28,75,C,1,9,0.1111111111111111
28-75-C-1,3,28,75,C,1,9,0.1111111111111111
28-75-C-1,3,28,75,C,1,9,0.1111111111111111
28-75-C-1,3,28,75,C,1,9,0.1111111111111111
28-75-C-1,3,28,75,C,1,9,0.1111111111111111
28-75-C-1,3,28,75,C,1,9,0.1111111111111111
28-75-C-1,3,28,75,C,1,9,0.1111111111111111
28-75-C-1,3,28,75,C,1,9,0.1111111111111111
28-75-C-1,3,28,75,C,1,9,0.1111111111111111
28-75-C-1,3,28,75,C,1,9,0.1111111111111111
28-75-C-1,3,28,75,C,1,9,0.1111111111111111
28-75-C-1,3,28,75,C,1,9,0.1111111111111111
28-75-C-1,3,28,75,C,1,9,0.1111111111111111
28-75-C-1,3,28,75,C,1,9,0.1111111111111111
28-75-C-1,3,28,75,C,1,9,0.1111111111111111
28-75-C-1,3,28,75,C,1,9,0.1111111111111111
28-75-C-1,3,28,75,C,1,9,0.1111111111111111
28-75-C-1,3,28,75,C,1,9,0.1111111111111111
28-75-C-1,3,28,75,C,1,9,0.1111111111111111
28-75-C-1,3,28,75,C,1,9,0.1111111111111111
28-75-C-1,3,28,75,C,1,9,0.1111111111111111
28-75-C-1,3,28,75,C,1,9,0.1111111111111111
28-75-C-1,3,28,75,C,1,9,0.1111111111111111
28-75-C-1,3,28,75,C,1,9,0.1111111111111111
28-75-C-1,3,28,75,C,1,9,0.1111111111111111
28-75-C-1,3,28,75,C,1,9,0.1111111111111111
28-75-C-1,3,28,75,C,1,10,0.1
28-75-C-1,3,28,75,C,1,10,0.1
28-75-C-1,3,28,75,C,1,10,0.1
28-75-C-1,3,28,75,C,1,10,0.1
28-75-C-1,3,28,75,C,1,10,0.1
28-75-C-1,3,28,75,C,1,10,0.1
28-75-C-1,3,28,75,C,1,10,0.1
28-75-C-1,3,28,75,C,1,10,0.1
28-75-C-1,3,28,75,C,1,10,0.1
28-75-C-1,3,28,75,C,1,10,0.1
28-75-C-1,3,28,75,C,1,10,0.1
28-75-C-1,3,28,75,C,1,11,0.09090909090909091
28-75-C-1,3,28,75,C,1,11,0.09090909090909091
28-75-C-1,3,28,75,C,1,12,0.08333333333333333
28-75-C-1,3,28,75,C,1,12,0.08333333333333333
28-75-C-1,3,28,75,C,1,12,0.08333333333333333
28-75-C-1,3,28,75,C,1,13,0.07692307692307693
28-75-C-1,3,28,75,C,1,13,0.07692307692307693
28-75-C-1,3,28,75,C,1,14,0.07142857142857142
28-75-C-1,3,28,75,C,1,14,0.07142857142857142
28-75-C-1,3,28,75,C,1,15,0.06666666666666667
28-75-C-1,3,28,75,C,1,15,0.06666666666666667
28-75-C-1,3,28,75,C,1,15,0.06666666666666667
28-75-C-1,3,28,75,C,1,15,0.06666666666666667
28-75-C-1,3,28,75,C,1,15,0.06666666666666667
28-75-C-1,3,28,75,C,1,15,0.06666666666666667
28-75-C-1,3,28,75,C,1,16,0.0625
28-75-C-2,3,28,75,C,2,7,0.14285714285714285
28-75-C-2,3,28,75,C,2,8,0.125
28-75-C-2,3,28,75,C,2,8,0.125
28-75-C-2,3,28,75,C,2,8,0.125
28-75-C-2,3,28,75,C,2,8,0.125
28-75-C-2,3,28,75,C,2,8,0.125
28-75-C-2,3,28,75,C,2,8,0.125
28-75-C-2,3,28,75,C,2,8,0.125
28-75-C-2,3,28,75,C,2,8,0.125
28-75-C-2,3,28,75,C,2,8,0.125
28-75-C-2,3,28,75,C,2,8,0.125
28-75-C-2,3,28,75,C,2,8,0.125
28-75-C-2,3,28,75,C,2,8,0.125
28-75-C-2,3,28,75,C,2,8,0.125
28-75-C-2,3,28,75,C,2,8,0.125
28-75-C-2,3,28,75,C,2,8,0.125
28-75-C-2,3,28,75,C,2,8,0.125
28-75-C-2,3,28,75,C,2,8,0.125
28-75-C-2,3,28,75,C,2,8,0.125
28-75-C-2,3,28,75,C,2,8,0.125
28-75-C-2,3,28,75,C,2,8,0.125
28-75-C-2,3,28,75,C,2,8,0.125
28-75-C-2,3,28,75,C,2,8,0.125
28-75-C-2,3,28,75,C,2,8,0.125
28-75-C-2,3,28,75,C,2,8,0.125
28-75-C-2,3,28,75,C,2,8,0.125
28-75-C-2,3,28,75,C,2,8,0.125
28-75-C-2,3,28,75,C,2,8,0.125
28-75-C-2,3,28,75,C,2,8,0.125
28-75-C-2,3,28,75,C,2,8,0.125
28-75-C-2,3,28,75,C,2,8,0.125
28-75-C-2,3,28,75,C,2,8,0.125
28-75-C-2,3,28,75,C,2,8,0.125
28-75-C-2,3,28,75,C,2,8,0.125
28-75-C-2,3,28,75,C,2,8,0.125
28-75-C-2,3,28,75,C,2,8,0.125
28-75-C-2,3,28,75,C,2,8,0.125
28-75-C-2,3,28,75,C,2,8,0.125
28-75-C-2,3,28,75,C,2,8,0.125
28-75-C-2,3,28,75,C,2,8,0.125
28-75-C-2,3,28,75,C,2,8,0.125
28-75-C-2,3,28,75,C,2,8,0.125
28-75-C-2,3,28,75,C,2,8,0.125
28-75-C-2,3,28,75,C,2,8,0.125
28-75-C-2,3,28,75,C,2,8,0.125
28-75-C-2,3,28,75,C,2,8,0.125
28-75-C-2,3,28,75,C,2,8,0.125
28-75-C-2,3,28,75,C,2,9,0.1111111111111111
28-75-C-2,3,28,75,C,2,9,0.1111111111111111
28-75-C-2,3,28,75,C,2,9,0.1111111111111111
28-75-C-2,3,28,75,C,2,9,0.1111111111111111
28-75-C-2,3,28,75,C,2,9,0.1111111111111111
28-75-C-2,3,28,75,C,2,9,0.1111111111111111
28-75-C-2,3,28,75,C,2,9,0.1111111111111111
28-75-C-2,3,28,75,C,2,9,0.1111111111111111
28-75-C-2,3,28,75,C,2,9,0.1111111111111111
28-75-C-2,3,28,75,C,2,9,0.1111111111111111
28-75-C-2,3,28,75,C,2,9,0.1111111111111111
28-75-C-2,3,28,75,C,2,9,0.1111111111111111
28-75-C-2,3,28,75,C,2,9,0.1111111111111111
28-75-C-2,3,28,75,C,2,9,0.1111111111111111
28-75-C-2,3,28,75,C,2,9,0.1111111111111111
28-75-C-2,3,28,75,C,2,9,0.1111111111111111
28-75-C-2,3,28,75,C,2,9,0.1111111111111111
28-75-C-2,3,28,75,C,2,9,0.1111111111111111
28-75-C-2,3,28,75,C,2,9,0.1111111111111111
28-75-C-2,3,28,75,C,2,9,0.1111111111111111
28-75-C-2,3,28,75,C,2,9,0.1111111111111111
28-75-C-2,3,28,75,C,2,9,0.1111111111111111
28-75-C-2,3,28,75,C,2,9,0.1111111111111111
28-75-C-2,3,28,75,C,2,9,0.1111111111111111
28-75-C-2,3,28,75,C,2,11,0.09090909090909091
28-75-C-2,3,28,75,C,2,11,0.09090909090909091
28-75-C-2,3,28,75,C,2,11,0.09090909090909091
28-75-C-2,3,28,75,C,2,12,0.08333333333333333
28-75-C-2,3,28,75,C,2,12,0.08333333333333333
28-75-C-2,3,28,75,C,2,13,0.07692307692307693
28-75-C-2,3,28,75,C,2,13,0.07692307692307693
28-75-C-2,3,28,75,C,2,13,0.07692307692307693
28-75-C-2,3,28,75,C,2,13,0.07692307692307693
28-75-C-2,3,28,75,C,2,15,0.06666666666666667
28-75-C-2,3,28,75,C,2,15,0.06666666666666667
28-75-C-2,3,28,75,C,2,15,0.06666666666666667
28-75-C-2,3,28,75,C,2,15,0.06666666666666667
28-75-C-2,3,28,75,C,2,15,0.06666666666666667
28-75-C-3,3,28,75,C,3,7,0.14285714285714285
28-75-C-3,3,28,75,C,3,8,0.125
28-75-C-3,3,28,75,C,3,8,0.125
28-75-C-3,3,28,75,C,3,8,0.125
28-75-C-3,3,28,75,C,3,8,0.125
28-75-C-3,3,28,75,C,3,8,0.125
28-75-C-3,3,28,75,C,3,8,0.125
28-75-C-3,3,28,75,C,3,8,0.125
28-75-C-3,3,28,75,C,3,8,0.125
28-75-C-3,3,28,75,C,3,8,0.125
28-75-C-3,3,28,75,C,3,8,0.125
28-75-C-3,3,28,75,C,3,8,0.125
28-75-C-3,3,28,75,C,3,8,0.125
28-75-C-3,3,28,75,C,3,8,0.125
28-75-C-3,3,28,75,C,3,8,0.125
28-75-C-3,3,28,75,C,3,8,0.125
28-75-C-3,3,28,75,C,3,8,0.125
28-75-C-3,3,28,75,C,3,8,0.125
28-75-C-3,3,28,75,C,3,8,0.125
28-75-C-3,3,28,75,C,3,8,0.125
28-75-C-3,3,28,75,C,3,8,0.125
28-75-C-3,3,28,75,C,3,8,0.125
28-75-C-3,3,28,75,C,3,8,0.125
28-75-C-3,3,28,75,C,3,8,0.125
28-75-C-3,3,28,75,C,3,8,0.125
28-75-C-3,3,28,75,C,3,8,0.125
28-75-C-3,3,28,75,C,3,8,0.125
28-75-C-3,3,28,75,C,3,8,0.125
28-75-C-3,3,28,75,C,3,8,0.125
28-75-C-3,3,28,75,C,3,8,0.125
28-75-C-3,3,28,75,C,3,8,0.125
28-75-C-3,3,28,75,C,3,8,0.125
28-75-C-3,3,28,75,C,3,8,0.125
28-75-C-3,3,28,75,C,3,8,0.125
28-75-C-3,3,28,75,C,3,8,0.125
28-75-C-3,3,28,75,C,3,8,0.125
28-75-C-3,3,28,75,C,3,9,0.1111111111111111
28-75-C-3,3,28,75,C,3,9,0.1111111111111111
28-75-C-3,3,28,75,C,3,9,0.1111111111111111
28-75-C-3,3,28,75,C,3,9,0.1111111111111111
28-75-C-3,3,28,75,C,3,9,0.1111111111111111
28-75-C-3,3,28,75,C,3,9,0.1111111111111111
28-75-C-3,3,28,75,C,3,9,0.1111111111111111
28-75-C-3,3,28,75,C,3,9,0.1111111111111111
28-75-C-3,3,28,75,C,3,9,0.1111111111111111
28-75-C-3,3,28,75,C,3,9,0.1111111111111111
28-75-C-3,3,28,75,C,3,9,0.1111111111111111
28-75-C-3,3,28,75,C,3,9,0.1111111111111111
28-75-C-3,3,28,75,C,3,9,0.1111111111111111
28-75-C-3,3,28,75,C,3,9,0.1111111111111111
28-75-C-3,3,28,75,C,3,9,0.1111111111111111
28-75-C-3,3,28,75,C,3,9,0.1111111111111111
28-75-C-3,3,28,75,C,3,9,0.1111111111111111
28-75-C-3,3,28,75,C,3,9,0.1111111111111111
28-75-C-3,3,28,75,C,3,9,0.1111111111111111
28-75-C-3,3,28,75,C,3,9,0.1111111111111111
28-75-C-3,3,28,75,C,3,9,0.1111111111111111
28-75-C-3,3,28,75,C,3,9,0.1111111111111111
28-75-C-3,3,28,75,C,3,9,0.1111111111111111
28-75-C-3,3,28,75,C,3,10,0.1
28-75-C-3,3,28,75,C,3,10,0.1
28-75-C-3,3,28,75,C,3,11,0.09090909090909091
28-75-C-3,3,28,75,C,3,11,0.09090909090909091
28-75-C-3,3,28,75,C,3,11,0.09090909090909091
28-75-C-3,3,28,75,C,3,11,0.09090909090909091
28-75-C-3,3,28,75,C,3,12,0.08333333333333333
28-75-C-3,3,28,75,C,3,12,0.08333333333333333
28-75-C-3,3,28,75,C,3,12,0.08333333333333333
28-75-C-3,3,28,75,C,3,13,0.07692307692307693
28-75-C-3,3,28,75,C,3,13,0.07692307692307693
28-75-C-3,3,28,75,C,3,15,0.06666666666666667
28-75-C-3,3,28,75,C,3,15,0.06666666666666667
28-75-C-3,3,28,75,C,3,15,0.06666666666666667
28-75-C-3,3,28,75,C,3,15,0.06666666666666667
28-75-C-3,3,28,75,C,3,15,0.06666666666666667
28-75-C-3,3,28,75,C,3,15,0.06666666666666667
28-75-C-3,3,28,75,C,3,15,0.06666666666666667
28-75-C-3,3,28,75,C,3,15,0.06666666666666667
28-75-C-3,3,28,75,C,3,16,0.0625
28-75-C-3,3,28,75,C,3,16,0.0625
28-75-C-3,3,28,75,C,3,16,0.0625
28-75-C-3,3,28,75,C,3,16,0.0625
28-75-C-3,3,28,75,C,3,16,0.0625
28-75-C-3,3,28,75,C,3,16,0.0625
28-75-C-3,3,28,75,C,3,17,0.058823529411764705
28-75-C-3,3,28,75,C,3,17,0.058823529411764705
28-75-C-3,3,28,75,C,3,18,0.05555555555555555
28-75-E-1,3,28,75,E,1,8,0.125
28-75-E-1,3,28,75,E,1,8,0.125
28-75-E-1,3,28,75,E,1,8,0.125
28-75-E-1,3,28,75,E,1,8,0.125
28-75-E-1,3,28,75,E,1,8,0.125
28-75-E-1,3,28,75,E,1,8,0.125
28-75-E-1,3,28,75,E,1,8,0.125
28-75-E-1,3,28,75,E,1,8,0.125
28-75-E-1,3,28,75,E,1,8,0.125
28-75-E-1,3,28,75,E,1,8,0.125
28-75-E-1,3,28,75,E,1,8,0.125
28-75-E-1,3,28,75,E,1,8,0.125
28-75-E-1,3,28,75,E,1,8,0.125
28-75-E-1,3,28,75,E,1,8,0.125
28-75-E-1,3,28,75,E,1,8,0.125
28-75-E-1,3,28,75,E,1,8,0.125
28-75-E-1,3,28,75,E,1,8,0.125
28-75-E-1,3,28,75,E,1,8,0.125
28-75-E-1,3,28,75,E,1,8,0.125
28-75-E-1,3,28,75,E,1,8,0.125
28-75-E-1,3,28,75,E,1,8,0.125
28-75-E-1,3,28,75,E,1,8,0.125
28-75-E-1,3,28,75,E,1,8,0.125
28-75-E-1,3,28,75,E,1,8,0.125
28-75-E-1,3,28,75,E,1,8,0.125
28-75-E-1,3,28,75,E,1,8,0.125
28-75-E-1,3,28,75,E,1,8,0.125
28-75-E-1,3,28,75,E,1,8,0.125
28-75-E-1,3,28,75,E,1,8,0.125
28-75-E-1,3,28,75,E,1,9,0.1111111111111111
28-75-E-1,3,28,75,E,1,9,0.1111111111111111
28-75-E-1,3,28,75,E,1,9,0.1111111111111111
28-75-E-1,3,28,75,E,1,9,0.1111111111111111
28-75-E-1,3,28,75,E,1,9,0.1111111111111111
28-75-E-1,3,28,75,E,1,9,0.1111111111111111
28-75-E-1,3,28,75,E,1,9,0.1111111111111111
28-75-E-1,3,28,75,E,1,9,0.1111111111111111
28-75-E-1,3,28,75,E,1,9,0.1111111111111111
28-75-E-1,3,28,75,E,1,9,0.1111111111111111
28-75-E-1,3,28,75,E,1,9,0.1111111111111111
28-75-E-1,3,28,75,E,1,9,0.1111111111111111
28-75-E-1,3,28,75,E,1,9,0.1111111111111111
28-75-E-1,3,28,75,E,1,9,0.1111111111111111
28-75-E-1,3,28,75,E,1,9,0.1111111111111111
28-75-E-1,3,28,75,E,1,9,0.1111111111111111
28-75-E-1,3,28,75,E,1,9,0.1111111111111111
28-75-E-1,3,28,75,E,1,9,0.1111111111111111
28-75-E-1,3,28,75,E,1,9,0.1111111111111111
28-75-E-1,3,28,75,E,1,9,0.1111111111111111
28-75-E-1,3,28,75,E,1,9,0.1111111111111111
28-75-E-1,3,28,75,E,1,9,0.1111111111111111
28-75-E-1,3,28,75,E,1,9,0.1111111111111111
28-75-E-1,3,28,75,E,1,9,0.1111111111111111
28-75-E-1,3,28,75,E,1,9,0.1111111111111111
28-75-E-1,3,28,75,E,1,9,0.1111111111111111
28-75-E-1,3,28,75,E,1,9,0.1111111111111111
28-75-E-1,3,28,75,E,1,9,0.1111111111111111
28-75-E-1,3,28,75,E,1,9,0.1111111111111111
28-75-E-1,3,28,75,E,1,9,0.1111111111111111
28-75-E-1,3,28,75,E,1,9,0.1111111111111111
28-75-E-1,3,28,75,E,1,9,0.1111111111111111
28-75-E-1,3,28,75,E,1,9,0.1111111111111111
28-75-E-1,3,28,75,E,1,9,0.1111111111111111
28-75-E-1,3,28,75,E,1,9,0.1111111111111111
28-75-E-1,3,28,75,E,1,9,0.1111111111111111
28-75-E-1,3,28,75,E,1,9,0.1111111111111111
28-75-E-1,3,28,75,E,1,9,0.1111111111111111
28-75-E-1,3,28,75,E,1,10,0.1
28-75-E-1,3,28,75,E,1,10,0.1
28-75-E-1,3,28,75,E,1,10,0.1
28-75-E-1,3,28,75,E,1,10,0.1
28-75-E-1,3,28,75,E,1,10,0.1
28-75-E-1,3,28,75,E,1,11,0.09090909090909091
28-75-E-2,3,28,75,E,2,8,0.125
28-75-E-2,3,28,75,E,2,8,0.125
28-75-E-2,3,28,75,E,2,8,0.125
28-75-E-2,3,28,75,E,2,8,0.125
28-75-E-2,3,28,75,E,2,8,0.125
28-75-E-2,3,28,75,E,2,8,0.125
28-75-E-2,3,28,75,E,2,8,0.125
28-75-E-2,3,28,75,E,2,8,0.125
28-75-E-2,3,28,75,E,2,8,0.125
28-75-E-2,3,28,75,E,2,8,0.125
28-75-E-2,3,28,75,E,2,8,0.125
28-75-E-2,3,28,75,E,2,8,0.125
28-75-E-2,3,28,75,E,2,8,0.125
28-75-E-2,3,28,75,E,2,8,0.125
28-75-E-2,3,28,75,E,2,8,0.125
28-75-E-2,3,28,75,E,2,8,0.125
28-75-E-2,3,28,75,E,2,8,0.125
28-75-E-2,3,28,75,E,2,8,0.125
28-75-E-2,3,28,75,E,2,8,0.125
28-75-E-2,3,28,75,E,2,8,0.125
28-75-E-2,3,28,75,E,2,8,0.125
28-75-E-2,3,28,75,E,2,8,0.125
28-75-E-2,3,28,75,E,2,8,0.125
28-75-E-2,3,28,75,E,2,8,0.125
28-75-E-2,3,28,75,E,2,8,0.125
28-75-E-2,3,28,75,E,2,8,0.125
28-75-E-2,3,28,75,E,2,8,0.125
28-75-E-2,3,28,75,E,2,8,0.125
28-75-E-2,3,28,75,E,2,8,0.125
28-75-E-2,3,28,75,E,2,8,0.125
28-75-E-2,3,28,75,E,2,8,0.125
28-75-E-2,3,28,75,E,2,8,0.125
28-75-E-2,3,28,75,E,2,8,0.125
28-75-E-2,3,28,75,E,2,8,0.125
28-75-E-2,3,28,75,E,2,8,0.125
28-75-E-2,3,28,75,E,2,8,0.125
28-75-E-2,3,28,75,E,2,8,0.125
28-75-E-2,3,28,75,E,2,8,0.125
28-75-E-2,3,28,75,E,2,8,0.125
28-75-E-2,3,28,75,E,2,8,0.125
28-75-E-2,3,28,75,E,2,8,0.125
28-75-E-2,3,28,75,E,2,8,0.125
28-75-E-2,3,28,75,E,2,8,0.125
28-75-E-2,3,28,75,E,2,8,0.125
28-75-E-2,3,28,75,E,2,8,0.125
28-75-E-2,3,28,75,E,2,8,0.125
28-75-E-2,3,28,75,E,2,8,0.125
28-75-E-2,3,28,75,E,2,8,0.125
28-75-E-2,3,28,75,E,2,8,0.125
28-75-E-2,3,28,75,E,2,8,0.125
28-75-E-2,3,28,75,E,2,8,0.125
28-75-E-2,3,28,75,E,2,8,0.125
28-75-E-2,3,28,75,E,2,8,0.125
28-75-E-2,3,28,75,E,2,8,0.125
28-75-E-2,3,28,75,E,2,8,0.125
28-75-E-2,3,28,75,E,2,8,0.125
28-75-E-2,3,28,75,E,2,8,0.125
28-75-E-2,3,28,75,E,2,8,0.125
28-75-E-2,3,28,75,E,2,8,0.125
28-75-E-2,3,28,75,E,2,8,0.125
28-75-E-2,3,28,75,E,2,8,0.125
28-75-E-2,3,28,75,E,2,8,0.125
28-75-E-2,3,28,75,E,2,8,0.125
28-75-E-2,3,28,75,E,2,8,0.125
28-75-E-2,3,28,75,E,2,8,0.125
28-75-E-2,3,28,75,E,2,8,0.125
28-75-E-2,3,28,75,E,2,8,0.125
28-75-E-2,3,28,75,E,2,8,0.125
28-75-E-2,3,28,75,E,2,8,0.125
28-75-E-2,3,28,75,E,2,9,0.1111111111111111
28-75-E-2,3,28,75,E,2,9,0.1111111111111111
28-75-E-2,3,28,75,E,2,9,0.1111111111111111
28-75-E-2,3,28,75,E,2,9,0.1111111111111111
28-75-E-2,3,28,75,E,2,9,0.1111111111111111
28-75-E-2,3,28,75,E,2,9,0.1111111111111111
28-75-E-2,3,28,75,E,2,9,0.1111111111111111
28-75-E-2,3,28,75,E,2,9,0.1111111111111111
28-75-E-2,3,28,75,E,2,9,0.1111111111111111
28-75-E-2,3,28,75,E,2,9,0.1111111111111111
28-75-E-2,3,28,75,E,2,9,0.1111111111111111
28-75-E-2,3,28,75,E,2,9,0.1111111111111111
28-75-E-2,3,28,75,E,2,9,0.1111111111111111
28-75-E-2,3,28,75,E,2,9,0.1111111111111111
28-75-E-2,3,28,75,E,2,9,0.1111111111111111
28-75-E-2,3,28,75,E,2,9,0.1111111111111111
28-75-E-2,3,28,75,E,2,10,0.1
28-75-E-2,3,28,75,E,2,10,0.1
28-75-E-3,3,28,75,E,3,7,0.14285714285714285
28-75-E-3,3,28,75,E,3,7,0.14285714285714285
28-75-E-3,3,28,75,E,3,7,0.14285714285714285
28-75-E-3,3,28,75,E,3,8,0.125
28-75-E-3,3,28,75,E,3,8,0.125
28-75-E-3,3,28,75,E,3,8,0.125
28-75-E-3,3,28,75,E,3,8,0.125
28-75-E-3,3,28,75,E,3,8,0.125
28-75-E-3,3,28,75,E,3,8,0.125
28-75-E-3,3,28,75,E,3,8,0.125
28-75-E-3,3,28,75,E,3,8,0.125
28-75-E-3,3,28,75,E,3,8,0.125
28-75-E-3,3,28,75,E,3,8,0.125
28-75-E-3,3,28,75,E,3,8,0.125
28-75-E-3,3,28,75,E,3,8,0.125
28-75-E-3,3,28,75,E,3,8,0.125
28-75-E-3,3,28,75,E,3,8,0.125
28-75-E-3,3,28,75,E,3,8,0.125
28-75-E-3,3,28,75,E,3,8,0.125
28-75-E-3,3,28,75,E,3,8,0.125
28-75-E-3,3,28,75,E,3,8,0.125
28-75-E-3,3,28,75,E,3,8,0.125
28-75-E-3,3,28,75,E,3,8,0.125
28-75-E-3,3,28,75,E,3,8,0.125
28-75-E-3,3,28,75,E,3,8,0.125
28-75-E-3,3,28,75,E,3,8,0.125
28-75-E-3,3,28,75,E,3,8,0.125
28-75-E-3,3,28,75,E,3,8,0.125
28-75-E-3,3,28,75,E,3,8,0.125
28-75-E-3,3,28,75,E,3,8,0.125
28-75-E-3,3,28,75,E,3,8,0.125
28-75-E-3,3,28,75,E,3,8,0.125
28-75-E-3,3,28,75,E,3,8,0.125
28-75-E-3,3,28,75,E,3,8,0.125
28-75-E-3,3,28,75,E,3,8,0.125
28-75-E-3,3,28,75,E,3,8,0.125
28-75-E-3,3,28,75,E,3,8,0.125
28-75-E-3,3,28,75,E,3,8,0.125
28-75-E-3,3,28,75,E,3,8,0.125
28-75-E-3,3,28,75,E,3,8,0.125
28-75-E-3,3,28,75,E,3,8,0.125
28-75-E-3,3,28,75,E,3,8,0.125
28-75-E-3,3,28,75,E,3,8,0.125
28-75-E-3,3,28,75,E,3,8,0.125
28-75-E-3,3,28,75,E,3,8,0.125
28-75-E-3,3,28,75,E,3,8,0.125
28-75-E-3,3,28,75,E,3,8,0.125
28-75-E-3,3,28,75,E,3,8,0.125
28-75-E-3,3,28,75,E,3,8,0.125
28-75-E-3,3,28,75,E,3,8,0.125
28-75-E-3,3,28,75,E,3,8,0.125
28-75-E-3,3,28,75,E,3,8,0.125
28-75-E-3,3,28,75,E,3,8,0.125
28-75-E-3,3,28,75,E,3,8,0.125
28-75-E-3,3,28,75,E,3,8,0.125
28-75-E-3,3,28,75,E,3,9,0.1111111111111111
28-75-E-3,3,28,75,E,3,9,0.1111111111111111
28-75-E-3,3,28,75,E,3,9,0.1111111111111111
28-75-E-3,3,28,75,E,3,9,0.1111111111111111
28-75-E-3,3,28,75,E,3,9,0.1111111111111111
28-75-E-3,3,28,75,E,3,9,0.1111111111111111
28-75-E-3,3,28,75,E,3,9,0.1111111111111111
28-75-E-3,3,28,75,E,3,9,0.1111111111111111
28-75-E-3,3,28,75,E,3,9,0.1111111111111111
28-75-E-3,3,28,75,E,3,9,0.1111111111111111
28-75-E-3,3,28,75,E,3,9,0.1111111111111111
28-75-E-3,3,28,75,E,3,9,0.1111111111111111
28-75-E-3,3,28,75,E,3,9,0.1111111111111111
28-75-E-3,3,28,75,E,3,9,0.1111111111111111
28-75-E-3,3,28,75,E,3,9,0.1111111111111111
28-75-E-3,3,28,75,E,3,9,0.1111111111111111
28-75-E-3,3,28,75,E,3,9,0.1111111111111111
28-75-E-3,3,28,75,E,3,9,0.1111111111111111
28-75-E-3,3,28,75,E,3,10,0.1
28-75-E-3,3,28,75,E,3,10,0.1
24-75-C-1,3,24,75,C,1,11,0.09090909090909091
24-75-C-1,3,24,75,C,1,11,0.09090909090909091
24-75-C-1,3,24,75,C,1,11,0.09090909090909091
24-75-C-1,3,24,75,C,1,11,0.09090909090909091
24-75-C-1,3,24,75,C,1,11,0.09090909090909091
24-75-C-1,3,24,75,C,1,11,0.09090909090909091
24-75-C-1,3,24,75,C,1,12,0.08333333333333333
24-75-C-1,3,24,75,C,1,12,0.08333333333333333
24-75-C-1,3,24,75,C,1,12,0.08333333333333333
24-75-C-1,3,24,75,C,1,12,0.08333333333333333
24-75-C-1,3,24,75,C,1,12,0.08333333333333333
24-75-C-1,3,24,75,C,1,12,0.08333333333333333
24-75-C-1,3,24,75,C,1,12,0.08333333333333333
24-75-C-1,3,24,75,C,1,12,0.08333333333333333
24-75-C-1,3,24,75,C,1,12,0.08333333333333333
24-75-C-1,3,24,75,C,1,12,0.08333333333333333
24-75-C-1,3,24,75,C,1,12,0.08333333333333333
24-75-C-1,3,24,75,C,1,12,0.08333333333333333
24-75-C-1,3,24,75,C,1,12,0.08333333333333333
24-75-C-1,3,24,75,C,1,12,0.08333333333333333
24-75-C-1,3,24,75,C,1,12,0.08333333333333333
24-75-C-1,3,24,75,C,1,12,0.08333333333333333
24-75-C-1,3,24,75,C,1,12,0.08333333333333333
24-75-C-1,3,24,75,C,1,12,0.08333333333333333
24-75-C-1,3,24,75,C,1,12,0.08333333333333333
24-75-C-1,3,24,75,C,1,12,0.08333333333333333
24-75-C-1,3,24,75,C,1,12,0.08333333333333333
24-75-C-1,3,24,75,C,1,12,0.08333333333333333
24-75-C-1,3,24,75,C,1,12,0.08333333333333333
24-75-C-1,3,24,75,C,1,12,0.08333333333333333
24-75-C-1,3,24,75,C,1,12,0.08333333333333333
24-75-C-1,3,24,75,C,1,12,0.08333333333333333
24-75-C-1,3,24,75,C,1,12,0.08333333333333333
24-75-C-1,3,24,75,C,1,12,0.08333333333333333
24-75-C-1,3,24,75,C,1,12,0.08333333333333333
24-75-C-1,3,24,75,C,1,12,0.08333333333333333
24-75-C-1,3,24,75,C,1,12,0.08333333333333333
24-75-C-1,3,24,75,C,1,13,0.07692307692307693
24-75-C-1,3,24,75,C,1,13,0.07692307692307693
24-75-C-1,3,24,75,C,1,13,0.07692307692307693
24-75-C-1,3,24,75,C,1,13,0.07692307692307693
24-75-C-1,3,24,75,C,1,13,0.07692307692307693
24-75-C-1,3,24,75,C,1,13,0.07692307692307693
24-75-C-1,3,24,75,C,1,13,0.07692307692307693
24-75-C-1,3,24,75,C,1,13,0.07692307692307693
24-75-C-1,3,24,75,C,1,13,0.07692307692307693
24-75-C-1,3,24,75,C,1,13,0.07692307692307693
24-75-C-1,3,24,75,C,1,13,0.07692307692307693
24-75-C-1,3,24,75,C,1,13,0.07692307692307693
24-75-C-1,3,24,75,C,1,13,0.07692307692307693
24-75-C-1,3,24,75,C,1,13,0.07692307692307693
24-75-C-1,3,24,75,C,1,13,0.07692307692307693
24-75-C-1,3,24,75,C,1,13,0.07692307692307693
24-75-C-1,3,24,75,C,1,13,0.07692307692307693
24-75-C-1,3,24,75,C,1,14,0.07142857142857142
24-75-C-1,3,24,75,C,1,14,0.07142857142857142
24-75-C-1,3,24,75,C,1,14,0.07142857142857142
24-75-C-1,3,24,75,C,1,14,0.07142857142857142
24-75-C-1,3,24,75,C,1,14,0.07142857142857142
24-75-C-1,3,24,75,C,1,14,0.07142857142857142
24-75-C-1,3,24,75,C,1,14,0.07142857142857142
24-75-C-1,3,24,75,C,1,14,0.07142857142857142
24-75-C-1,3,24,75,C,1,14,0.07142857142857142
24-75-C-1,3,24,75,C,1,14,0.07142857142857142
24-75-C-1,3,24,75,C,1,14,0.07142857142857142
24-75-C-1,3,24,75,C,1,14,0.07142857142857142
24-75-C-1,3,24,75,C,1,14,0.07142857142857142
24-75-C-1,3,24,75,C,1,14,0.07142857142857142
24-75-C-1,3,24,75,C,1,14,0.07142857142857142
24-75-C-1,3,24,75,C,1,15,0.06666666666666667
24-75-C-1,3,24,75,C,1,15,0.06666666666666667
24-75-C-1,3,24,75,C,1,15,0.06666666666666667
24-75-C-1,3,24,75,C,1,15,0.06666666666666667
24-75-C-1,3,24,75,C,1,15,0.06666666666666667
24-75-C-1,3,24,75,C,1,15,0.06666666666666667
24-75-C-1,3,24,75,C,1,15,0.06666666666666667
24-75-C-1,3,24,75,C,1,15,0.06666666666666667
24-75-C-1,3,24,75,C,1,16,0.0625
24-75-C-1,3,24,75,C,1,16,0.0625
24-75-C-1,3,24,75,C,1,17,0.058823529411764705
24-75-C-1,3,24,75,C,1,18,0.05555555555555555
24-75-C-1,3,24,75,C,1,19,0.05263157894736842
24-75-C-1,3,24,75,C,1,19,0.05263157894736842
24-75-C-1,3,24,75,C,1,19,0.05263157894736842
24-75-C-2,3,24,75,C,2,11,0.09090909090909091
24-75-C-2,3,24,75,C,2,11,0.09090909090909091
24-75-C-2,3,24,75,C,2,11,0.09090909090909091
24-75-C-2,3,24,75,C,2,12,0.08333333333333333
24-75-C-2,3,24,75,C,2,12,0.08333333333333333
24-75-C-2,3,24,75,C,2,12,0.08333333333333333
24-75-C-2,3,24,75,C,2,12,0.08333333333333333
24-75-C-2,3,24,75,C,2,12,0.08333333333333333
24-75-C-2,3,24,75,C,2,12,0.08333333333333333
24-75-C-2,3,24,75,C,2,12,0.08333333333333333
24-75-C-2,3,24,75,C,2,12,0.08333333333333333
24-75-C-2,3,24,75,C,2,12,0.08333333333333333
24-75-C-2,3,24,75,C,2,12,0.08333333333333333
24-75-C-2,3,24,75,C,2,12,0.08333333333333333
24-75-C-2,3,24,75,C,2,12,0.08333333333333333
24-75-C-2,3,24,75,C,2,12,0.08333333333333333
24-75-C-2,3,24,75,C,2,12,0.08333333333333333
24-75-C-2,3,24,75,C,2,12,0.08333333333333333
24-75-C-2,3,24,75,C,2,12,0.08333333333333333
24-75-C-2,3,24,75,C,2,12,0.08333333333333333
24-75-C-2,3,24,75,C,2,12,0.08333333333333333
24-75-C-2,3,24,75,C,2,12,0.08333333333333333
24-75-C-2,3,24,75,C,2,12,0.08333333333333333
24-75-C-2,3,24,75,C,2,12,0.08333333333333333
24-75-C-2,3,24,75,C,2,12,0.08333333333333333
24-75-C-2,3,24,75,C,2,12,0.08333333333333333
24-75-C-2,3,24,75,C,2,13,0.07692307692307693
24-75-C-2,3,24,75,C,2,13,0.07692307692307693
24-75-C-2,3,24,75,C,2,13,0.07692307692307693
24-75-C-2,3,24,75,C,2,13,0.07692307692307693
24-75-C-2,3,24,75,C,2,13,0.07692307692307693
24-75-C-2,3,24,75,C,2,13,0.07692307692307693
24-75-C-2,3,24,75,C,2,13,0.07692307692307693
24-75-C-2,3,24,75,C,2,13,0.07692307692307693
24-75-C-2,3,24,75,C,2,13,0.07692307692307693
24-75-C-2,3,24,75,C,2,13,0.07692307692307693
24-75-C-2,3,24,75,C,2,13,0.07692307692307693
24-75-C-2,3,24,75,C,2,13,0.07692307692307693
24-75-C-2,3,24,75,C,2,13,0.07692307692307693
24-75-C-2,3,24,75,C,2,13,0.07692307692307693
24-75-C-2,3,24,75,C,2,13,0.07692307692307693
24-75-C-2,3,24,75,C,2,13,0.07692307692307693
24-75-C-2,3,24,75,C,2,13,0.07692307692307693
24-75-C-2,3,24,75,C,2,13,0.07692307692307693
24-75-C-2,3,24,75,C,2,13,0.07692307692307693
24-75-C-2,3,24,75,C,2,13,0.07692307692307693
24-75-C-2,3,24,75,C,2,13,0.07692307692307693
24-75-C-2,3,24,75,C,2,13,0.07692307692307693
24-75-C-2,3,24,75,C,2,14,0.07142857142857142
24-75-C-2,3,24,75,C,2,14,0.07142857142857142
24-75-C-2,3,24,75,C,2,14,0.07142857142857142
24-75-C-2,3,24,75,C,2,14,0.07142857142857142
24-75-C-2,3,24,75,C,2,14,0.07142857142857142
24-75-C-2,3,24,75,C,2,14,0.07142857142857142
24-75-C-2,3,24,75,C,2,15,0.06666666666666667
24-75-C-2,3,24,75,C,2,15,0.06666666666666667
24-75-C-2,3,24,75,C,2,16,0.0625
24-75-C-2,3,24,75,C,2,16,0.0625
24-75-C-2,3,24,75,C,2,16,0.0625
24-75-C-2,3,24,75,C,2,16,0.0625
24-75-C-2,3,24,75,C,2,17,0.058823529411764705
24-75-C-2,3,24,75,C,2,17,0.058823529411764705
24-75-C-2,3,24,75,C,2,17,0.058823529411764705
24-75-C-2,3,24,75,C,2,17,0.058823529411764705
24-75-C-2,3,24,75,C,2,18,0.05555555555555555
24-75-C-2,3,24,75,C,2,18,0.05555555555555555
24-75-C-2,3,24,75,C,2,18,0.05555555555555555
24-75-C-2,3,24,75,C,2,18,0.05555555555555555
24-75-C-2,3,24,75,C,2,19,0.05263157894736842
24-75-C-2,3,24,75,C,2,19,0.05263157894736842
24-75-C-2,3,24,75,C,2,19,0.05263157894736842
24-75-C-2,3,24,75,C,2,20,0.05
24-75-C-2,3,24,75,C,2,20,0.05
24-75-C-2,3,24,75,C,2,21,0.047619047619047616
24-75-C-2,3,24,75,C,2,21,0.047619047619047616
24-75-C-2,3,24,75,C,2,23,0.043478260869565216
24-75-C-2,3,24,75,C,2,23,0.043478260869565216
24-75-C-3,3,24,75,C,3,11,0.09090909090909091
24-75-C-3,3,24,75,C,3,11,0.09090909090909091
24-75-C-3,3,24,75,C,3,11,0.09090909090909091
24-75-C-3,3,24,75,C,3,11,0.09090909090909091
24-75-C-3,3,24,75,C,3,11,0.09090909090909091
24-75-C-3,3,24,75,C,3,11,0.09090909090909091
24-75-C-3,3,24,75,C,3,11,0.09090909090909091
24-75-C-3,3,24,75,C,3,11,0.09090909090909091
24-75-C-3,3,24,75,C,3,11,0.09090909090909091
24-75-C-3,3,24,75,C,3,11,0.09090909090909091
24-75-C-3,3,24,75,C,3,11,0.09090909090909091
24-75-C-3,3,24,75,C,3,12,0.08333333333333333
24-75-C-3,3,24,75,C,3,12,0.08333333333333333
24-75-C-3,3,24,75,C,3,12,0.08333333333333333
24-75-C-3,3,24,75,C,3,12,0.08333333333333333
24-75-C-3,3,24,75,C,3,12,0.08333333333333333
24-75-C-3,3,24,75,C,3,12,0.08333333333333333
24-75-C-3,3,24,75,C,3,12,0.08333333333333333
24-75-C-3,3,24,75,C,3,12,0.08333333333333333
24-75-C-3,3,24,75,C,3,12,0.08333333333333333
24-75-C-3,3,24,75,C,3,12,0.08333333333333333
24-75-C-3,3,24,75,C,3,12,0.08333333333333333
24-75-C-3,3,24,75,C,3,12,0.08333333333333333
24-75-C-3,3,24,75,C,3,12,0.08333333333333333
24-75-C-3,3,24,75,C,3,12,0.08333333333333333
24-75-C-3,3,24,75,C,3,12,0.08333333333333333
24-75-C-3,3,24,75,C,3,12,0.08333333333333333
24-75-C-3,3,24,75,C,3,12,0.08333333333333333
24-75-C-3,3,24,75,C,3,12,0.08333333333333333
24-75-C-3,3,24,75,C,3,12,0.08333333333333333
24-75-C-3,3,24,75,C,3,12,0.08333333333333333
24-75-C-3,3,24,75,C,3,12,0.08333333333333333
24-75-C-3,3,24,75,C,3,12,0.08333333333333333
24-75-C-3,3,24,75,C,3,12,0.08333333333333333
24-75-C-3,3,24,75,C,3,12,0.08333333333333333
24-75-C-3,3,24,75,C,3,12,0.08333333333333333
24-75-C-3,3,24,75,C,3,12,0.08333333333333333
24-75-C-3,3,24,75,C,3,12,0.08333333333333333
24-75-C-3,3,24,75,C,3,12,0.08333333333333333
24-75-C-3,3,24,75,C,3,12,0.08333333333333333
24-75-C-3,3,24,75,C,3,12,0.08333333333333333
24-75-C-3,3,24,75,C,3,12,0.08333333333333333
24-75-C-3,3,24,75,C,3,12,0.08333333333333333
24-75-C-3,3,24,75,C,3,12,0.08333333333333333
24-75-C-3,3,24,75,C,3,12,0.08333333333333333
24-75-C-3,3,24,75,C,3,12,0.08333333333333333
24-75-C-3,3,24,75,C,3,12,0.08333333333333333
24-75-C-3,3,24,75,C,3,12,0.08333333333333333
24-75-C-3,3,24,75,C,3,13,0.07692307692307693
24-75-C-3,3,24,75,C,3,13,0.07692307692307693
24-75-C-3,3,24,75,C,3,13,0.07692307692307693
24-75-C-3,3,24,75,C,3,14,0.07142857142857142
24-75-C-3,3,24,75,C,3,14,0.07142857142857142
24-75-C-3,3,24,75,C,3,14,0.07142857142857142
24-75-C-3,3,24,75,C,3,14,0.07142857142857142
24-75-C-3,3,24,75,C,3,17,0.058823529411764705
24-75-C-3,3,24,75,C,3,18,0.05555555555555555
24-75-E-1,3,24,75,E,1,11,0.09090909090909091
24-75-E-1,3,24,75,E,1,11,0.09090909090909091
24-75-E-1,3,24,75,E,1,11,0.09090909090909091
24-75-E-1,3,24,75,E,1,11,0.09090909090909091
24-75-E-1,3,24,75,E,1,11,0.09090909090909091
24-75-E-1,3,24,75,E,1,11,0.09090909090909091
24-75-E-1,3,24,75,E,1,11,0.09090909090909091
24-75-E-1,3,24,75,E,1,11,0.09090909090909091
24-75-E-1,3,24,75,E,1,11,0.09090909090909091
24-75-E-1,3,24,75,E,1,11,0.09090909090909091
24-75-E-1,3,24,75,E,1,11,0.09090909090909091
24-75-E-1,3,24,75,E,1,11,0.09090909090909091
24-75-E-1,3,24,75,E,1,11,0.09090909090909091
24-75-E-1,3,24,75,E,1,11,0.09090909090909091
24-75-E-1,3,24,75,E,1,11,0.09090909090909091
24-75-E-1,3,24,75,E,1,11,0.09090909090909091
24-75-E-1,3,24,75,E,1,11,0.09090909090909091
24-75-E-1,3,24,75,E,1,12,0.08333333333333333
24-75-E-1,3,24,75,E,1,12,0.08333333333333333
24-75-E-1,3,24,75,E,1,12,0.08333333333333333
24-75-E-1,3,24,75,E,1,12,0.08333333333333333
24-75-E-1,3,24,75,E,1,12,0.08333333333333333
24-75-E-1,3,24,75,E,1,12,0.08333333333333333
24-75-E-1,3,24,75,E,1,12,0.08333333333333333
24-75-E-1,3,24,75,E,1,12,0.08333333333333333
24-75-E-1,3,24,75,E,1,12,0.08333333333333333
24-75-E-1,3,24,75,E,1,12,0.08333333333333333
24-75-E-1,3,24,75,E,1,12,0.08333333333333333
24-75-E-1,3,24,75,E,1,12,0.08333333333333333
24-75-E-1,3,24,75,E,1,12,0.08333333333333333
24-75-E-1,3,24,75,E,1,12,0.08333333333333333
24-75-E-1,3,24,75,E,1,12,0.08333333333333333
24-75-E-1,3,24,75,E,1,12,0.08333333333333333
24-75-E-1,3,24,75,E,1,12,0.08333333333333333
24-75-E-1,3,24,75,E,1,12,0.08333333333333333
24-75-E-1,3,24,75,E,1,12,0.08333333333333333
24-75-E-1,3,24,75,E,1,12,0.08333333333333333
24-75-E-1,3,24,75,E,1,12,0.08333333333333333
24-75-E-1,3,24,75,E,1,12,0.08333333333333333
24-75-E-1,3,24,75,E,1,12,0.08333333333333333
24-75-E-1,3,24,75,E,1,12,0.08333333333333333
24-75-E-1,3,24,75,E,1,12,0.08333333333333333
24-75-E-1,3,24,75,E,1,12,0.08333333333333333
24-75-E-1,3,24,75,E,1,12,0.08333333333333333
24-75-E-1,3,24,75,E,1,12,0.08333333333333333
24-75-E-1,3,24,75,E,1,12,0.08333333333333333
24-75-E-1,3,24,75,E,1,12,0.08333333333333333
24-75-E-1,3,24,75,E,1,12,0.08333333333333333
24-75-E-1,3,24,75,E,1,12,0.08333333333333333
24-75-E-1,3,24,75,E,1,12,0.08333333333333333
24-75-E-1,3,24,75,E,1,12,0.08333333333333333
24-75-E-2,3,24,75,E,2,11,0.09090909090909091
24-75-E-2,3,24,75,E,2,11,0.09090909090909091
24-75-E-2,3,24,75,E,2,11,0.09090909090909091
24-75-E-2,3,24,75,E,2,11,0.09090909090909091
24-75-E-2,3,24,75,E,2,11,0.09090909090909091
24-75-E-2,3,24,75,E,2,11,0.09090909090909091
24-75-E-2,3,24,75,E,2,11,0.09090909090909091
24-75-E-2,3,24,75,E,2,11,0.09090909090909091
24-75-E-2,3,24,75,E,2,11,0.09090909090909091
24-75-E-2,3,24,75,E,2,11,0.09090909090909091
24-75-E-2,3,24,75,E,2,11,0.09090909090909091
24-75-E-2,3,24,75,E,2,11,0.09090909090909091
24-75-E-2,3,24,75,E,2,12,0.08333333333333333
24-75-E-2,3,24,75,E,2,12,0.08333333333333333
24-75-E-2,3,24,75,E,2,12,0.08333333333333333
24-75-E-2,3,24,75,E,2,12,0.08333333333333333
24-75-E-2,3,24,75,E,2,12,0.08333333333333333
24-75-E-3,3,24,75,E,3,11,0.09090909090909091
24-75-E-3,3,24,75,E,3,11,0.09090909090909091
24-75-E-3,3,24,75,E,3,11,0.09090909090909091
24-75-E-3,3,24,75,E,3,11,0.09090909090909091
24-75-E-3,3,24,75,E,3,11,0.09090909090909091
24-75-E-3,3,24,75,E,3,11,0.09090909090909091
24-75-E-3,3,24,75,E,3,11,0.09090909090909091
24-75-E-3,3,24,75,E,3,11,0.09090909090909091
24-75-E-3,3,24,75,E,3,11,0.09090909090909091
24-75-E-3,3,24,75,E,3,12,0.08333333333333333
24-75-E-3,3,24,75,E,3,12,0.08333333333333333
24-75-E-3,3,24,75,E,3,12,0.08333333333333333
24-75-E-3,3,24,75,E,3,12,0.08333333333333333
24-75-E-3,3,24,75,E,3,12,0.08333333333333333
24-75-E-3,3,24,75,E,3,12,0.08333333333333333
24-75-E-3,3,24,75,E,3,12,0.08333333333333333
24-75-E-3,3,24,75,E,3,12,0.08333333333333333
24-75-E-3,3,24,75,E,3,12,0.08333333333333333
24-75-E-3,3,24,75,E,3,12,0.08333333333333333
24-75-E-3,3,24,75,E,3,12,0.08333333333333333
24-75-E-3,3,24,75,E,3,12,0.08333333333333333
24-75-E-3,3,24,75,E,3,12,0.08333333333333333
24-75-E-3,3,24,75,E,3,12,0.08333333333333333
24-75-E-3,3,24,75,E,3,12,0.08333333333333333
24-75-E-3,3,24,75,E,3,12,0.08333333333333333
24-75-E-3,3,24,75,E,3,12,0.08333333333333333
24-75-E-3,3,24,75,E,3,12,0.08333333333333333
24-75-E-3,3,24,75,E,3,12,0.08333333333333333
24-75-E-3,3,24,75,E,3,12,0.08333333333333333
24-75-E-3,3,24,75,E,3,12,0.08333333333333333
24-75-E-3,3,24,75,E,3,12,0.08333333333333333
24-75-E-3,3,24,75,E,3,12,0.08333333333333333
24-75-E-3,3,24,75,E,3,12,0.08333333333333333
24-75-E-3,3,24,75,E,3,12,0.08333333333333333
24-75-E-3,3,24,75,E,3,12,0.08333333333333333
24-75-E-3,3,24,75,E,3,12,0.08333333333333333
24-75-E-3,3,24,75,E,3,12,0.08333333333333333
24-75-E-3,3,24,75,E,3,12,0.08333333333333333
24-75-E-3,3,24,75,E,3,12,0.08333333333333333
24-75-E-3,3,24,75,E,3,12,0.08333333333333333
24-75-E-3,3,24,75,E,3,12,0.08333333333333333
24-75-E-3,3,24,75,E,3,12,0.08333333333333333
24-75-E-3,3,24,75,E,3,12,0.08333333333333333
24-75-E-3,3,24,75,E,3,12,0.08333333333333333
24-75-E-3,3,24,75,E,3,12,0.08333333333333333
24-75-E-3,3,24,75,E,3,12,0.08333333333333333
24-75-E-3,3,24,75,E,3,12,0.08333333333333333
24-75-E-3,3,24,75,E,3,12,0.08333333333333333
24-75-E-3,3,24,75,E,3,12,0.08333333333333333
24-75-E-3,3,24,75,E,3,12,0.08333333333333333
24-75-E-3,3,24,75,E,3,12,0.08333333333333333
24-75-E-3,3,24,75,E,3,12,0.08333333333333333
24-75-E-3,3,24,75,E,3,12,0.08333333333333333
24-75-E-3,3,24,75,E,3,12,0.08333333333333333
24-75-E-3,3,24,75,E,3,12,0.08333333333333333
24-75-E-3,3,24,75,E,3,12,0.08333333333333333
24-75-E-3,3,24,75,E,3,12,0.08333333333333333
24-75-E-3,3,24,75,E,3,12,0.08333333333333333
24-75-E-3,3,24,75,E,3,12,0.08333333333333333
24-75-E-3,3,24,75,E,3,13,0.07692307692307693
24-75-E-3,3,24,75,E,3,13,0.07692307692307693
24-75-E-3,3,24,75,E,3,13,0.07692307692307693
24-75-E-3,3,24,75,E,3,13,0.07692307692307693
24-75-E-3,3,24,75,E,3,13,0.07692307692307693
24-75-E-3,3,24,75,E,3,13,0.07692307692307693
24-75-E-3,3,24,75,E,3,13,0.07692307692307693
24-75-E-3,3,24,75,E,3,13,0.07692307692307693
24-75-E-3,3,24,75,E,3,13,0.07692307692307693
24-75-E-3,3,24,75,E,3,13,0.07692307692307693
24-75-E-3,3,24,75,E,3,13,0.07692307692307693
24-75-E-3,3,24,75,E,3,13,0.07692307692307693
24-75-E-3,3,24,75,E,3,13,0.07692307692307693
20-45-C-1,3,20,45,C,1,20,0.05
20-45-C-1,3,20,45,C,1,20,0.05
20-45-C-1,3,20,45,C,1,21,0.047619047619047616
20-45-C-1,3,20,45,C,1,21,0.047619047619047616
20-45-C-1,3,20,45,C,1,21,0.047619047619047616
20-45-C-1,3,20,45,C,1,21,0.047619047619047616
20-45-C-1,3,20,45,C,1,21,0.047619047619047616
20-45-C-1,3,20,45,C,1,21,0.047619047619047616
20-45-C-1,3,20,45,C,1,21,0.047619047619047616
20-45-C-1,3,20,45,C,1,21,0.047619047619047616
20-45-C-1,3,20,45,C,1,21,0.047619047619047616
20-45-C-1,3,20,45,C,1,22,0.045454545454545456
20-45-C-1,3,20,45,C,1,22,0.045454545454545456
20-45-C-1,3,20,45,C,1,22,0.045454545454545456
20-45-C-1,3,20,45,C,1,22,0.045454545454545456
20-45-C-1,3,20,45,C,1,22,0.045454545454545456
20-45-C-1,3,20,45,C,1,22,0.045454545454545456
20-45-C-1,3,20,45,C,1,22,0.045454545454545456
20-45-C-1,3,20,45,C,1,22,0.045454545454545456
20-45-C-1,3,20,45,C,1,22,0.045454545454545456
20-45-C-1,3,20,45,C,1,22,0.045454545454545456
20-45-C-1,3,20,45,C,1,22,0.045454545454545456
20-45-C-1,3,20,45,C,1,22,0.045454545454545456
20-45-C-1,3,20,45,C,1,22,0.045454545454545456
20-45-C-1,3,20,45,C,1,22,0.045454545454545456
20-45-C-1,3,20,45,C,1,22,0.045454545454545456
20-45-C-1,3,20,45,C,1,22,0.045454545454545456
20-45-C-1,3,20,45,C,1,22,0.045454545454545456
20-45-C-1,3,20,45,C,1,22,0.045454545454545456
20-45-C-1,3,20,45,C,1,22,0.045454545454545456
20-45-C-1,3,20,45,C,1,23,0.043478260869565216
20-45-C-1,3,20,45,C,1,23,0.043478260869565216
20-45-C-1,3,20,45,C,1,23,0.043478260869565216
20-45-C-1,3,20,45,C,1,23,0.043478260869565216
20-45-C-1,3,20,45,C,1,23,0.043478260869565216
20-45-C-1,3,20,45,C,1,23,0.043478260869565216
20-45-C-1,3,20,45,C,1,24,0.041666666666666664
20-45-C-1,3,20,45,C,1,24,0.041666666666666664
20-45-C-1,3,20,45,C,1,24,0.041666666666666664
20-45-C-1,3,20,45,C,1,24,0.041666666666666664
20-45-C-1,3,20,45,C,1,24,0.041666666666666664
20-45-C-1,3,20,45,C,1,24,0.041666666666666664
20-45-C-1,3,20,45,C,1,24,0.041666666666666664
20-45-C-1,3,20,45,C,1,24,0.041666666666666664
20-45-C-1,3,20,45,C,1,25,0.04
20-45-C-1,3,20,45,C,1,25,0.04
20-45-C-1,3,20,45,C,1,25,0.04
20-45-C-1,3,20,45,C,1,25,0.04
20-45-C-1,3,20,45,C,1,25,0.04
20-45-C-1,3,20,45,C,1,25,0.04
20-45-C-1,3,20,45,C,1,25,0.04
20-45-C-1,3,20,45,C,1,25,0.04
20-45-C-1,3,20,45,C,1,25,0.04
20-45-C-1,3,20,45,C,1,25,0.04
20-45-C-1,3,20,45,C,1,25,0.04
20-45-C-1,3,20,45,C,1,26,0.038461538461538464
20-45-C-1,3,20,45,C,1,26,0.038461538461538464
20-45-C-1,3,20,45,C,1,26,0.038461538461538464
20-45-C-1,3,20,45,C,1,26,0.038461538461538464
20-45-C-1,3,20,45,C,1,26,0.038461538461538464
20-45-C-1,3,20,45,C,1,27,0.037037037037037035
20-45-C-1,3,20,45,C,1,27,0.037037037037037035
20-45-C-1,3,20,45,C,1,27,0.037037037037037035
20-45-C-1,3,20,45,C,1,28,0.03571428571428571
20-45-C-1,3,20,45,C,1,28,0.03571428571428571
20-45-C-1,3,20,45,C,1,29,0.034482758620689655
20-45-C-1,3,20,45,C,1,29,0.034482758620689655
20-45-C-2,3,20,45,C,2,21,0.047619047619047616
20-45-C-2,3,20,45,C,2,21,0.047619047619047616
20-45-C-2,3,20,45,C,2,22,0.045454545454545456
20-45-C-2,3,20,45,C,2,22,0.045454545454545456
20-45-C-2,3,20,45,C,2,22,0.045454545454545456
20-45-C-2,3,20,45,C,2,22,0.045454545454545456
20-45-C-2,3,20,45,C,2,22,0.045454545454545456
20-45-C-2,3,20,45,C,2,22,0.045454545454545456
20-45-C-2,3,20,45,C,2,22,0.045454545454545456
20-45-C-2,3,20,45,C,2,22,0.045454545454545456
20-45-C-2,3,20,45,C,2,23,0.043478260869565216
20-45-C-2,3,20,45,C,2,23,0.043478260869565216
20-45-C-2,3,20,45,C,2,23,0.043478260869565216
20-45-C-2,3,20,45,C,2,23,0.043478260869565216
20-45-C-2,3,20,45,C,2,23,0.043478260869565216
20-45-C-2,3,20,45,C,2,24,0.041666666666666664
20-45-C-2,3,20,45,C,2,24,0.041666666666666664
20-45-C-2,3,20,45,C,2,24,0.041666666666666664
20-45-C-2,3,20,45,C,2,24,0.041666666666666664
20-45-C-2,3,20,45,C,2,24,0.041666666666666664
20-45-C-2,3,20,45,C,2,24,0.041666666666666664
20-45-C-2,3,20,45,C,2,24,0.041666666666666664
20-45-C-2,3,20,45,C,2,25,0.04
20-45-C-2,3,20,45,C,2,25,0.04
20-45-C-2,3,20,45,C,2,25,0.04
20-45-C-2,3,20,45,C,2,25,0.04
20-45-C-2,3,20,45,C,2,25,0.04
20-45-C-2,3,20,45,C,2,25,0.04
20-45-C-2,3,20,45,C,2,25,0.04
20-45-C-2,3,20,45,C,2,26,0.038461538461538464
20-45-C-2,3,20,45,C,2,26,0.038461538461538464
20-45-C-2,3,20,45,C,2,26,0.038461538461538464
20-45-C-2,3,20,45,C,2,26,0.038461538461538464
20-45-C-2,3,20,45,C,2,26,0.038461538461538464
20-45-C-2,3,20,45,C,2,27,0.037037037037037035
20-45-C-2,3,20,45,C,2,27,0.037037037037037035
20-45-C-2,3,20,45,C,2,28,0.03571428571428571
20-45-C-2,3,20,45,C,2,28,0.03571428571428571
20-45-C-2,3,20,45,C,2,28,0.03571428571428571
20-45-C-2,3,20,45,C,2,28,0.03571428571428571
20-45-C-2,3,20,45,C,2,28,0.03571428571428571
20-45-C-2,3,20,45,C,2,29,0.034482758620689655
20-45-C-2,3,20,45,C,2,29,0.034482758620689655
20-45-C-2,3,20,45,C,2,30,0.03333333333333333
20-45-C-2,3,20,45,C,2,30,0.03333333333333333
20-45-C-2,3,20,45,C,2,31,0.03225806451612903
20-45-C-2,3,20,45,C,2,31,0.03225806451612903
20-45-C-2,3,20,45,C,2,31,0.03225806451612903
20-45-C-2,3,20,45,C,2,31,0.03225806451612903
20-45-C-2,3,20,45,C,2,31,0.03225806451612903
20-45-C-2,3,20,45,C,2,32,0.03125
20-45-C-2,3,20,45,C,2,32,0.03125
20-45-C-2,3,20,45,C,2,32,0.03125
20-45-C-2,3,20,45,C,2,32,0.03125
20-45-C-2,3,20,45,C,2,33,0.030303030303030304
20-45-C-2,3,20,45,C,2,33,0.030303030303030304
20-45-C-3,3,20,45,C,3,21,0.047619047619047616
20-45-C-3,3,20,45,C,3,21,0.047619047619047616
20-45-C-3,3,20,45,C,3,22,0.045454545454545456
20-45-C-3,3,20,45,C,3,22,0.045454545454545456
20-45-C-3,3,20,45,C,3,22,0.045454545454545456
20-45-C-3,3,20,45,C,3,22,0.045454545454545456
20-45-C-3,3,20,45,C,3,23,0.043478260869565216
20-45-C-3,3,20,45,C,3,23,0.043478260869565216
20-45-C-3,3,20,45,C,3,23,0.043478260869565216
20-45-C-3,3,20,45,C,3,23,0.043478260869565216
20-45-C-3,3,20,45,C,3,23,0.043478260869565216
20-45-C-3,3,20,45,C,3,24,0.041666666666666664
20-45-C-3,3,20,45,C,3,24,0.041666666666666664
20-45-C-3,3,20,45,C,3,24,0.041666666666666664
20-45-C-3,3,20,45,C,3,24,0.041666666666666664
20-45-C-3,3,20,45,C,3,24,0.041666666666666664
20-45-C-3,3,20,45,C,3,24,0.041666666666666664
20-45-C-3,3,20,45,C,3,24,0.041666666666666664
20-45-C-3,3,20,45,C,3,25,0.04
20-45-C-3,3,20,45,C,3,25,0.04
20-45-C-3,3,20,45,C,3,25,0.04
20-45-C-3,3,20,45,C,3,25,0.04
20-45-C-3,3,20,45,C,3,25,0.04
20-45-C-3,3,20,45,C,3,25,0.04
20-45-C-3,3,20,45,C,3,26,0.038461538461538464
20-45-C-3,3,20,45,C,3,26,0.038461538461538464
20-45-C-3,3,20,45,C,3,26,0.038461538461538464
20-45-C-3,3,20,45,C,3,26,0.038461538461538464
20-45-C-3,3,20,45,C,3,26,0.038461538461538464
20-45-C-3,3,20,45,C,3,26,0.038461538461538464
20-45-C-3,3,20,45,C,3,26,0.038461538461538464
20-45-C-3,3,20,45,C,3,27,0.037037037037037035
20-45-C-3,3,20,45,C,3,27,0.037037037037037035
20-45-C-3,3,20,45,C,3,27,0.037037037037037035
20-45-C-3,3,20,45,C,3,28,0.03571428571428571
20-45-C-3,3,20,45,C,3,28,0.03571428571428571
20-45-C-3,3,20,45,C,3,29,0.034482758620689655
20-45-C-3,3,20,45,C,3,30,0.03333333333333333
20-45-C-3,3,20,45,C,3,30,0.03333333333333333
20-45-C-3,3,20,45,C,3,30,0.03333333333333333
20-45-C-3,3,20,45,C,3,31,0.03225806451612903
20-45-C-3,3,20,45,C,3,31,0.03225806451612903
20-45-C-3,3,20,45,C,3,31,0.03225806451612903
20-45-C-3,3,20,45,C,3,32,0.03125
20-45-C-3,3,20,45,C,3,32,0.03125
20-45-C-3,3,20,45,C,3,34,0.029411764705882353
20-45-C-3,3,20,45,C,3,34,0.029411764705882353
20-45-C-3,3,20,45,C,3,35,0.02857142857142857
38-75-C-1,4,38,75,C,1,6,0.16666666666666666
38-75-C-1,4,38,75,C,1,6,0.16666666666666666
38-75-C-1,4,38,75,C,1,6,0.16666666666666666
38-75-C-1,4,38,75,C,1,6,0.16666666666666666
38-75-C-1,4,38,75,C,1,6,0.16666666666666666
38-75-C-1,4,38,75,C,1,6,0.16666666666666666
38-75-C-1,4,38,75,C,1,6,0.16666666666666666
38-75-C-1,4,38,75,C,1,6,0.16666666666666666
38-75-C-1,4,38,75,C,1,6,0.16666666666666666
38-75-C-1,4,38,75,C,1,6,0.16666666666666666
38-75-C-1,4,38,75,C,1,6,0.16666666666666666
38-75-C-1,4,38,75,C,1,6,0.16666666666666666
38-75-C-1,4,38,75,C,1,6,0.16666666666666666
38-75-C-1,4,38,75,C,1,6,0.16666666666666666
38-75-C-1,4,38,75,C,1,6,0.16666666666666666
38-75-C-1,4,38,75,C,1,6,0.16666666666666666
38-75-C-1,4,38,75,C,1,6,0.16666666666666666
38-75-C-1,4,38,75,C,1,6,0.16666666666666666
38-75-C-1,4,38,75,C,1,6,0.16666666666666666
38-75-C-1,4,38,75,C,1,6,0.16666666666666666
38-75-C-1,4,38,75,C,1,6,0.16666666666666666
38-75-C-1,4,38,75,C,1,6,0.16666666666666666
38-75-C-1,4,38,75,C,1,7,0.14285714285714285
38-75-C-1,4,38,75,C,1,7,0.14285714285714285
38-75-C-1,4,38,75,C,1,7,0.14285714285714285
38-75-C-1,4,38,75,C,1,7,0.14285714285714285
38-75-C-1,4,38,75,C,1,7,0.14285714285714285
38-75-C-1,4,38,75,C,1,7,0.14285714285714285
38-75-C-1,4,38,75,C,1,7,0.14285714285714285
38-75-C-1,4,38,75,C,1,7,0.14285714285714285
38-75-C-1,4,38,75,C,1,7,0.14285714285714285
38-75-C-1,4,38,75,C,1,7,0.14285714285714285
38-75-C-1,4,38,75,C,1,7,0.14285714285714285
38-75-C-1,4,38,75,C,1,7,0.14285714285714285
38-75-C-1,4,38,75,C,1,7,0.14285714285714285
38-75-C-1,4,38,75,C,1,7,0.14285714285714285
38-75-C-1,4,38,75,C,1,7,0.14285714285714285
38-75-C-1,4,38,75,C,1,7,0.14285714285714285
38-75-C-1,4,38,75,C,1,7,0.14285714285714285
38-75-C-1,4,38,75,C,1,7,0.14285714285714285
38-75-C-1,4,38,75,C,1,7,0.14285714285714285
38-75-C-1,4,38,75,C,1,7,0.14285714285714285
38-75-C-1,4,38,75,C,1,7,0.14285714285714285
38-75-C-1,4,38,75,C,1,7,0.14285714285714285
38-75-C-1,4,38,75,C,1,7,0.14285714285714285
38-75-C-1,4,38,75,C,1,7,0.14285714285714285
38-75-C-1,4,38,75,C,1,8,0.125
38-75-C-1,4,38,75,C,1,8,0.125
38-75-C-1,4,38,75,C,1,8,0.125
38-75-C-1,4,38,75,C,1,8,0.125
38-75-C-1,4,38,75,C,1,8,0.125
38-75-C-1,4,38,75,C,1,8,0.125
38-75-C-1,4,38,75,C,1,8,0.125
38-75-C-1,4,38,75,C,1,8,0.125
38-75-C-1,4,38,75,C,1,8,0.125
38-75-C-1,4,38,75,C,1,8,0.125
38-75-C-1,4,38,75,C,1,8,0.125
38-75-C-1,4,38,75,C,1,8,0.125
38-75-C-1,4,38,75,C,1,8,0.125
38-75-C-1,4,38,75,C,1,12,0.08333333333333333
38-75-C-2,4,38,75,C,2,6,0.16666666666666666
38-75-C-2,4,38,75,C,2,6,0.16666666666666666
38-75-C-2,4,38,75,C,2,6,0.16666666666666666
38-75-C-2,4,38,75,C,2,6,0.16666666666666666
38-75-C-2,4,38,75,C,2,6,0.16666666666666666
38-75-C-2,4,38,75,C,2,6,0.16666666666666666
38-75-C-2,4,38,75,C,2,6,0.16666666666666666
38-75-C-2,4,38,75,C,2,6,0.16666666666666666
38-75-C-2,4,38,75,C,2,6,0.16666666666666666
38-75-C-2,4,38,75,C,2,6,0.16666666666666666
38-75-C-2,4,38,75,C,2,6,0.16666666666666666
38-75-C-2,4,38,75,C,2,6,0.16666666666666666
38-75-C-2,4,38,75,C,2,6,0.16666666666666666
38-75-C-2,4,38,75,C,2,6,0.16666666666666666
38-75-C-2,4,38,75,C,2,6,0.16666666666666666
38-75-C-2,4,38,75,C,2,6,0.16666666666666666
38-75-C-2,4,38,75,C,2,6,0.16666666666666666
38-75-C-2,4,38,75,C,2,6,0.16666666666666666
38-75-C-2,4,38,75,C,2,6,0.16666666666666666
38-75-C-2,4,38,75,C,2,6,0.16666666666666666
38-75-C-2,4,38,75,C,2,6,0.16666666666666666
38-75-C-2,4,38,75,C,2,6,0.16666666666666666
38-75-C-2,4,38,75,C,2,7,0.14285714285714285
38-75-C-2,4,38,75,C,2,7,0.14285714285714285
38-75-C-2,4,38,75,C,2,7,0.14285714285714285
38-75-C-2,4,38,75,C,2,7,0.14285714285714285
38-75-C-2,4,38,75,C,2,7,0.14285714285714285
38-75-C-2,4,38,75,C,2,7,0.14285714285714285
38-75-C-2,4,38,75,C,2,7,0.14285714285714285
38-75-C-2,4,38,75,C,2,7,0.14285714285714285
38-75-C-2,4,38,75,C,2,7,0.14285714285714285
38-75-C-2,4,38,75,C,2,7,0.14285714285714285
38-75-C-2,4,38,75,C,2,7,0.14285714285714285
38-75-C-2,4,38,75,C,2,7,0.14285714285714285
38-75-C-2,4,38,75,C,2,7,0.14285714285714285
38-75-C-2,4,38,75,C,2,7,0.14285714285714285
38-75-C-2,4,38,75,C,2,7,0.14285714285714285
38-75-C-2,4,38,75,C,2,7,0.14285714285714285
38-75-C-2,4,38,75,C,2,7,0.14285714285714285
38-75-C-2,4,38,75,C,2,7,0.14285714285714285
38-75-C-2,4,38,75,C,2,7,0.14285714285714285
38-75-C-2,4,38,75,C,2,7,0.14285714285714285
38-75-C-2,4,38,75,C,2,7,0.14285714285714285
38-75-C-2,4,38,75,C,2,7,0.14285714285714285
38-75-C-2,4,38,75,C,2,7,0.14285714285714285
38-75-C-2,4,38,75,C,2,7,0.14285714285714285
38-75-C-2,4,38,75,C,2,7,0.14285714285714285
38-75-C-2,4,38,75,C,2,7,0.14285714285714285
38-75-C-2,4,38,75,C,2,7,0.14285714285714285
38-75-C-2,4,38,75,C,2,7,0.14285714285714285
38-75-C-2,4,38,75,C,2,7,0.14285714285714285
38-75-C-2,4,38,75,C,2,8,0.125
38-75-C-2,4,38,75,C,2,8,0.125
38-75-C-2,4,38,75,C,2,8,0.125
38-75-C-2,4,38,75,C,2,8,0.125
38-75-C-2,4,38,75,C,2,8,0.125
38-75-C-2,4,38,75,C,2,8,0.125
38-75-C-2,4,38,75,C,2,8,0.125
38-75-C-2,4,38,75,C,2,8,0.125
38-75-C-2,4,38,75,C,2,8,0.125
38-75-C-2,4,38,75,C,2,10,0.1
38-75-C-2,4,38,75,C,2,11,0.09090909090909091
38-75-C-2,4,38,75,C,2,11,0.09090909090909091
38-75-C-2,4,38,75,C,2,11,0.09090909090909091
38-75-C-2,4,38,75,C,2,11,0.09090909090909091
38-75-C-3,4,38,75,C,3,6,0.16666666666666666
38-75-C-3,4,38,75,C,3,6,0.16666666666666666
38-75-C-3,4,38,75,C,3,6,0.16666666666666666
38-75-C-3,4,38,75,C,3,6,0.16666666666666666
38-75-C-3,4,38,75,C,3,7,0.14285714285714285
38-75-C-3,4,38,75,C,3,7,0.14285714285714285
38-75-C-3,4,38,75,C,3,7,0.14285714285714285
38-75-C-3,4,38,75,C,3,7,0.14285714285714285
38-75-C-3,4,38,75,C,3,7,0.14285714285714285
38-75-C-3,4,38,75,C,3,7,0.14285714285714285
38-75-C-3,4,38,75,C,3,7,0.14285714285714285
38-75-C-3,4,38,75,C,3,7,0.14285714285714285
38-75-C-3,4,38,75,C,3,7,0.14285714285714285
38-75-C-3,4,38,75,C,3,7,0.14285714285714285
38-75-C-3,4,38,75,C,3,7,0.14285714285714285
38-75-C-3,4,38,75,C,3,7,0.14285714285714285
38-75-C-3,4,38,75,C,3,7,0.14285714285714285
38-75-C-3,4,38,75,C,3,7,0.14285714285714285
38-75-C-3,4,38,75,C,3,7,0.14285714285714285
38-75-C-3,4,38,75,C,3,8,0.125
38-75-C-3,4,38,75,C,3,8,0.125
38-75-C-3,4,38,75,C,3,8,0.125
38-75-C-3,4,38,75,C,3,10,0.1
38-75-C-3,4,38,75,C,3,11,0.09090909090909091
38-75-E-1,4,38,75,E,1,6,0.16666666666666666
38-75-E-1,4,38,75,E,1,6,0.16666666666666666
38-75-E-1,4,38,75,E,1,6,0.16666666666666666
38-75-E-1,4,38,75,E,1,6,0.16666666666666666
38-75-E-1,4,38,75,E,1,6,0.16666666666666666
38-75-E-1,4,38,75,E,1,6,0.16666666666666666
38-75-E-1,4,38,75,E,1,6,0.16666666666666666
38-75-E-1,4,38,75,E,1,6,0.16666666666666666
38-75-E-1,4,38,75,E,1,6,0.16666666666666666
38-75-E-1,4,38,75,E,1,6,0.16666666666666666
38-75-E-1,4,38,75,E,1,6,0.16666666666666666
38-75-E-1,4,38,75,E,1,6,0.16666666666666666
38-75-E-1,4,38,75,E,1,6,0.16666666666666666
38-75-E-1,4,38,75,E,1,6,0.16666666666666666
38-75-E-1,4,38,75,E,1,7,0.14285714285714285
38-75-E-1,4,38,75,E,1,7,0.14285714285714285
38-75-E-1,4,38,75,E,1,7,0.14285714285714285
38-75-E-1,4,38,75,E,1,7,0.14285714285714285
38-75-E-1,4,38,75,E,1,7,0.14285714285714285
38-75-E-1,4,38,75,E,1,7,0.14285714285714285
38-75-E-1,4,38,75,E,1,7,0.14285714285714285
38-75-E-1,4,38,75,E,1,7,0.14285714285714285
38-75-E-1,4,38,75,E,1,7,0.14285714285714285
38-75-E-1,4,38,75,E,1,7,0.14285714285714285
38-75-E-1,4,38,75,E,1,7,0.14285714285714285
38-75-E-1,4,38,75,E,1,7,0.14285714285714285
38-75-E-1,4,38,75,E,1,7,0.14285714285714285
38-75-E-1,4,38,75,E,1,7,0.14285714285714285
38-75-E-1,4,38,75,E,1,7,0.14285714285714285
38-75-E-1,4,38,75,E,1,7,0.14285714285714285
38-75-E-1,4,38,75,E,1,7,0.14285714285714285
38-75-E-1,4,38,75,E,1,8,0.125
38-75-E-1,4,38,75,E,1,8,0.125
38-75-E-2,4,38,75,E,2,6,0.16666666666666666
38-75-E-2,4,38,75,E,2,6,0.16666666666666666
38-75-E-2,4,38,75,E,2,6,0.16666666666666666
38-75-E-2,4,38,75,E,2,6,0.16666666666666666
38-75-E-2,4,38,75,E,2,6,0.16666666666666666
38-75-E-2,4,38,75,E,2,6,0.16666666666666666
38-75-E-2,4,38,75,E,2,6,0.16666666666666666
38-75-E-2,4,38,75,E,2,6,0.16666666666666666
38-75-E-2,4,38,75,E,2,6,0.16666666666666666
38-75-E-2,4,38,75,E,2,6,0.16666666666666666
38-75-E-2,4,38,75,E,2,6,0.16666666666666666
38-75-E-2,4,38,75,E,2,6,0.16666666666666666
38-75-E-2,4,38,75,E,2,6,0.16666666666666666
38-75-E-2,4,38,75,E,2,6,0.16666666666666666
38-75-E-2,4,38,75,E,2,6,0.16666666666666666
38-75-E-2,4,38,75,E,2,6,0.16666666666666666
38-75-E-2,4,38,75,E,2,6,0.16666666666666666
38-75-E-2,4,38,75,E,2,6,0.16666666666666666
38-75-E-2,4,38,75,E,2,6,0.16666666666666666
38-75-E-2,4,38,75,E,2,6,0.16666666666666666
38-75-E-2,4,38,75,E,2,6,0.16666666666666666
38-75-E-2,4,38,75,E,2,6,0.16666666666666666
38-75-E-2,4,38,75,E,2,6,0.16666666666666666
38-75-E-2,4,38,75,E,2,6,0.16666666666666666
38-75-E-2,4,38,75,E,2,6,0.16666666666666666
38-75-E-2,4,38,75,E,2,6,0.16666666666666666
38-75-E-2,4,38,75,E,2,6,0.16666666666666666
38-75-E-2,4,38,75,E,2,6,0.16666666666666666
38-75-E-2,4,38,75,E,2,6,0.16666666666666666
38-75-E-2,4,38,75,E,2,6,0.16666666666666666
38-75-E-2,4,38,75,E,2,6,0.16666666666666666
38-75-E-2,4,38,75,E,2,6,0.16666666666666666
38-75-E-2,4,38,75,E,2,7,0.14285714285714285
38-75-E-2,4,38,75,E,2,7,0.14285714285714285
38-75-E-2,4,38,75,E,2,7,0.14285714285714285
38-75-E-2,4,38,75,E,2,7,0.14285714285714285
38-75-E-2,4,38,75,E,2,7,0.14285714285714285
38-75-E-2,4,38,75,E,2,7,0.14285714285714285
38-75-E-2,4,38,75,E,2,7,0.14285714285714285
38-75-E-2,4,38,75,E,2,7,0.14285714285714285
38-75-E-2,4,38,75,E,2,7,0.14285714285714285
38-75-E-2,4,38,75,E,2,7,0.14285714285714285
38-75-E-2,4,38,75,E,2,7,0.14285714285714285
38-75-E-2,4,38,75,E,2,7,0.14285714285714285
38-75-E-2,4,38,75,E,2,7,0.14285714285714285
38-75-E-2,4,38,75,E,2,7,0.14285714285714285
38-75-E-2,4,38,75,E,2,7,0.14285714285714285
38-75-E-2,4,38,75,E,2,8,0.125
38-75-E-2,4,38,75,E,2,8,0.125
38-75-E-3,4,38,75,E,3,6,0.16666666666666666
38-75-E-3,4,38,75,E,3,6,0.16666666666666666
38-75-E-3,4,38,75,E,3,6,0.16666666666666666
38-75-E-3,4,38,75,E,3,6,0.16666666666666666
38-75-E-3,4,38,75,E,3,6,0.16666666666666666
38-75-E-3,4,38,75,E,3,6,0.16666666666666666
38-75-E-3,4,38,75,E,3,6,0.16666666666666666
38-75-E-3,4,38,75,E,3,6,0.16666666666666666
38-75-E-3,4,38,75,E,3,6,0.16666666666666666
38-75-E-3,4,38,75,E,3,6,0.16666666666666666
38-75-E-3,4,38,75,E,3,6,0.16666666666666666
38-75-E-3,4,38,75,E,3,6,0.16666666666666666
38-75-E-3,4,38,75,E,3,6,0.16666666666666666
38-75-E-3,4,38,75,E,3,6,0.16666666666666666
38-75-E-3,4,38,75,E,3,6,0.16666666666666666
38-75-E-3,4,38,75,E,3,6,0.16666666666666666
38-75-E-3,4,38,75,E,3,6,0.16666666666666666
38-75-E-3,4,38,75,E,3,6,0.16666666666666666
38-75-E-3,4,38,75,E,3,6,0.16666666666666666
38-75-E-3,4,38,75,E,3,6,0.16666666666666666
38-75-E-3,4,38,75,E,3,6,0.16666666666666666
38-75-E-3,4,38,75,E,3,6,0.16666666666666666
38-75-E-3,4,38,75,E,3,6,0.16666666666666666
38-75-E-3,4,38,75,E,3,6,0.16666666666666666
38-75-E-3,4,38,75,E,3,6,0.16666666666666666
38-75-E-3,4,38,75,E,3,6,0.16666666666666666
38-75-E-3,4,38,75,E,3,6,0.16666666666666666
38-75-E-3,4,38,75,E,3,6,0.16666666666666666
38-75-E-3,4,38,75,E,3,6,0.16666666666666666
38-75-E-3,4,38,75,E,3,6,0.16666666666666666
38-75-E-3,4,38,75,E,3,6,0.16666666666666666
38-75-E-3,4,38,75,E,3,7,0.14285714285714285
38-75-E-3,4,38,75,E,3,7,0.14285714285714285
38-75-E-3,4,38,75,E,3,7,0.14285714285714285
38-75-E-3,4,38,75,E,3,7,0.14285714285714285
38-75-E-3,4,38,75,E,3,7,0.14285714285714285
38-75-E-3,4,38,75,E,3,7,0.14285714285714285
38-75-E-3,4,38,75,E,3,7,0.14285714285714285
38-75-E-3,4,38,75,E,3,7,0.14285714285714285
38-75-E-3,4,38,75,E,3,7,0.14285714285714285
38-75-E-3,4,38,75,E,3,7,0.14285714285714285
38-75-E-3,4,38,75,E,3,7,0.14285714285714285
38-75-E-3,4,38,75,E,3,7,0.14285714285714285
38-75-E-3,4,38,75,E,3,7,0.14285714285714285
38-75-E-3,4,38,75,E,3,7,0.14285714285714285
38-75-E-3,4,38,75,E,3,7,0.14285714285714285
38-75-E-3,4,38,75,E,3,7,0.14285714285714285
38-75-E-3,4,38,75,E,3,8,0.125
35-90-C-1,4,35,90,C,1,6,0.16666666666666666
35-90-C-1,4,35,90,C,1,6,0.16666666666666666
35-90-C-1,4,35,90,C,1,6,0.16666666666666666
35-90-C-1,4,35,90,C,1,6,0.16666666666666666
35-90-C-1,4,35,90,C,1,6,0.16666666666666666
35-90-C-1,4,35,90,C,1,6,0.16666666666666666
35-90-C-1,4,35,90,C,1,6,0.16666666666666666
35-90-C-1,4,35,90,C,1,6,0.16666666666666666
35-90-C-1,4,35,90,C,1,6,0.16666666666666666
35-90-C-1,4,35,90,C,1,6,0.16666666666666666
35-90-C-1,4,35,90,C,1,6,0.16666666666666666
35-90-C-1,4,35,90,C,1,6,0.16666666666666666
35-90-C-1,4,35,90,C,1,6,0.16666666666666666
35-90-C-1,4,35,90,C,1,6,0.16666666666666666
35-90-C-1,4,35,90,C,1,6,0.16666666666666666
35-90-C-1,4,35,90,C,1,6,0.16666666666666666
35-90-C-1,4,35,90,C,1,6,0.16666666666666666
35-90-C-1,4,35,90,C,1,6,0.16666666666666666
35-90-C-1,4,35,90,C,1,6,0.16666666666666666
35-90-C-1,4,35,90,C,1,6,0.16666666666666666
35-90-C-1,4,35,90,C,1,6,0.16666666666666666
35-90-C-1,4,35,90,C,1,6,0.16666666666666666
35-90-C-1,4,35,90,C,1,7,0.14285714285714285
35-90-C-1,4,35,90,C,1,7,0.14285714285714285
35-90-C-1,4,35,90,C,1,7,0.14285714285714285
35-90-C-1,4,35,90,C,1,7,0.14285714285714285
35-90-C-1,4,35,90,C,1,7,0.14285714285714285
35-90-C-1,4,35,90,C,1,7,0.14285714285714285
35-90-C-1,4,35,90,C,1,7,0.14285714285714285
35-90-C-1,4,35,90,C,1,7,0.14285714285714285
35-90-C-1,4,35,90,C,1,7,0.14285714285714285
35-90-C-1,4,35,90,C,1,7,0.14285714285714285
35-90-C-1,4,35,90,C,1,7,0.14285714285714285
35-90-C-1,4,35,90,C,1,7,0.14285714285714285
35-90-C-1,4,35,90,C,1,7,0.14285714285714285
35-90-C-1,4,35,90,C,1,7,0.14285714285714285
35-90-C-1,4,35,90,C,1,7,0.14285714285714285
35-90-C-1,4,35,90,C,1,7,0.14285714285714285
35-90-C-1,4,35,90,C,1,7,0.14285714285714285
35-90-C-1,4,35,90,C,1,7,0.14285714285714285
35-90-C-1,4,35,90,C,1,7,0.14285714285714285
35-90-C-1,4,35,90,C,1,7,0.14285714285714285
35-90-C-1,4,35,90,C,1,7,0.14285714285714285
35-90-C-1,4,35,90,C,1,7,0.14285714285714285
35-90-C-1,4,35,90,C,1,7,0.14285714285714285
35-90-C-1,4,35,90,C,1,7,0.14285714285714285
35-90-C-1,4,35,90,C,1,7,0.14285714285714285
35-90-C-1,4,35,90,C,1,8,0.125
35-90-C-1,4,35,90,C,1,8,0.125
35-90-C-1,4,35,90,C,1,8,0.125
35-90-C-1,4,35,90,C,1,8,0.125
35-90-C-1,4,35,90,C,1,8,0.125
35-90-C-1,4,35,90,C,1,8,0.125
35-90-C-1,4,35,90,C,1,8,0.125
35-90-C-1,4,35,90,C,1,8,0.125
35-90-C-1,4,35,90,C,1,8,0.125
35-90-C-1,4,35,90,C,1,8,0.125
35-90-C-1,4,35,90,C,1,8,0.125
35-90-C-1,4,35,90,C,1,8,0.125
35-90-C-1,4,35,90,C,1,8,0.125
35-90-C-1,4,35,90,C,1,8,0.125
35-90-C-1,4,35,90,C,1,8,0.125
35-90-C-1,4,35,90,C,1,9,0.1111111111111111
35-90-C-1,4,35,90,C,1,11,0.09090909090909091
35-90-C-1,4,35,90,C,1,15,0.06666666666666667
35-90-C-1,4,35,90,C,1,15,0.06666666666666667
35-90-C-2,4,35,90,C,2,6,0.16666666666666666
35-90-C-2,4,35,90,C,2,6,0.16666666666666666
35-90-C-2,4,35,90,C,2,6,0.16666666666666666
35-90-C-2,4,35,90,C,2,6,0.16666666666666666
35-90-C-2,4,35,90,C,2,6,0.16666666666666666
35-90-C-2,4,35,90,C,2,6,0.16666666666666666
35-90-C-2,4,35,90,C,2,6,0.16666666666666666
35-90-C-2,4,35,90,C,2,6,0.16666666666666666
35-90-C-2,4,35,90,C,2,6,0.16666666666666666
35-90-C-2,4,35,90,C,2,6,0.16666666666666666
35-90-C-2,4,35,90,C,2,6,0.16666666666666666
35-90-C-2,4,35,90,C,2,6,0.16666666666666666
35-90-C-2,4,35,90,C,2,6,0.16666666666666666
35-90-C-2,4,35,90,C,2,6,0.16666666666666666
35-90-C-2,4,35,90,C,2,6,0.16666666666666666
35-90-C-2,4,35,90,C,2,6,0.16666666666666666
35-90-C-2,4,35,90,C,2,6,0.16666666666666666
35-90-C-2,4,35,90,C,2,6,0.16666666666666666
35-90-C-2,4,35,90,C,2,6,0.16666666666666666
35-90-C-2,4,35,90,C,2,6,0.16666666666666666
35-90-C-2,4,35,90,C,2,6,0.16666666666666666
35-90-C-2,4,35,90,C,2,6,0.16666666666666666
35-90-C-2,4,35,90,C,2,6,0.16666666666666666
35-90-C-2,4,35,90,C,2,6,0.16666666666666666
35-90-C-2,4,35,90,C,2,6,0.16666666666666666
35-90-C-2,4,35,90,C,2,6,0.16666666666666666
35-90-C-2,4,35,90,C,2,6,0.16666666666666666
35-90-C-2,4,35,90,C,2,6,0.16666666666666666
35-90-C-2,4,35,90,C,2,6,0.16666666666666666
35-90-C-2,4,35,90,C,2,6,0.16666666666666666
35-90-C-2,4,35,90,C,2,6,0.16666666666666666
35-90-C-2,4,35,90,C,2,6,0.16666666666666666
35-90-C-2,4,35,90,C,2,6,0.16666666666666666
35-90-C-2,4,35,90,C,2,6,0.16666666666666666
35-90-C-2,4,35,90,C,2,6,0.16666666666666666
35-90-C-2,4,35,90,C,2,6,0.16666666666666666
35-90-C-2,4,35,90,C,2,6,0.16666666666666666
35-90-C-2,4,35,90,C,2,7,0.14285714285714285
35-90-C-2,4,35,90,C,2,7,0.14285714285714285
35-90-C-2,4,35,90,C,2,7,0.14285714285714285
35-90-C-2,4,35,90,C,2,7,0.14285714285714285
35-90-C-2,4,35,90,C,2,7,0.14285714285714285
35-90-C-2,4,35,90,C,2,7,0.14285714285714285
35-90-C-2,4,35,90,C,2,7,0.14285714285714285
35-90-C-2,4,35,90,C,2,7,0.14285714285714285
35-90-C-2,4,35,90,C,2,7,0.14285714285714285
35-90-C-2,4,35,90,C,2,7,0.14285714285714285
35-90-C-2,4,35,90,C,2,7,0.14285714285714285
35-90-C-2,4,35,90,C,2,7,0.14285714285714285
35-90-C-2,4,35,90,C,2,7,0.14285714285714285
35-90-C-2,4,35,90,C,2,7,0.14285714285714285
35-90-C-2,4,35,90,C,2,7,0.14285714285714285
35-90-C-2,4,35,90,C,2,7,0.14285714285714285
35-90-C-2,4,35,90,C,2,7,0.14285714285714285
35-90-C-2,4,35,90,C,2,7,0.14285714285714285
35-90-C-2,4,35,90,C,2,7,0.14285714285714285
35-90-C-2,4,35,90,C,2,7,0.14285714285714285
35-90-C-2,4,35,90,C,2,7,0.14285714285714285
35-90-C-2,4,35,90,C,2,7,0.14285714285714285
35-90-C-2,4,35,90,C,2,7,0.14285714285714285
35-90-C-2,4,35,90,C,2,8,0.125
35-90-C-2,4,35,90,C,2,8,0.125
35-90-C-2,4,35,90,C,2,8,0.125
35-90-C-2,4,35,90,C,2,8,0.125
35-90-C-2,4,35,90,C,2,8,0.125
35-90-C-2,4,35,90,C,2,8,0.125
35-90-C-2,4,35,90,C,2,8,0.125
35-90-C-2,4,35,90,C,2,8,0.125
35-90-C-2,4,35,90,C,2,8,0.125
35-90-C-2,4,35,90,C,2,8,0.125
35-90-C-2,4,35,90,C,2,9,0.1111111111111111
35-90-C-2,4,35,90,C,2,9,0.1111111111111111
35-90-C-2,4,35,90,C,2,10,0.1
35-90-C-2,4,35,90,C,2,11,0.09090909090909091
35-90-C-2,4,35,90,C,2,11,0.09090909090909091
35-90-C-2,4,35,90,C,2,11,0.09090909090909091
35-90-C-2,4,35,90,C,2,11,0.09090909090909091
35-90-C-2,4,35,90,C,2,11,0.09090909090909091
35-90-C-2,4,35,90,C,2,11,0.09090909090909091
35-90-C-2,4,35,90,C,2,11,0.09090909090909091
35-90-C-3,4,35,90,C,3,6,0.16666666666666666
35-90-C-3,4,35,90,C,3,6,0.16666666666666666
35-90-C-3,4,35,90,C,3,6,0.16666666666666666
35-90-C-3,4,35,90,C,3,6,0.16666666666666666
35-90-C-3,4,35,90,C,3,6,0.16666666666666666
35-90-C-3,4,35,90,C,3,6,0.16666666666666666
35-90-C-3,4,35,90,C,3,6,0.16666666666666666
35-90-C-3,4,35,90,C,3,6,0.16666666666666666
35-90-C-3,4,35,90,C,3,6,0.16666666666666666
35-90-C-3,4,35,90,C,3,6,0.16666666666666666
35-90-C-3,4,35,90,C,3,6,0.16666666666666666
35-90-C-3,4,35,90,C,3,6,0.16666666666666666
35-90-C-3,4,35,90,C,3,6,0.16666666666666666
35-90-C-3,4,35,90,C,3,6,0.16666666666666666
35-90-C-3,4,35,90,C,3,6,0.16666666666666666
35-90-C-3,4,35,90,C,3,6,0.16666666666666666
35-90-C-3,4,35,90,C,3,6,0.16666666666666666
35-90-C-3,4,35,90,C,3,6,0.16666666666666666
35-90-C-3,4,35,90,C,3,6,0.16666666666666666
35-90-C-3,4,35,90,C,3,6,0.16666666666666666
35-90-C-3,4,35,90,C,3,6,0.16666666666666666
35-90-C-3,4,35,90,C,3,6,0.16666666666666666
35-90-C-3,4,35,90,C,3,6,0.16666666666666666
35-90-C-3,4,35,90,C,3,6,0.16666666666666666
35-90-C-3,4,35,90,C,3,6,0.16666666666666666
35-90-C-3,4,35,90,C,3,6,0.16666666666666666
35-90-C-3,4,35,90,C,3,6,0.16666666666666666
35-90-C-3,4,35,90,C,3,6,0.16666666666666666
35-90-C-3,4,35,90,C,3,6,0.16666666666666666
35-90-C-3,4,35,90,C,3,6,0.16666666666666666
35-90-C-3,4,35,90,C,3,6,0.16666666666666666
35-90-C-3,4,35,90,C,3,6,0.16666666666666666
35-90-C-3,4,35,90,C,3,6,0.16666666666666666
35-90-C-3,4,35,90,C,3,7,0.14285714285714285
35-90-C-3,4,35,90,C,3,7,0.14285714285714285
35-90-C-3,4,35,90,C,3,7,0.14285714285714285
35-90-C-3,4,35,90,C,3,7,0.14285714285714285
35-90-C-3,4,35,90,C,3,7,0.14285714285714285
35-90-C-3,4,35,90,C,3,7,0.14285714285714285
35-90-C-3,4,35,90,C,3,7,0.14285714285714285
35-90-C-3,4,35,90,C,3,7,0.14285714285714285
35-90-C-3,4,35,90,C,3,7,0.14285714285714285
35-90-C-3,4,35,90,C,3,7,0.14285714285714285
35-90-C-3,4,35,90,C,3,7,0.14285714285714285
35-90-C-3,4,35,90,C,3,7,0.14285714285714285
35-90-C-3,4,35,90,C,3,7,0.14285714285714285
35-90-C-3,4,35,90,C,3,7,0.14285714285714285
35-90-C-3,4,35,90,C,3,7,0.14285714285714285
35-90-C-3,4,35,90,C,3,7,0.14285714285714285
35-90-C-3,4,35,90,C,3,7,0.14285714285714285
35-90-C-3,4,35,90,C,3,7,0.14285714285714285
35-90-C-3,4,35,90,C,3,7,0.14285714285714285
35-90-C-3,4,35,90,C,3,7,0.14285714285714285
35-90-C-3,4,35,90,C,3,7,0.14285714285714285
35-90-C-3,4,35,90,C,3,7,0.14285714285714285
35-90-C-3,4,35,90,C,3,7,0.14285714285714285
35-90-C-3,4,35,90,C,3,7,0.14285714285714285
35-90-C-3,4,35,90,C,3,8,0.125
35-90-C-3,4,35,90,C,3,8,0.125
35-90-C-3,4,35,90,C,3,8,0.125
35-90-C-3,4,35,90,C,3,8,0.125
35-90-C-3,4,35,90,C,3,8,0.125
35-90-C-3,4,35,90,C,3,8,0.125
35-90-C-3,4,35,90,C,3,8,0.125
35-90-C-3,4,35,90,C,3,8,0.125
35-90-C-3,4,35,90,C,3,8,0.125
35-90-C-3,4,35,90,C,3,8,0.125
35-90-C-3,4,35,90,C,3,8,0.125
35-90-C-3,4,35,90,C,3,8,0.125
35-90-C-3,4,35,90,C,3,8,0.125
35-90-C-3,4,35,90,C,3,8,0.125
35-90-C-3,4,35,90,C,3,8,0.125
35-90-C-3,4,35,90,C,3,8,0.125
35-90-C-3,4,35,90,C,3,8,0.125
35-90-C-3,4,35,90,C,3,9,0.1111111111111111
35-90-C-3,4,35,90,C,3,9,0.1111111111111111
35-90-C-3,4,35,90,C,3,9,0.1111111111111111
35-90-C-3,4,35,90,C,3,9,0.1111111111111111
35-90-C-3,4,35,90,C,3,9,0.1111111111111111
35-90-C-3,4,35,90,C,3,10,0.1
35-90-C-3,4,35,90,C,3,11,0.09090909090909091
35-90-C-3,4,35,90,C,3,11,0.09090909090909091
35-90-E-1,4,35,90,E,1,6,0.16666666666666666
35-90-E-1,4,35,90,E,1,6,0.16666666666666666
35-90-E-1,4,35,90,E,1,6,0.16666666666666666
35-90-E-1,4,35,90,E,1,6,0.16666666666666666
35-90-E-1,4,35,90,E,1,6,0.16666666666666666
35-90-E-1,4,35,90,E,1,6,0.16666666666666666
35-90-E-1,4,35,90,E,1,6,0.16666666666666666
35-90-E-1,4,35,90,E,1,6,0.16666666666666666
35-90-E-1,4,35,90,E,1,6,0.16666666666666666
35-90-E-1,4,35,90,E,1,6,0.16666666666666666
35-90-E-1,4,35,90,E,1,6,0.16666666666666666
35-90-E-1,4,35,90,E,1,6,0.16666666666666666
35-90-E-1,4,35,90,E,1,6,0.16666666666666666
35-90-E-1,4,35,90,E,1,6,0.16666666666666666
35-90-E-1,4,35,90,E,1,6,0.16666666666666666
35-90-E-1,4,35,90,E,1,6,0.16666666666666666
35-90-E-1,4,35,90,E,1,6,0.16666666666666666
35-90-E-1,4,35,90,E,1,6,0.16666666666666666
35-90-E-1,4,35,90,E,1,6,0.16666666666666666
35-90-E-1,4,35,90,E,1,6,0.16666666666666666
35-90-E-1,4,35,90,E,1,6,0.16666666666666666
35-90-E-1,4,35,90,E,1,6,0.16666666666666666
35-90-E-1,4,35,90,E,1,6,0.16666666666666666
35-90-E-1,4,35,90,E,1,6,0.16666666666666666
35-90-E-1,4,35,90,E,1,6,0.16666666666666666
35-90-E-1,4,35,90,E,1,6,0.16666666666666666
35-90-E-1,4,35,90,E,1,6,0.16666666666666666
35-90-E-1,4,35,90,E,1,6,0.16666666666666666
35-90-E-1,4,35,90,E,1,6,0.16666666666666666
35-90-E-1,4,35,90,E,1,6,0.16666666666666666
35-90-E-1,4,35,90,E,1,6,0.16666666666666666
35-90-E-1,4,35,90,E,1,6,0.16666666666666666
35-90-E-1,4,35,90,E,1,6,0.16666666666666666
35-90-E-1,4,35,90,E,1,6,0.16666666666666666
35-90-E-1,4,35,90,E,1,6,0.16666666666666666
35-90-E-1,4,35,90,E,1,6,0.16666666666666666
35-90-E-1,4,35,90,E,1,6,0.16666666666666666
35-90-E-1,4,35,90,E,1,6,0.16666666666666666
35-90-E-1,4,35,90,E,1,6,0.16666666666666666
35-90-E-1,4,35,90,E,1,6,0.16666666666666666
35-90-E-1,4,35,90,E,1,6,0.16666666666666666
35-90-E-1,4,35,90,E,1,6,0.16666666666666666
35-90-E-1,4,35,90,E,1,6,0.16666666666666666
35-90-E-1,4,35,90,E,1,6,0.16666666666666666
35-90-E-1,4,35,90,E,1,6,0.16666666666666666
35-90-E-1,4,35,90,E,1,6,0.16666666666666666
35-90-E-1,4,35,90,E,1,6,0.16666666666666666
35-90-E-1,4,35,90,E,1,6,0.16666666666666666
35-90-E-1,4,35,90,E,1,6,0.16666666666666666
35-90-E-1,4,35,90,E,1,6,0.16666666666666666
35-90-E-1,4,35,90,E,1,6,0.16666666666666666
35-90-E-1,4,35,90,E,1,6,0.16666666666666666
35-90-E-1,4,35,90,E,1,6,0.16666666666666666
35-90-E-1,4,35,90,E,1,7,0.14285714285714285
35-90-E-1,4,35,90,E,1,7,0.14285714285714285
35-90-E-1,4,35,90,E,1,7,0.14285714285714285
35-90-E-1,4,35,90,E,1,7,0.14285714285714285
35-90-E-1,4,35,90,E,1,7,0.14285714285714285
35-90-E-1,4,35,90,E,1,7,0.14285714285714285
35-90-E-1,4,35,90,E,1,7,0.14285714285714285
35-90-E-1,4,35,90,E,1,7,0.14285714285714285
35-90-E-1,4,35,90,E,1,7,0.14285714285714285
35-90-E-1,4,35,90,E,1,7,0.14285714285714285
35-90-E-1,4,35,90,E,1,7,0.14285714285714285
35-90-E-1,4,35,90,E,1,7,0.14285714285714285
35-90-E-1,4,35,90,E,1,7,0.14285714285714285
35-90-E-1,4,35,90,E,1,7,0.14285714285714285
35-90-E-1,4,35,90,E,1,7,0.14285714285714285
35-90-E-1,4,35,90,E,1,7,0.14285714285714285
35-90-E-1,4,35,90,E,1,7,0.14285714285714285
35-90-E-1,4,35,90,E,1,7,0.14285714285714285
35-90-E-1,4,35,90,E,1,8,0.125
35-90-E-1,4,35,90,E,1,8,0.125
35-90-E-1,4,35,90,E,1,8,0.125
35-90-E-1,4,35,90,E,1,8,0.125
35-90-E-1,4,35,90,E,1,8,0.125
35-90-E-1,4,35,90,E,1,8,0.125
35-90-E-1,4,35,90,E,1,8,0.125
35-90-E-1,4,35,90,E,1,8,0.125
35-90-E-1,4,35,90,E,1,8,0.125
35-90-E-1,4,35,90,E,1,8,0.125
35-90-E-1,4,35,90,E,1,8,0.125
35-90-E-1,4,35,90,E,1,9,0.1111111111111111
35-90-E-1,4,35,90,E,1,9,0.1111111111111111
35-90-E-1,4,35,90,E,1,9,0.1111111111111111
35-90-E-1,4,35,90,E,1,9,0.1111111111111111
35-90-E-1,4,35,90,E,1,9,0.1111111111111111
35-90-E-1,4,35,90,E,1,10,0.1
35-90-E-1,4,35,90,E,1,10,0.1
35-90-E-1,4,35,90,E,1,11,0.09090909090909091
35-90-E-1,4,35,90,E,1,11,0.09090909090909091
35-90-E-1,4,35,90,E,1,11,0.09090909090909091
35-90-E-2,4,35,90,E,2,6,0.16666666666666666
35-90-E-2,4,35,90,E,2,6,0.16666666666666666
35-90-E-2,4,35,90,E,2,6,0.16666666666666666
35-90-E-2,4,35,90,E,2,6,0.16666666666666666
35-90-E-2,4,35,90,E,2,6,0.16666666666666666
35-90-E-2,4,35,90,E,2,6,0.16666666666666666
35-90-E-2,4,35,90,E,2,6,0.16666666666666666
35-90-E-2,4,35,90,E,2,6,0.16666666666666666
35-90-E-2,4,35,90,E,2,6,0.16666666666666666
35-90-E-2,4,35,90,E,2,6,0.16666666666666666
35-90-E-2,4,35,90,E,2,6,0.16666666666666666
35-90-E-2,4,35,90,E,2,6,0.16666666666666666
35-90-E-2,4,35,90,E,2,6,0.16666666666666666
35-90-E-2,4,35,90,E,2,6,0.16666666666666666
35-90-E-2,4,35,90,E,2,6,0.16666666666666666
35-90-E-2,4,35,90,E,2,6,0.16666666666666666
35-90-E-2,4,35,90,E,2,6,0.16666666666666666
35-90-E-2,4,35,90,E,2,6,0.16666666666666666
35-90-E-2,4,35,90,E,2,6,0.16666666666666666
35-90-E-2,4,35,90,E,2,6,0.16666666666666666
35-90-E-2,4,35,90,E,2,6,0.16666666666666666
35-90-E-2,4,35,90,E,2,6,0.16666666666666666
35-90-E-2,4,35,90,E,2,6,0.16666666666666666
35-90-E-2,4,35,90,E,2,6,0.16666666666666666
35-90-E-2,4,35,90,E,2,6,0.16666666666666666
35-90-E-2,4,35,90,E,2,6,0.16666666666666666
35-90-E-2,4,35,90,E,2,6,0.16666666666666666
35-90-E-2,4,35,90,E,2,6,0.16666666666666666
35-90-E-2,4,35,90,E,2,6,0.16666666666666666
35-90-E-2,4,35,90,E,2,6,0.16666666666666666
35-90-E-2,4,35,90,E,2,6,0.16666666666666666
35-90-E-2,4,35,90,E,2,6,0.16666666666666666
35-90-E-2,4,35,90,E,2,6,0.16666666666666666
35-90-E-2,4,35,90,E,2,6,0.16666666666666666
35-90-E-2,4,35,90,E,2,6,0.16666666666666666
35-90-E-2,4,35,90,E,2,6,0.16666666666666666
35-90-E-2,4,35,90,E,2,6,0.16666666666666666
35-90-E-2,4,35,90,E,2,6,0.16666666666666666
35-90-E-2,4,35,90,E,2,6,0.16666666666666666
35-90-E-2,4,35,90,E,2,6,0.16666666666666666
35-90-E-2,4,35,90,E,2,6,0.16666666666666666
35-90-E-2,4,35,90,E,2,6,0.16666666666666666
35-90-E-2,4,35,90,E,2,6,0.16666666666666666
35-90-E-2,4,35,90,E,2,6,0.16666666666666666
35-90-E-2,4,35,90,E,2,6,0.16666666666666666
35-90-E-2,4,35,90,E,2,7,0.14285714285714285
35-90-E-2,4,35,90,E,2,7,0.14285714285714285
35-90-E-2,4,35,90,E,2,7,0.14285714285714285
35-90-E-2,4,35,90,E,2,7,0.14285714285714285
35-90-E-2,4,35,90,E,2,7,0.14285714285714285
35-90-E-2,4,35,90,E,2,7,0.14285714285714285
35-90-E-2,4,35,90,E,2,7,0.14285714285714285
35-90-E-2,4,35,90,E,2,7,0.14285714285714285
35-90-E-2,4,35,90,E,2,7,0.14285714285714285
35-90-E-2,4,35,90,E,2,7,0.14285714285714285
35-90-E-2,4,35,90,E,2,7,0.14285714285714285
35-90-E-2,4,35,90,E,2,7,0.14285714285714285
35-90-E-2,4,35,90,E,2,7,0.14285714285714285
35-90-E-2,4,35,90,E,2,7,0.14285714285714285
35-90-E-2,4,35,90,E,2,7,0.14285714285714285
35-90-E-2,4,35,90,E,2,7,0.14285714285714285
35-90-E-2,4,35,90,E,2,7,0.14285714285714285
35-90-E-2,4,35,90,E,2,7,0.14285714285714285
35-90-E-2,4,35,90,E,2,7,0.14285714285714285
35-90-E-2,4,35,90,E,2,7,0.14285714285714285
35-90-E-2,4,35,90,E,2,7,0.14285714285714285
35-90-E-2,4,35,90,E,2,7,0.14285714285714285
35-90-E-2,4,35,90,E,2,7,0.14285714285714285
35-90-E-2,4,35,90,E,2,7,0.14285714285714285
35-90-E-2,4,35,90,E,2,7,0.14285714285714285
35-90-E-3,4,35,90,E,3,6,0.16666666666666666
35-90-E-3,4,35,90,E,3,6,0.16666666666666666
35-90-E-3,4,35,90,E,3,6,0.16666666666666666
35-90-E-3,4,35,90,E,3,6,0.16666666666666666
35-90-E-3,4,35,90,E,3,6,0.16666666666666666
35-90-E-3,4,35,90,E,3,6,0.16666666666666666
35-90-E-3,4,35,90,E,3,6,0.16666666666666666
35-90-E-3,4,35,90,E,3,6,0.16666666666666666
35-90-E-3,4,35,90,E,3,6,0.16666666666666666
35-90-E-3,4,35,90,E,3,6,0.16666666666666666
35-90-E-3,4,35,90,E,3,6,0.16666666666666666
35-90-E-3,4,35,90,E,3,6,0.16666666666666666
35-90-E-3,4,35,90,E,3,6,0.16666666666666666
35-90-E-3,4,35,90,E,3,6,0.16666666666666666
35-90-E-3,4,35,90,E,3,6,0.16666666666666666
35-90-E-3,4,35,90,E,3,6,0.16666666666666666
35-90-E-3,4,35,90,E,3,6,0.16666666666666666
35-90-E-3,4,35,90,E,3,6,0.16666666666666666
35-90-E-3,4,35,90,E,3,6,0.16666666666666666
35-90-E-3,4,35,90,E,3,6,0.16666666666666666
35-90-E-3,4,35,90,E,3,6,0.16666666666666666
35-90-E-3,4,35,90,E,3,6,0.16666666666666666
35-90-E-3,4,35,90,E,3,6,0.16666666666666666
35-90-E-3,4,35,90,E,3,6,0.16666666666666666
35-90-E-3,4,35,90,E,3,6,0.16666666666666666
35-90-E-3,4,35,90,E,3,6,0.16666666666666666
35-90-E-3,4,35,90,E,3,6,0.16666666666666666
35-90-E-3,4,35,90,E,3,6,0.16666666666666666
35-90-E-3,4,35,90,E,3,6,0.16666666666666666
35-90-E-3,4,35,90,E,3,6,0.16666666666666666
35-90-E-3,4,35,90,E,3,6,0.16666666666666666
35-90-E-3,4,35,90,E,3,7,0.14285714285714285
35-90-E-3,4,35,90,E,3,7,0.14285714285714285
35-90-E-3,4,35,90,E,3,7,0.14285714285714285
35-90-E-3,4,35,90,E,3,7,0.14285714285714285
35-90-E-3,4,35,90,E,3,7,0.14285714285714285
35-90-E-3,4,35,90,E,3,7,0.14285714285714285
35-90-E-3,4,35,90,E,3,7,0.14285714285714285
35-90-E-3,4,35,90,E,3,7,0.14285714285714285
35-90-E-3,4,35,90,E,3,7,0.14285714285714285
35-90-E-3,4,35,90,E,3,7,0.14285714285714285
35-90-E-3,4,35,90,E,3,7,0.14285714285714285
35-90-E-3,4,35,90,E,3,7,0.14285714285714285
35-90-E-3,4,35,90,E,3,7,0.14285714285714285
35-90-E-3,4,35,90,E,3,7,0.14285714285714285
35-90-E-3,4,35,90,E,3,7,0.14285714285714285
35-90-E-3,4,35,90,E,3,7,0.14285714285714285
35-90-E-3,4,35,90,E,3,7,0.14285714285714285
35-90-E-3,4,35,90,E,3,7,0.14285714285714285
35-90-E-3,4,35,90,E,3,7,0.14285714285714285
35-90-E-3,4,35,90,E,3,7,0.14285714285714285
35-90-E-3,4,35,90,E,3,7,0.14285714285714285
35-90-E-3,4,35,90,E,3,7,0.14285714285714285
35-90-E-3,4,35,90,E,3,7,0.14285714285714285
35-90-E-3,4,35,90,E,3,7,0.14285714285714285
35-90-E-3,4,35,90,E,3,7,0.14285714285714285
35-90-E-3,4,35,90,E,3,7,0.14285714285714285
35-90-E-3,4,35,90,E,3,7,0.14285714285714285
35-90-E-3,4,35,90,E,3,7,0.14285714285714285
35-90-E-3,4,35,90,E,3,7,0.14285714285714285
35-90-E-3,4,35,90,E,3,7,0.14285714285714285
35-90-E-3,4,35,90,E,3,7,0.14285714285714285
35-90-E-3,4,35,90,E,3,7,0.14285714285714285
35-90-E-3,4,35,90,E,3,8,0.125
35-90-E-3,4,35,90,E,3,8,0.125
35-90-E-3,4,35,90,E,3,8,0.125
35-90-E-3,4,35,90,E,3,8,0.125
35-90-E-3,4,35,90,E,3,8,0.125
35-90-E-3,4,35,90,E,3,8,0.125
35-90-E-3,4,35,90,E,3,8,0.125
35-90-E-3,4,35,90,E,3,8,0.125
35-90-E-3,4,35,90,E,3,8,0.125
35-90-E-3,4,35,90,E,3,8,0.125
35-90-E-3,4,35,90,E,3,8,0.125
35-90-E-3,4,35,90,E,3,9,0.1111111111111111
35-90-E-3,4,35,90,E,3,9,0.1111111111111111
35-90-E-3,4,35,90,E,3,11,0.09090909090909091
35-90-E-3,4,35,90,E,3,11,0.09090909090909091
35-90-E-3,4,35,90,E,3,11,0.09090909090909091
35-90-E-3,4,35,90,E,3,11,0.09090909090909091
32-60-C-1,4,32,60,C,1,6,0.16666666666666666
32-60-C-1,4,32,60,C,1,7,0.14285714285714285
32-60-C-1,4,32,60,C,1,7,0.14285714285714285
32-60-C-1,4,32,60,C,1,7,0.14285714285714285
32-60-C-1,4,32,60,C,1,7,0.14285714285714285
32-60-C-1,4,32,60,C,1,7,0.14285714285714285
32-60-C-1,4,32,60,C,1,7,0.14285714285714285
32-60-C-1,4,32,60,C,1,7,0.14285714285714285
32-60-C-1,4,32,60,C,1,7,0.14285714285714285
32-60-C-1,4,32,60,C,1,7,0.14285714285714285
32-60-C-1,4,32,60,C,1,7,0.14285714285714285
32-60-C-1,4,32,60,C,1,7,0.14285714285714285
32-60-C-1,4,32,60,C,1,7,0.14285714285714285
32-60-C-1,4,32,60,C,1,7,0.14285714285714285
32-60-C-1,4,32,60,C,1,7,0.14285714285714285
32-60-C-1,4,32,60,C,1,7,0.14285714285714285
32-60-C-1,4,32,60,C,1,7,0.14285714285714285
32-60-C-1,4,32,60,C,1,7,0.14285714285714285
32-60-C-1,4,32,60,C,1,7,0.14285714285714285
32-60-C-1,4,32,60,C,1,7,0.14285714285714285
32-60-C-1,4,32,60,C,1,7,0.14285714285714285
32-60-C-1,4,32,60,C,1,7,0.14285714285714285
32-60-C-1,4,32,60,C,1,7,0.14285714285714285
32-60-C-1,4,32,60,C,1,7,0.14285714285714285
32-60-C-1,4,32,60,C,1,7,0.14285714285714285
32-60-C-1,4,32,60,C,1,7,0.14285714285714285
32-60-C-1,4,32,60,C,1,7,0.14285714285714285
32-60-C-1,4,32,60,C,1,7,0.14285714285714285
32-60-C-1,4,32,60,C,1,7,0.14285714285714285
32-60-C-1,4,32,60,C,1,7,0.14285714285714285
32-60-C-1,4,32,60,C,1,7,0.14285714285714285
32-60-C-1,4,32,60,C,1,7,0.14285714285714285
32-60-C-1,4,32,60,C,1,7,0.14285714285714285
32-60-C-1,4,32,60,C,1,7,0.14285714285714285
32-60-C-1,4,32,60,C,1,7,0.14285714285714285
32-60-C-1,4,32,60,C,1,7,0.14285714285714285
32-60-C-1,4,32,60,C,1,7,0.14285714285714285
32-60-C-1,4,32,60,C,1,7,0.14285714285714285
32-60-C-1,4,32,60,C,1,7,0.14285714285714285
32-60-C-1,4,32,60,C,1,7,0.14285714285714285
32-60-C-1,4,32,60,C,1,7,0.14285714285714285
32-60-C-1,4,32,60,C,1,7,0.14285714285714285
32-60-C-1,4,32,60,C,1,7,0.14285714285714285
32-60-C-1,4,32,60,C,1,7,0.14285714285714285
32-60-C-1,4,32,60,C,1,7,0.14285714285714285
32-60-C-1,4,32,60,C,1,7,0.14285714285714285
32-60-C-1,4,32,60,C,1,7,0.14285714285714285
32-60-C-1,4,32,60,C,1,7,0.14285714285714285
32-60-C-1,4,32,60,C,1,8,0.125
32-60-C-1,4,32,60,C,1,8,0.125
32-60-C-1,4,32,60,C,1,8,0.125
32-60-C-1,4,32,60,C,1,8,0.125
32-60-C-1,4,32,60,C,1,8,0.125
32-60-C-1,4,32,60,C,1,8,0.125
32-60-C-1,4,32,60,C,1,8,0.125
32-60-C-1,4,32,60,C,1,8,0.125
32-60-C-1,4,32,60,C,1,8,0.125
32-60-C-1,4,32,60,C,1,8,0.125
32-60-C-1,4,32,60,C,1,8,0.125
32-60-C-1,4,32,60,C,1,8,0.125
32-60-C-1,4,32,60,C,1,8,0.125
32-60-C-1,4,32,60,C,1,8,0.125
32-60-C-1,4,32,60,C,1,8,0.125
32-60-C-1,4,32,60,C,1,8,0.125
32-60-C-1,4,32,60,C,1,8,0.125
32-60-C-1,4,32,60,C,1,8,0.125
32-60-C-1,4,32,60,C,1,8,0.125
32-60-C-1,4,32,60,C,1,8,0.125
32-60-C-1,4,32,60,C,1,8,0.125
32-60-C-1,4,32,60,C,1,8,0.125
32-60-C-1,4,32,60,C,1,8,0.125
32-60-C-1,4,32,60,C,1,8,0.125
32-60-C-1,4,32,60,C,1,8,0.125
32-60-C-1,4,32,60,C,1,8,0.125
32-60-C-1,4,32,60,C,1,8,0.125
32-60-C-1,4,32,60,C,1,9,0.1111111111111111
32-60-C-1,4,32,60,C,1,9,0.1111111111111111
32-60-C-1,4,32,60,C,1,10,0.1
32-60-C-1,4,32,60,C,1,10,0.1
32-60-C-1,4,32,60,C,1,11,0.09090909090909091
32-60-C-1,4,32,60,C,1,11,0.09090909090909091
32-60-C-1,4,32,60,C,1,11,0.09090909090909091
32-60-C-1,4,32,60,C,1,11,0.09090909090909091
32-60-C-1,4,32,60,C,1,11,0.09090909090909091
32-60-C-1,4,32,60,C,1,11,0.09090909090909091
32-60-C-1,4,32,60,C,1,12,0.08333333333333333
32-60-C-1,4,32,60,C,1,12,0.08333333333333333
32-60-C-1,4,32,60,C,1,13,0.07692307692307693
32-60-C-1,4,32,60,C,1,15,0.06666666666666667
32-60-C-1,4,32,60,C,1,15,0.06666666666666667
32-60-C-2,4,32,60,C,2,6,0.16666666666666666
32-60-C-2,4,32,60,C,2,6,0.16666666666666666
32-60-C-2,4,32,60,C,2,7,0.14285714285714285
32-60-C-2,4,32,60,C,2,7,0.14285714285714285
32-60-C-2,4,32,60,C,2,7,0.14285714285714285
32-60-C-2,4,32,60,C,2,7,0.14285714285714285
32-60-C-2,4,32,60,C,2,7,0.14285714285714285
32-60-C-2,4,32,60,C,2,7,0.14285714285714285
32-60-C-2,4,32,60,C,2,7,0.14285714285714285
32-60-C-2,4,32,60,C,2,7,0.14285714285714285
32-60-C-2,4,32,60,C,2,7,0.14285714285714285
32-60-C-2,4,32,60,C,2,7,0.14285714285714285
32-60-C-2,4,32,60,C,2,7,0.14285714285714285
32-60-C-2,4,32,60,C,2,7,0.14285714285714285
32-60-C-2,4,32,60,C,2,7,0.14285714285714285
32-60-C-2,4,32,60,C,2,7,0.14285714285714285
32-60-C-2,4,32,60,C,2,7,0.14285714285714285
32-60-C-2,4,32,60,C,2,7,0.14285714285714285
32-60-C-2,4,32,60,C,2,7,0.14285714285714285
32-60-C-2,4,32,60,C,2,7,0.14285714285714285
32-60-C-2,4,32,60,C,2,7,0.14285714285714285
32-60-C-2,4,32,60,C,2,7,0.14285714285714285
32-60-C-2,4,32,60,C,2,7,0.14285714285714285
32-60-C-2,4,32,60,C,2,7,0.14285714285714285
32-60-C-2,4,32,60,C,2,7,0.14285714285714285
32-60-C-2,4,32,60,C,2,7,0.14285714285714285
32-60-C-2,4,32,60,C,2,7,0.14285714285714285
32-60-C-2,4,32,60,C,2,7,0.14285714285714285
32-60-C-2,4,32,60,C,2,7,0.14285714285714285
32-60-C-2,4,32,60,C,2,7,0.14285714285714285
32-60-C-2,4,32,60,C,2,7,0.14285714285714285
32-60-C-2,4,32,60,C,2,7,0.14285714285714285
32-60-C-2,4,32,60,C,2,7,0.14285714285714285
32-60-C-2,4,32,60,C,2,7,0.14285714285714285
32-60-C-2,4,32,60,C,2,7,0.14285714285714285
32-60-C-2,4,32,60,C,2,7,0.14285714285714285
32-60-C-2,4,32,60,C,2,7,0.14285714285714285
32-60-C-2,4,32,60,C,2,7,0.14285714285714285
32-60-C-2,4,32,60,C,2,7,0.14285714285714285
32-60-C-2,4,32,60,C,2,7,0.14285714285714285
32-60-C-2,4,32,60,C,2,7,0.14285714285714285
32-60-C-2,4,32,60,C,2,7,0.14285714285714285
32-60-C-2,4,32,60,C,2,7,0.14285714285714285
32-60-C-2,4,32,60,C,2,7,0.14285714285714285
32-60-C-2,4,32,60,C,2,7,0.14285714285714285
32-60-C-2,4,32,60,C,2,7,0.14285714285714285
32-60-C-2,4,32,60,C,2,7,0.14285714285714285
32-60-C-2,4,32,60,C,2,7,0.14285714285714285
32-60-C-2,4,32,60,C,2,7,0.14285714285714285
32-60-C-2,4,32,60,C,2,8,0.125
32-60-C-2,4,32,60,C,2,8,0.125
32-60-C-2,4,32,60,C,2,8,0.125
32-60-C-2,4,32,60,C,2,8,0.125
32-60-C-2,4,32,60,C,2,8,0.125
32-60-C-2,4,32,60,C,2,8,0.125
32-60-C-2,4,32,60,C,2,8,0.125
32-60-C-2,4,32,60,C,2,8,0.125
32-60-C-2,4,32,60,C,2,8,0.125
32-60-C-2,4,32,60,C,2,8,0.125
32-60-C-2,4,32,60,C,2,8,0.125
32-60-C-2,4,32,60,C,2,8,0.125
32-60-C-2,4,32,60,C,2,8,0.125
32-60-C-2,4,32,60,C,2,8,0.125
32-60-C-2,4,32,60,C,2,8,0.125
32-60-C-2,4,32,60,C,2,8,0.125
32-60-C-2,4,32,60,C,2,8,0.125
32-60-C-2,4,32,60,C,2,8,0.125
32-60-C-2,4,32,60,C,2,8,0.125
32-60-C-2,4,32,60,C,2,9,0.1111111111111111
32-60-C-2,4,32,60,C,2,9,0.1111111111111111
32-60-C-2,4,32,60,C,2,9,0.1111111111111111
32-60-C-2,4,32,60,C,2,9,0.1111111111111111
32-60-C-2,4,32,60,C,2,9,0.1111111111111111
32-60-C-2,4,32,60,C,2,9,0.1111111111111111
32-60-C-2,4,32,60,C,2,10,0.1
32-60-C-2,4,32,60,C,2,10,0.1
32-60-C-2,4,32,60,C,2,11,0.09090909090909091
32-60-C-2,4,32,60,C,2,11,0.09090909090909091
32-60-C-2,4,32,60,C,2,11,0.09090909090909091
32-60-C-2,4,32,60,C,2,11,0.09090909090909091
32-60-C-2,4,32,60,C,2,11,0.09090909090909091
32-60-C-2,4,32,60,C,2,11,0.09090909090909091
32-60-C-2,4,32,60,C,2,15,0.06666666666666667
32-60-C-2,4,32,60,C,2,15,0.06666666666666667
32-60-C-2,4,32,60,C,2,15,0.06666666666666667
32-60-C-2,4,32,60,C,2,15,0.06666666666666667
32-60-C-3,4,32,60,C,3,6,0.16666666666666666
32-60-C-3,4,32,60,C,3,6,0.16666666666666666
32-60-C-3,4,32,60,C,3,6,0.16666666666666666
32-60-C-3,4,32,60,C,3,6,0.16666666666666666
32-60-C-3,4,32,60,C,3,7,0.14285714285714285
32-60-C-3,4,32,60,C,3,7,0.14285714285714285
32-60-C-3,4,32,60,C,3,7,0.14285714285714285
32-60-C-3,4,32,60,C,3,7,0.14285714285714285
32-60-C-3,4,32,60,C,3,7,0.14285714285714285
32-60-C-3,4,32,60,C,3,7,0.14285714285714285
32-60-C-3,4,32,60,C,3,7,0.14285714285714285
32-60-C-3,4,32,60,C,3,7,0.14285714285714285
32-60-C-3,4,32,60,C,3,7,0.14285714285714285
32-60-C-3,4,32,60,C,3,7,0.14285714285714285
32-60-C-3,4,32,60,C,3,7,0.14285714285714285
32-60-C-3,4,32,60,C,3,7,0.14285714285714285
32-60-C-3,4,32,60,C,3,7,0.14285714285714285
32-60-C-3,4,32,60,C,3,7,0.14285714285714285
32-60-C-3,4,32,60,C,3,7,0.14285714285714285
32-60-C-3,4,32,60,C,3,7,0.14285714285714285
32-60-C-3,4,32,60,C,3,7,0.14285714285714285
32-60-C-3,4,32,60,C,3,7,0.14285714285714285
32-60-C-3,4,32,60,C,3,7,0.14285714285714285
32-60-C-3,4,32,60,C,3,7,0.14285714285714285
32-60-C-3,4,32,60,C,3,7,0.14285714285714285
32-60-C-3,4,32,60,C,3,7,0.14285714285714285
32-60-C-3,4,32,60,C,3,7,0.14285714285714285
32-60-C-3,4,32,60,C,3,7,0.14285714285714285
32-60-C-3,4,32,60,C,3,7,0.14285714285714285
32-60-C-3,4,32,60,C,3,7,0.14285714285714285
32-60-C-3,4,32,60,C,3,7,0.14285714285714285
32-60-C-3,4,32,60,C,3,7,0.14285714285714285
32-60-C-3,4,32,60,C,3,7,0.14285714285714285
32-60-C-3,4,32,60,C,3,7,0.14285714285714285
32-60-C-3,4,32,60,C,3,7,0.14285714285714285
32-60-C-3,4,32,60,C,3,7,0.14285714285714285
32-60-C-3,4,32,60,C,3,7,0.14285714285714285
32-60-C-3,4,32,60,C,3,7,0.14285714285714285
32-60-C-3,4,32,60,C,3,7,0.14285714285714285
32-60-C-3,4,32,60,C,3,7,0.14285714285714285
32-60-C-3,4,32,60,C,3,7,0.14285714285714285
32-60-C-3,4,32,60,C,3,7,0.14285714285714285
32-60-C-3,4,32,60,C,3,7,0.14285714285714285
32-60-C-3,4,32,60,C,3,7,0.14285714285714285
32-60-C-3,4,32,60,C,3,7,0.14285714285714285
32-60-C-3,4,32,60,C,3,7,0.14285714285714285
32-60-C-3,4,32,60,C,3,7,0.14285714285714285
32-60-C-3,4,32,60,C,3,7,0.14285714285714285
32-60-C-3,4,32,60,C,3,7,0.14285714285714285
32-60-C-3,4,32,60,C,3,7,0.14285714285714285
32-60-C-3,4,32,60,C,3,7,0.14285714285714285
32-60-C-3,4,32,60,C,3,7,0.14285714285714285
32-60-C-3,4,32,60,C,3,7,0.14285714285714285
32-60-C-3,4,32,60,C,3,7,0.14285714285714285
32-60-C-3,4,32,60,C,3,7,0.14285714285714285
32-60-C-3,4,32,60,C,3,7,0.14285714285714285
32-60-C-3,4,32,60,C,3,8,0.125
32-60-C-3,4,32,60,C,3,8,0.125
32-60-C-3,4,32,60,C,3,8,0.125
32-60-C-3,4,32,60,C,3,8,0.125
32-60-C-3,4,32,60,C,3,8,0.125
32-60-C-3,4,32,60,C,3,8,0.125
32-60-C-3,4,32,60,C,3,8,0.125
32-60-C-3,4,32,60,C,3,8,0.125
32-60-C-3,4,32,60,C,3,8,0.125
32-60-C-3,4,32,60,C,3,8,0.125
32-60-C-3,4,32,60,C,3,8,0.125
32-60-C-3,4,32,60,C,3,8,0.125
32-60-C-3,4,32,60,C,3,8,0.125
32-60-C-3,4,32,60,C,3,8,0.125
32-60-C-3,4,32,60,C,3,8,0.125
32-60-C-3,4,32,60,C,3,8,0.125
32-60-C-3,4,32,60,C,3,8,0.125
32-60-C-3,4,32,60,C,3,8,0.125
32-60-C-3,4,32,60,C,3,8,0.125
32-60-C-3,4,32,60,C,3,8,0.125
32-60-C-3,4,32,60,C,3,8,0.125
32-60-C-3,4,32,60,C,3,8,0.125
32-60-C-3,4,32,60,C,3,9,0.1111111111111111
32-60-C-3,4,32,60,C,3,9,0.1111111111111111
32-60-C-3,4,32,60,C,3,10,0.1
32-60-C-3,4,32,60,C,3,10,0.1
32-60-C-3,4,32,60,C,3,11,0.09090909090909091
32-60-C-3,4,32,60,C,3,11,0.09090909090909091
32-60-C-3,4,32,60,C,3,11,0.09090909090909091
32-60-C-3,4,32,60,C,3,11,0.09090909090909091
32-60-C-3,4,32,60,C,3,11,0.09090909090909091
32-60-C-3,4,32,60,C,3,12,0.08333333333333333
32-60-C-3,4,32,60,C,3,12,0.08333333333333333
32-60-C-3,4,32,60,C,3,14,0.07142857142857142
32-60-C-3,4,32,60,C,3,16,0.0625
32-60-C-3,4,32,60,C,3,16,0.0625
32-60-E-1,4,32,60,E,1,7,0.14285714285714285
32-60-E-1,4,32,60,E,1,7,0.14285714285714285
32-60-E-1,4,32,60,E,1,7,0.14285714285714285
32-60-E-1,4,32,60,E,1,7,0.14285714285714285
32-60-E-1,4,32,60,E,1,7,0.14285714285714285
32-60-E-1,4,32,60,E,1,7,0.14285714285714285
32-60-E-1,4,32,60,E,1,7,0.14285714285714285
32-60-E-1,4,32,60,E,1,7,0.14285714285714285
32-60-E-1,4,32,60,E,1,7,0.14285714285714285
32-60-E-1,4,32,60,E,1,7,0.14285714285714285
32-60-E-1,4,32,60,E,1,7,0.14285714285714285
32-60-E-1,4,32,60,E,1,7,0.14285714285714285
32-60-E-1,4,32,60,E,1,7,0.14285714285714285
32-60-E-1,4,32,60,E,1,7,0.14285714285714285
32-60-E-1,4,32,60,E,1,7,0.14285714285714285
32-60-E-1,4,32,60,E,1,7,0.14285714285714285
32-60-E-1,4,32,60,E,1,7,0.14285714285714285
32-60-E-1,4,32,60,E,1,7,0.14285714285714285
32-60-E-1,4,32,60,E,1,7,0.14285714285714285
32-60-E-1,4,32,60,E,1,7,0.14285714285714285
32-60-E-1,4,32,60,E,1,7,0.14285714285714285
32-60-E-1,4,32,60,E,1,7,0.14285714285714285
32-60-E-1,4,32,60,E,1,7,0.14285714285714285
32-60-E-1,4,32,60,E,1,7,0.14285714285714285
32-60-E-1,4,32,60,E,1,7,0.14285714285714285
32-60-E-1,4,32,60,E,1,7,0.14285714285714285
32-60-E-1,4,32,60,E,1,7,0.14285714285714285
32-60-E-1,4,32,60,E,1,7,0.14285714285714285
32-60-E-1,4,32,60,E,1,7,0.14285714285714285
32-60-E-1,4,32,60,E,1,7,0.14285714285714285
32-60-E-1,4,32,60,E,1,7,0.14285714285714285
32-60-E-1,4,32,60,E,1,7,0.14285714285714285
32-60-E-1,4,32,60,E,1,7,0.14285714285714285
32-60-E-1,4,32,60,E,1,7,0.14285714285714285
32-60-E-1,4,32,60,E,1,7,0.14285714285714285
32-60-E-1,4,32,60,E,1,7,0.14285714285714285
32-60-E-1,4,32,60,E,1,7,0.14285714285714285
32-60-E-1,4,32,60,E,1,7,0.14285714285714285
32-60-E-1,4,32,60,E,1,7,0.14285714285714285
32-60-E-1,4,32,60,E,1,7,0.14285714285714285
32-60-E-1,4,32,60,E,1,7,0.14285714285714285
32-60-E-1,4,32,60,E,1,7,0.14285714285714285
32-60-E-1,4,32,60,E,1,7,0.14285714285714285
32-60-E-1,4,32,60,E,1,7,0.14285714285714285
32-60-E-1,4,32,60,E,1,7,0.14285714285714285
32-60-E-1,4,32,60,E,1,7,0.14285714285714285
32-60-E-1,4,32,60,E,1,7,0.14285714285714285
32-60-E-1,4,32,60,E,1,7,0.14285714285714285
32-60-E-1,4,32,60,E,1,8,0.125
32-60-E-1,4,32,60,E,1,8,0.125
32-60-E-1,4,32,60,E,1,8,0.125
32-60-E-1,4,32,60,E,1,8,0.125
32-60-E-1,4,32,60,E,1,8,0.125
32-60-E-1,4,32,60,E,1,8,0.125
32-60-E-1,4,32,60,E,1,8,0.125
32-60-E-1,4,32,60,E,1,8,0.125
32-60-E-1,4,32,60,E,1,8,0.125
32-60-E-1,4,32,60,E,1,8,0.125
32-60-E-1,4,32,60,E,1,8,0.125
32-60-E-1,4,32,60,E,1,8,0.125
32-60-E-1,4,32,60,E,1,8,0.125
32-60-E-1,4,32,60,E,1,8,0.125
32-60-E-1,4,32,60,E,1,8,0.125
32-60-E-1,4,32,60,E,1,8,0.125
32-60-E-2,4,32,60,E,2,6,0.16666666666666666
32-60-E-2,4,32,60,E,2,6,0.16666666666666666
32-60-E-2,4,32,60,E,2,6,0.16666666666666666
32-60-E-2,4,32,60,E,2,6,0.16666666666666666
32-60-E-2,4,32,60,E,2,7,0.14285714285714285
32-60-E-2,4,32,60,E,2,7,0.14285714285714285
32-60-E-2,4,32,60,E,2,7,0.14285714285714285
32-60-E-2,4,32,60,E,2,7,0.14285714285714285
32-60-E-2,4,32,60,E,2,7,0.14285714285714285
32-60-E-2,4,32,60,E,2,7,0.14285714285714285
32-60-E-2,4,32,60,E,2,7,0.14285714285714285
32-60-E-2,4,32,60,E,2,7,0.14285714285714285
32-60-E-2,4,32,60,E,2,7,0.14285714285714285
32-60-E-2,4,32,60,E,2,7,0.14285714285714285
32-60-E-2,4,32,60,E,2,7,0.14285714285714285
32-60-E-2,4,32,60,E,2,7,0.14285714285714285
32-60-E-2,4,32,60,E,2,7,0.14285714285714285
32-60-E-2,4,32,60,E,2,7,0.14285714285714285
32-60-E-2,4,32,60,E,2,7,0.14285714285714285
32-60-E-2,4,32,60,E,2,7,0.14285714285714285
32-60-E-2,4,32,60,E,2,7,0.14285714285714285
32-60-E-2,4,32,60,E,2,7,0.14285714285714285
32-60-E-2,4,32,60,E,2,7,0.14285714285714285
32-60-E-2,4,32,60,E,2,7,0.14285714285714285
32-60-E-2,4,32,60,E,2,7,0.14285714285714285
32-60-E-2,4,32,60,E,2,7,0.14285714285714285
32-60-E-2,4,32,60,E,2,7,0.14285714285714285
32-60-E-2,4,32,60,E,2,7,0.14285714285714285
32-60-E-2,4,32,60,E,2,7,0.14285714285714285
32-60-E-2,4,32,60,E,2,7,0.14285714285714285
32-60-E-2,4,32,60,E,2,7,0.14285714285714285
32-60-E-2,4,32,60,E,2,7,0.14285714285714285
32-60-E-2,4,32,60,E,2,7,0.14285714285714285
32-60-E-2,4,32,60,E,2,7,0.14285714285714285
32-60-E-2,4,32,60,E,2,7,0.14285714285714285
32-60-E-2,4,32,60,E,2,7,0.14285714285714285
32-60-E-2,4,32,60,E,2,7,0.14285714285714285
32-60-E-2,4,32,60,E,2,7,0.14285714285714285
32-60-E-2,4,32,60,E,2,7,0.14285714285714285
32-60-E-2,4,32,60,E,2,7,0.14285714285714285
32-60-E-2,4,32,60,E,2,7,0.14285714285714285
32-60-E-2,4,32,60,E,2,7,0.14285714285714285
32-60-E-2,4,32,60,E,2,7,0.14285714285714285
32-60-E-2,4,32,60,E,2,7,0.14285714285714285
32-60-E-2,4,32,60,E,2,7,0.14285714285714285
32-60-E-2,4,32,60,E,2,7,0.14285714285714285
32-60-E-2,4,32,60,E,2,7,0.14285714285714285
32-60-E-2,4,32,60,E,2,7,0.14285714285714285
32-60-E-2,4,32,60,E,2,7,0.14285714285714285
32-60-E-2,4,32,60,E,2,7,0.14285714285714285
32-60-E-2,4,32,60,E,2,7,0.14285714285714285
32-60-E-2,4,32,60,E,2,7,0.14285714285714285
32-60-E-2,4,32,60,E,2,7,0.14285714285714285
32-60-E-2,4,32,60,E,2,7,0.14285714285714285
32-60-E-2,4,32,60,E,2,7,0.14285714285714285
32-60-E-2,4,32,60,E,2,7,0.14285714285714285
32-60-E-2,4,32,60,E,2,7,0.14285714285714285
32-60-E-2,4,32,60,E,2,7,0.14285714285714285
32-60-E-2,4,32,60,E,2,7,0.14285714285714285
32-60-E-2,4,32,60,E,2,7,0.14285714285714285
32-60-E-2,4,32,60,E,2,7,0.14285714285714285
32-60-E-2,4,32,60,E,2,7,0.14285714285714285
32-60-E-2,4,32,60,E,2,7,0.14285714285714285
32-60-E-2,4,32,60,E,2,8,0.125
32-60-E-2,4,32,60,E,2,8,0.125
32-60-E-2,4,32,60,E,2,8,0.125
32-60-E-2,4,32,60,E,2,8,0.125
32-60-E-2,4,32,60,E,2,8,0.125
32-60-E-2,4,32,60,E,2,8,0.125
32-60-E-2,4,32,60,E,2,8,0.125
32-60-E-2,4,32,60,E,2,8,0.125
32-60-E-2,4,32,60,E,2,8,0.125
32-60-E-2,4,32,60,E,2,8,0.125
32-60-E-2,4,32,60,E,2,8,0.125
32-60-E-2,4,32,60,E,2,8,0.125
32-60-E-2,4,32,60,E,2,8,0.125
32-60-E-2,4,32,60,E,2,8,0.125
32-60-E-2,4,32,60,E,2,8,0.125
32-60-E-2,4,32,60,E,2,8,0.125
32-60-E-2,4,32,60,E,2,9,0.1111111111111111
32-60-E-3,4,32,60,E,3,6,0.16666666666666666
32-60-E-3,4,32,60,E,3,6,0.16666666666666666
32-60-E-3,4,32,60,E,3,7,0.14285714285714285
32-60-E-3,4,32,60,E,3,7,0.14285714285714285
32-60-E-3,4,32,60,E,3,7,0.14285714285714285
32-60-E-3,4,32,60,E,3,7,0.14285714285714285
32-60-E-3,4,32,60,E,3,7,0.14285714285714285
32-60-E-3,4,32,60,E,3,7,0.14285714285714285
32-60-E-3,4,32,60,E,3,7,0.14285714285714285
32-60-E-3,4,32,60,E,3,7,0.14285714285714285
32-60-E-3,4,32,60,E,3,7,0.14285714285714285
32-60-E-3,4,32,60,E,3,7,0.14285714285714285
32-60-E-3,4,32,60,E,3,7,0.14285714285714285
32-60-E-3,4,32,60,E,3,7,0.14285714285714285
32-60-E-3,4,32,60,E,3,7,0.14285714285714285
32-60-E-3,4,32,60,E,3,7,0.14285714285714285
32-60-E-3,4,32,60,E,3,7,0.14285714285714285
32-60-E-3,4,32,60,E,3,7,0.14285714285714285
32-60-E-3,4,32,60,E,3,7,0.14285714285714285
32-60-E-3,4,32,60,E,3,7,0.14285714285714285
32-60-E-3,4,32,60,E,3,7,0.14285714285714285
32-60-E-3,4,32,60,E,3,7,0.14285714285714285
32-60-E-3,4,32,60,E,3,7,0.14285714285714285
32-60-E-3,4,32,60,E,3,7,0.14285714285714285
32-60-E-3,4,32,60,E,3,7,0.14285714285714285
32-60-E-3,4,32,60,E,3,7,0.14285714285714285
32-60-E-3,4,32,60,E,3,7,0.14285714285714285
32-60-E-3,4,32,60,E,3,7,0.14285714285714285
32-60-E-3,4,32,60,E,3,7,0.14285714285714285
32-60-E-3,4,32,60,E,3,7,0.14285714285714285
32-60-E-3,4,32,60,E,3,7,0.14285714285714285
32-60-E-3,4,32,60,E,3,7,0.14285714285714285
32-60-E-3,4,32,60,E,3,7,0.14285714285714285
32-60-E-3,4,32,60,E,3,7,0.14285714285714285
32-60-E-3,4,32,60,E,3,7,0.14285714285714285
32-60-E-3,4,32,60,E,3,7,0.14285714285714285
32-60-E-3,4,32,60,E,3,7,0.14285714285714285
32-60-E-3,4,32,60,E,3,7,0.14285714285714285
32-60-E-3,4,32,60,E,3,7,0.14285714285714285
32-60-E-3,4,32,60,E,3,7,0.14285714285714285
32-60-E-3,4,32,60,E,3,7,0.14285714285714285
32-60-E-3,4,32,60,E,3,7,0.14285714285714285
32-60-E-3,4,32,60,E,3,7,0.14285714285714285
32-60-E-3,4,32,60,E,3,7,0.14285714285714285
32-60-E-3,4,32,60,E,3,7,0.14285714285714285
32-60-E-3,4,32,60,E,3,7,0.14285714285714285
32-60-E-3,4,32,60,E,3,7,0.14285714285714285
32-60-E-3,4,32,60,E,3,7,0.14285714285714285
32-60-E-3,4,32,60,E,3,7,0.14285714285714285
32-60-E-3,4,32,60,E,3,7,0.14285714285714285
32-60-E-3,4,32,60,E,3,7,0.14285714285714285
32-60-E-3,4,32,60,E,3,7,0.14285714285714285
32-60-E-3,4,32,60,E,3,7,0.14285714285714285
32-60-E-3,4,32,60,E,3,7,0.14285714285714285
32-60-E-3,4,32,60,E,3,7,0.14285714285714285
32-60-E-3,4,32,60,E,3,7,0.14285714285714285
32-60-E-3,4,32,60,E,3,7,0.14285714285714285
32-60-E-3,4,32,60,E,3,7,0.14285714285714285
32-60-E-3,4,32,60,E,3,7,0.14285714285714285
32-60-E-3,4,32,60,E,3,7,0.14285714285714285
32-60-E-3,4,32,60,E,3,7,0.14285714285714285
32-60-E-3,4,32,60,E,3,7,0.14285714285714285
32-60-E-3,4,32,60,E,3,8,0.125
32-60-E-3,4,32,60,E,3,8,0.125
32-60-E-3,4,32,60,E,3,8,0.125
32-60-E-3,4,32,60,E,3,8,0.125
32-60-E-3,4,32,60,E,3,8,0.125
32-60-E-3,4,32,60,E,3,8,0.125
32-60-E-3,4,32,60,E,3,8,0.125
32-60-E-3,4,32,60,E,3,8,0.125
32-60-E-3,4,32,60,E,3,8,0.125
32-60-E-3,4,32,60,E,3,8,0.125
32-60-E-3,4,32,60,E,3,8,0.125
32-60-E-3,4,32,60,E,3,9,0.1111111111111111
28-30-C-1,4,28,30,C,1,9,0.1111111111111111
28-30-C-1,4,28,30,C,1,10,0.1
28-30-C-1,4,28,30,C,1,10,0.1
28-30-C-1,4,28,30,C,1,10,0.1
28-30-C-1,4,28,30,C,1,10,0.1
28-30-C-1,4,28,30,C,1,10,0.1
28-30-C-1,4,28,30,C,1,10,0.1
28-30-C-1,4,28,30,C,1,10,0.1
28-30-C-1,4,28,30,C,1,10,0.1
28-30-C-1,4,28,30,C,1,10,0.1
28-30-C-1,4,28,30,C,1,10,0.1
28-30-C-1,4,28,30,C,1,10,0.1
28-30-C-1,4,28,30,C,1,10,0.1
28-30-C-1,4,28,30,C,1,10,0.1
28-30-C-1,4,28,30,C,1,10,0.1
28-30-C-1,4,28,30,C,1,10,0.1
28-30-C-1,4,28,30,C,1,10,0.1
28-30-C-1,4,28,30,C,1,10,0.1
28-30-C-1,4,28,30,C,1,10,0.1
28-30-C-1,4,28,30,C,1,10,0.1
28-30-C-1,4,28,30,C,1,10,0.1
28-30-C-1,4,28,30,C,1,10,0.1
28-30-C-1,4,28,30,C,1,10,0.1
28-30-C-1,4,28,30,C,1,11,0.09090909090909091
28-30-C-1,4,28,30,C,1,11,0.09090909090909091
28-30-C-1,4,28,30,C,1,11,0.09090909090909091
28-30-C-1,4,28,30,C,1,11,0.09090909090909091
28-30-C-1,4,28,30,C,1,11,0.09090909090909091
28-30-C-1,4,28,30,C,1,11,0.09090909090909091
28-30-C-1,4,28,30,C,1,11,0.09090909090909091
28-30-C-1,4,28,30,C,1,11,0.09090909090909091
28-30-C-1,4,28,30,C,1,11,0.09090909090909091
28-30-C-1,4,28,30,C,1,11,0.09090909090909091
28-30-C-1,4,28,30,C,1,11,0.09090909090909091
28-30-C-1,4,28,30,C,1,11,0.09090909090909091
28-30-C-1,4,28,30,C,1,11,0.09090909090909091
28-30-C-1,4,28,30,C,1,11,0.09090909090909091
28-30-C-1,4,28,30,C,1,11,0.09090909090909091
28-30-C-1,4,28,30,C,1,11,0.09090909090909091
28-30-C-1,4,28,30,C,1,11,0.09090909090909091
28-30-C-1,4,28,30,C,1,11,0.09090909090909091
28-30-C-1,4,28,30,C,1,11,0.09090909090909091
28-30-C-1,4,28,30,C,1,11,0.09090909090909091
28-30-C-1,4,28,30,C,1,11,0.09090909090909091
28-30-C-1,4,28,30,C,1,11,0.09090909090909091
28-30-C-1,4,28,30,C,1,11,0.09090909090909091
28-30-C-1,4,28,30,C,1,11,0.09090909090909091
28-30-C-1,4,28,30,C,1,11,0.09090909090909091
28-30-C-1,4,28,30,C,1,11,0.09090909090909091
28-30-C-1,4,28,30,C,1,11,0.09090909090909091
28-30-C-1,4,28,30,C,1,11,0.09090909090909091
28-30-C-1,4,28,30,C,1,11,0.09090909090909091
28-30-C-1,4,28,30,C,1,11,0.09090909090909091
28-30-C-1,4,28,30,C,1,11,0.09090909090909091
28-30-C-1,4,28,30,C,1,11,0.09090909090909091
28-30-C-1,4,28,30,C,1,11,0.09090909090909091
28-30-C-1,4,28,30,C,1,11,0.09090909090909091
28-30-C-1,4,28,30,C,1,11,0.09090909090909091
28-30-C-1,4,28,30,C,1,11,0.09090909090909091
28-30-C-1,4,28,30,C,1,11,0.09090909090909091
28-30-C-1,4,28,30,C,1,11,0.09090909090909091
28-30-C-1,4,28,30,C,1,11,0.09090909090909091
28-30-C-1,4,28,30,C,1,11,0.09090909090909091
28-30-C-1,4,28,30,C,1,12,0.08333333333333333
28-30-C-1,4,28,30,C,1,12,0.08333333333333333
28-30-C-1,4,28,30,C,1,12,0.08333333333333333
28-30-C-1,4,28,30,C,1,12,0.08333333333333333
28-30-C-1,4,28,30,C,1,12,0.08333333333333333
28-30-C-1,4,28,30,C,1,12,0.08333333333333333
28-30-C-1,4,28,30,C,1,12,0.08333333333333333
28-30-C-1,4,28,30,C,1,12,0.08333333333333333
28-30-C-1,4,28,30,C,1,12,0.08333333333333333
28-30-C-1,4,28,30,C,1,13,0.07692307692307693
28-30-C-1,4,28,30,C,1,13,0.07692307692307693
28-30-C-1,4,28,30,C,1,13,0.07692307692307693
28-30-C-1,4,28,30,C,1,13,0.07692307692307693
28-30-C-1,4,28,30,C,1,14,0.07142857142857142
28-30-C-1,4,28,30,C,1,14,0.07142857142857142
28-30-C-1,4,28,30,C,1,14,0.07142857142857142
28-30-C-1,4,28,30,C,1,14,0.07142857142857142
28-30-C-1,4,28,30,C,1,14,0.07142857142857142
28-30-C-1,4,28,30,C,1,15,0.06666666666666667
28-30-C-1,4,28,30,C,1,15,0.06666666666666667
28-30-C-1,4,28,30,C,1,15,0.06666666666666667
28-30-C-1,4,28,30,C,1,15,0.06666666666666667
28-30-C-1,4,28,30,C,1,15,0.06666666666666667
28-30-C-1,4,28,30,C,1,16,0.0625
28-30-C-1,4,28,30,C,1,16,0.0625
28-30-C-1,4,28,30,C,1,17,0.058823529411764705
28-30-C-1,4,28,30,C,1,17,0.058823529411764705
28-30-C-1,4,28,30,C,1,17,0.058823529411764705
28-30-C-1,4,28,30,C,1,18,0.05555555555555555
28-30-C-1,4,28,30,C,1,19,0.05263157894736842
28-30-C-1,4,28,30,C,1,19,0.05263157894736842
28-30-C-2,4,28,30,C,2,9,0.1111111111111111
28-30-C-2,4,28,30,C,2,10,0.1
28-30-C-2,4,28,30,C,2,10,0.1
28-30-C-2,4,28,30,C,2,10,0.1
28-30-C-2,4,28,30,C,2,10,0.1
28-30-C-2,4,28,30,C,2,10,0.1
28-30-C-2,4,28,30,C,2,10,0.1
28-30-C-2,4,28,30,C,2,10,0.1
28-30-C-2,4,28,30,C,2,10,0.1
28-30-C-2,4,28,30,C,2,10,0.1
28-30-C-2,4,28,30,C,2,10,0.1
28-30-C-2,4,28,30,C,2,10,0.1
28-30-C-2,4,28,30,C,2,10,0.1
28-30-C-2,4,28,30,C,2,10,0.1
28-30-C-2,4,28,30,C,2,10,0.1
28-30-C-2,4,28,30,C,2,10,0.1
28-30-C-2,4,28,30,C,2,10,0.1
28-30-C-2,4,28,30,C,2,10,0.1
28-30-C-2,4,28,30,C,2,10,0.1
28-30-C-2,4,28,30,C,2,10,0.1
28-30-C-2,4,28,30,C,2,10,0.1
28-30-C-2,4,28,30,C,2,10,0.1
28-30-C-2,4,28,30,C,2,10,0.1
28-30-C-2,4,28,30,C,2,10,0.1
28-30-C-2,4,28,30,C,2,10,0.1
28-30-C-2,4,28,30,C,2,10,0.1
28-30-C-2,4,28,30,C,2,10,0.1
28-30-C-2,4,28,30,C,2,10,0.1
28-30-C-2,4,28,30,C,2,10,0.1
28-30-C-2,4,28,30,C,2,10,0.1
28-30-C-2,4,28,30,C,2,10,0.1
28-30-C-2,4,28,30,C,2,10,0.1
28-30-C-2,4,28,30,C,2,10,0.1
28-30-C-2,4,28,30,C,2,10,0.1
28-30-C-2,4,28,30,C,2,10,0.1
28-30-C-2,4,28,30,C,2,10,0.1
28-30-C-2,4,28,30,C,2,10,0.1
28-30-C-2,4,28,30,C,2,10,0.1
28-30-C-2,4,28,30,C,2,10,0.1
28-30-C-2,4,28,30,C,2,10,0.1
28-30-C-2,4,28,30,C,2,10,0.1
28-30-C-2,4,28,30,C,2,10,0.1
28-30-C-2,4,28,30,C,2,11,0.09090909090909091
28-30-C-2,4,28,30,C,2,11,0.09090909090909091
28-30-C-2,4,28,30,C,2,11,0.09090909090909091
28-30-C-2,4,28,30,C,2,11,0.09090909090909091
28-30-C-2,4,28,30,C,2,11,0.09090909090909091
28-30-C-2,4,28,30,C,2,11,0.09090909090909091
28-30-C-2,4,28,30,C,2,11,0.09090909090909091
28-30-C-2,4,28,30,C,2,11,0.09090909090909091
28-30-C-2,4,28,30,C,2,11,0.09090909090909091
28-30-C-2,4,28,30,C,2,11,0.09090909090909091
28-30-C-2,4,28,30,C,2,11,0.09090909090909091
28-30-C-2,4,28,30,C,2,11,0.09090909090909091
28-30-C-2,4,28,30,C,2,11,0.09090909090909091
28-30-C-2,4,28,30,C,2,11,0.09090909090909091
28-30-C-2,4,28,30,C,2,11,0.09090909090909091
28-30-C-2,4,28,30,C,2,11,0.09090909090909091
28-30-C-2,4,28,30,C,2,11,0.09090909090909091
28-30-C-2,4,28,30,C,2,11,0.09090909090909091
28-30-C-2,4,28,30,C,2,11,0.09090909090909091
28-30-C-2,4,28,30,C,2,11,0.09090909090909091
28-30-C-2,4,28,30,C,2,11,0.09090909090909091
28-30-C-2,4,28,30,C,2,11,0.09090909090909091
28-30-C-2,4,28,30,C,2,11,0.09090909090909091
28-30-C-2,4,28,30,C,2,11,0.09090909090909091
28-30-C-2,4,28,30,C,2,11,0.09090909090909091
28-30-C-2,4,28,30,C,2,11,0.09090909090909091
28-30-C-2,4,28,30,C,2,11,0.09090909090909091
28-30-C-2,4,28,30,C,2,11,0.09090909090909091
28-30-C-2,4,28,30,C,2,11,0.09090909090909091
28-30-C-2,4,28,30,C,2,12,0.08333333333333333
28-30-C-2,4,28,30,C,2,12,0.08333333333333333
28-30-C-2,4,28,30,C,2,12,0.08333333333333333
28-30-C-2,4,28,30,C,2,12,0.08333333333333333
28-30-C-2,4,28,30,C,2,12,0.08333333333333333
28-30-C-2,4,28,30,C,2,12,0.08333333333333333
28-30-C-2,4,28,30,C,2,13,0.07692307692307693
28-30-C-2,4,28,30,C,2,13,0.07692307692307693
28-30-C-2,4,28,30,C,2,13,0.07692307692307693
28-30-C-2,4,28,30,C,2,13,0.07692307692307693
28-30-C-2,4,28,30,C,2,13,0.07692307692307693
28-30-C-2,4,28,30,C,2,13,0.07692307692307693
28-30-C-2,4,28,30,C,2,13,0.07692307692307693
28-30-C-2,4,28,30,C,2,13,0.07692307692307693
28-30-C-2,4,28,30,C,2,13,0.07692307692307693
28-30-C-2,4,28,30,C,2,14,0.07142857142857142
28-30-C-2,4,28,30,C,2,14,0.07142857142857142
28-30-C-2,4,28,30,C,2,16,0.0625
28-30-C-2,4,28,30,C,2,16,0.0625
28-30-C-2,4,28,30,C,2,16,0.0625
28-30-C-2,4,28,30,C,2,18,0.05555555555555555
28-30-C-2,4,28,30,C,2,18,0.05555555555555555
28-30-C-3,4,28,30,C,3,9,0.1111111111111111
28-30-C-3,4,28,30,C,3,10,0.1
28-30-C-3,4,28,30,C,3,10,0.1
28-30-C-3,4,28,30,C,3,10,0.1
28-30-C-3,4,28,30,C,3,10,0.1
28-30-C-3,4,28,30,C,3,10,0.1
28-30-C-3,4,28,30,C,3,10,0.1
28-30-C-3,4,28,30,C,3,10,0.1
28-30-C-3,4,28,30,C,3,10,0.1
28-30-C-3,4,28,30,C,3,10,0.1
28-30-C-3,4,28,30,C,3,10,0.1
28-30-C-3,4,28,30,C,3,10,0.1
28-30-C-3,4,28,30,C,3,10,0.1
28-30-C-3,4,28,30,C,3,10,0.1
28-30-C-3,4,28,30,C,3,10,0.1
28-30-C-3,4,28,30,C,3,10,0.1
28-30-C-3,4,28,30,C,3,10,0.1
28-30-C-3,4,28,30,C,3,10,0.1
28-30-C-3,4,28,30,C,3,10,0.1
28-30-C-3,4,28,30,C,3,10,0.1
28-30-C-3,4,28,30,C,3,10,0.1
28-30-C-3,4,28,30,C,3,10,0.1
28-30-C-3,4,28,30,C,3,10,0.1
28-30-C-3,4,28,30,C,3,10,0.1
28-30-C-3,4,28,30,C,3,10,0.1
28-30-C-3,4,28,30,C,3,10,0.1
28-30-C-3,4,28,30,C,3,10,0.1
28-30-C-3,4,28,30,C,3,10,0.1
28-30-C-3,4,28,30,C,3,10,0.1
28-30-C-3,4,28,30,C,3,11,0.09090909090909091
28-30-C-3,4,28,30,C,3,11,0.09090909090909091
28-30-C-3,4,28,30,C,3,11,0.09090909090909091
28-30-C-3,4,28,30,C,3,11,0.09090909090909091
28-30-C-3,4,28,30,C,3,11,0.09090909090909091
28-30-C-3,4,28,30,C,3,11,0.09090909090909091
28-30-C-3,4,28,30,C,3,11,0.09090909090909091
28-30-C-3,4,28,30,C,3,11,0.09090909090909091
28-30-C-3,4,28,30,C,3,11,0.09090909090909091
28-30-C-3,4,28,30,C,3,11,0.09090909090909091
28-30-C-3,4,28,30,C,3,11,0.09090909090909091
28-30-C-3,4,28,30,C,3,11,0.09090909090909091
28-30-C-3,4,28,30,C,3,11,0.09090909090909091
28-30-C-3,4,28,30,C,3,11,0.09090909090909091
28-30-C-3,4,28,30,C,3,11,0.09090909090909091
28-30-C-3,4,28,30,C,3,11,0.09090909090909091
28-30-C-3,4,28,30,C,3,11,0.09090909090909091
28-30-C-3,4,28,30,C,3,11,0.09090909090909091
28-30-C-3,4,28,30,C,3,11,0.09090909090909091
28-30-C-3,4,28,30,C,3,11,0.09090909090909091
28-30-C-3,4,28,30,C,3,11,0.09090909090909091
28-30-C-3,4,28,30,C,3,11,0.09090909090909091
28-30-C-3,4,28,30,C,3,11,0.09090909090909091
28-30-C-3,4,28,30,C,3,11,0.09090909090909091
28-30-C-3,4,28,30,C,3,11,0.09090909090909091
28-30-C-3,4,28,30,C,3,11,0.09090909090909091
28-30-C-3,4,28,30,C,3,11,0.09090909090909091
28-30-C-3,4,28,30,C,3,11,0.09090909090909091
28-30-C-3,4,28,30,C,3,11,0.09090909090909091
28-30-C-3,4,28,30,C,3,11,0.09090909090909091
28-30-C-3,4,28,30,C,3,12,0.08333333333333333
28-30-C-3,4,28,30,C,3,12,0.08333333333333333
28-30-C-3,4,28,30,C,3,12,0.08333333333333333
28-30-C-3,4,28,30,C,3,12,0.08333333333333333
28-30-C-3,4,28,30,C,3,13,0.07692307692307693
28-30-C-3,4,28,30,C,3,14,0.07142857142857142
28-30-C-3,4,28,30,C,3,14,0.07142857142857142
28-30-C-3,4,28,30,C,3,14,0.07142857142857142
28-30-C-3,4,28,30,C,3,14,0.07142857142857142
28-30-C-3,4,28,30,C,3,15,0.06666666666666667
28-30-C-3,4,28,30,C,3,15,0.06666666666666667
28-30-C-3,4,28,30,C,3,16,0.0625
28-30-C-3,4,28,30,C,3,16,0.0625
28-30-C-3,4,28,30,C,3,16,0.0625
28-30-C-3,4,28,30,C,3,16,0.0625
28-30-C-3,4,28,30,C,3,17,0.058823529411764705
28-30-C-3,4,28,30,C,3,17,0.058823529411764705
28-30-C-3,4,28,30,C,3,17,0.058823529411764705
28-30-C-3,4,28,30,C,3,18,0.05555555555555555
28-30-C-3,4,28,30,C,3,18,0.05555555555555555
28-30-C-3,4,28,30,C,3,18,0.05555555555555555
28-30-C-3,4,28,30,C,3,19,0.05263157894736842
28-30-C-3,4,28,30,C,3,19,0.05263157894736842
28-30-C-3,4,28,30,C,3,19,0.05263157894736842
28-30-C-3,4,28,30,C,3,19,0.05263157894736842
28-30-C-3,4,28,30,C,3,19,0.05263157894736842
28-30-C-3,4,28,30,C,3,19,0.05263157894736842
28-30-C-3,4,28,30,C,3,19,0.05263157894736842
28-30-C-3,4,28,30,C,3,19,0.05263157894736842
28-30-C-3,4,28,30,C,3,19,0.05263157894736842
28-30-C-3,4,28,30,C,3,20,0.05
28-30-C-3,4,28,30,C,3,21,0.047619047619047616
24-30-C-1,4,24,30,C,1,13,0.07692307692307693
24-30-C-1,4,24,30,C,1,14,0.07142857142857142
24-30-C-1,4,24,30,C,1,14,0.07142857142857142
24-30-C-1,4,24,30,C,1,14,0.07142857142857142
24-30-C-1,4,24,30,C,1,14,0.07142857142857142
24-30-C-1,4,24,30,C,1,14,0.07142857142857142
24-30-C-1,4,24,30,C,1,14,0.07142857142857142
24-30-C-1,4,24,30,C,1,14,0.07142857142857142
24-30-C-1,4,24,30,C,1,14,0.07142857142857142
24-30-C-1,4,24,30,C,1,14,0.07142857142857142
24-30-C-1,4,24,30,C,1,14,0.07142857142857142
24-30-C-1,4,24,30,C,1,14,0.07142857142857142
24-30-C-1,4,24,30,C,1,14,0.07142857142857142
24-30-C-1,4,24,30,C,1,15,0.06666666666666667
24-30-C-1,4,24,30,C,1,15,0.06666666666666667
24-30-C-1,4,24,30,C,1,15,0.06666666666666667
24-30-C-1,4,24,30,C,1,15,0.06666666666666667
24-30-C-1,4,24,30,C,1,15,0.06666666666666667
24-30-C-1,4,24,30,C,1,15,0.06666666666666667
24-30-C-1,4,24,30,C,1,15,0.06666666666666667
24-30-C-1,4,24,30,C,1,15,0.06666666666666667
24-30-C-1,4,24,30,C,1,15,0.06666666666666667
24-30-C-1,4,24,30,C,1,15,0.06666666666666667
24-30-C-1,4,24,30,C,1,15,0.06666666666666667
24-30-C-1,4,24,30,C,1,15,0.06666666666666667
24-30-C-1,4,24,30,C,1,15,0.06666666666666667
24-30-C-1,4,24,30,C,1,15,0.06666666666666667
24-30-C-1,4,24,30,C,1,16,0.0625
24-30-C-1,4,24,30,C,1,16,0.0625
24-30-C-1,4,24,30,C,1,16,0.0625
24-30-C-1,4,24,30,C,1,16,0.0625
24-30-C-1,4,24,30,C,1,16,0.0625
24-30-C-1,4,24,30,C,1,16,0.0625
24-30-C-1,4,24,30,C,1,16,0.0625
24-30-C-1,4,24,30,C,1,16,0.0625
24-30-C-1,4,24,30,C,1,17,0.058823529411764705
24-30-C-1,4,24,30,C,1,17,0.058823529411764705
24-30-C-1,4,24,30,C,1,17,0.058823529411764705
24-30-C-1,4,24,30,C,1,17,0.058823529411764705
24-30-C-1,4,24,30,C,1,17,0.058823529411764705
24-30-C-1,4,24,30,C,1,17,0.058823529411764705
24-30-C-1,4,24,30,C,1,18,0.05555555555555555
24-30-C-1,4,24,30,C,1,18,0.05555555555555555
24-30-C-1,4,24,30,C,1,18,0.05555555555555555
24-30-C-1,4,24,30,C,1,18,0.05555555555555555
24-30-C-1,4,24,30,C,1,18,0.05555555555555555
24-30-C-1,4,24,30,C,1,18,0.05555555555555555
24-30-C-1,4,24,30,C,1,18,0.05555555555555555
24-30-C-1,4,24,30,C,1,18,0.05555555555555555
24-30-C-1,4,24,30,C,1,19,0.05263157894736842
24-30-C-1,4,24,30,C,1,19,0.05263157894736842
24-30-C-1,4,24,30,C,1,20,0.05
24-30-C-1,4,24,30,C,1,20,0.05
24-30-C-1,4,24,30,C,1,20,0.05
24-30-C-1,4,24,30,C,1,20,0.05
24-30-C-1,4,24,30,C,1,20,0.05
24-30-C-1,4,24,30,C,1,20,0.05
24-30-C-1,4,24,30,C,1,21,0.047619047619047616
24-30-C-1,4,24,30,C,1,21,0.047619047619047616
24-30-C-1,4,24,30,C,1,22,0.045454545454545456
24-30-C-1,4,24,30,C,1,22,0.045454545454545456
24-30-C-1,4,24,30,C,1,23,0.043478260869565216
24-30-C-1,4,24,30,C,1,23,0.043478260869565216
24-30-C-2,4,24,30,C,2,12,0.08333333333333333
24-30-C-2,4,24,30,C,2,13,0.07692307692307693
24-30-C-2,4,24,30,C,2,13,0.07692307692307693
24-30-C-2,4,24,30,C,2,13,0.07692307692307693
24-30-C-2,4,24,30,C,2,14,0.07142857142857142
24-30-C-2,4,24,30,C,2,14,0.07142857142857142
24-30-C-2,4,24,30,C,2,14,0.07142857142857142
24-30-C-2,4,24,30,C,2,14,0.07142857142857142
24-30-C-2,4,24,30,C,2,14,0.07142857142857142
24-30-C-2,4,24,30,C,2,14,0.07142857142857142
24-30-C-2,4,24,30,C,2,14,0.07142857142857142
24-30-C-2,4,24,30,C,2,14,0.07142857142857142
24-30-C-2,4,24,30,C,2,14,0.07142857142857142
24-30-C-2,4,24,30,C,2,14,0.07142857142857142
24-30-C-2,4,24,30,C,2,14,0.07142857142857142
24-30-C-2,4,24,30,C,2,14,0.07142857142857142
24-30-C-2,4,24,30,C,2,14,0.07142857142857142
24-30-C-2,4,24,30,C,2,14,0.07142857142857142
24-30-C-2,4,24,30,C,2,14,0.07142857142857142
24-30-C-2,4,24,30,C,2,14,0.07142857142857142
24-30-C-2,4,24,30,C,2,14,0.07142857142857142
24-30-C-2,4,24,30,C,2,14,0.07142857142857142
24-30-C-2,4,24,30,C,2,14,0.07142857142857142
24-30-C-2,4,24,30,C,2,14,0.07142857142857142
24-30-C-2,4,24,30,C,2,14,0.07142857142857142
24-30-C-2,4,24,30,C,2,14,0.07142857142857142
24-30-C-2,4,24,30,C,2,14,0.07142857142857142
24-30-C-2,4,24,30,C,2,14,0.07142857142857142
24-30-C-2,4,24,30,C,2,14,0.07142857142857142
24-30-C-2,4,24,30,C,2,14,0.07142857142857142
24-30-C-2,4,24,30,C,2,15,0.06666666666666667
24-30-C-2,4,24,30,C,2,15,0.06666666666666667
24-30-C-2,4,24,30,C,2,15,0.06666666666666667
24-30-C-2,4,24,30,C,2,15,0.06666666666666667
24-30-C-2,4,24,30,C,2,15,0.06666666666666667
24-30-C-2,4,24,30,C,2,15,0.06666666666666667
24-30-C-2,4,24,30,C,2,15,0.06666666666666667
24-30-C-2,4,24,30,C,2,15,0.06666666666666667
24-30-C-2,4,24,30,C,2,15,0.06666666666666667
24-30-C-2,4,24,30,C,2,15,0.06666666666666667
24-30-C-2,4,24,30,C,2,15,0.06666666666666667
24-30-C-2,4,24,30,C,2,15,0.06666666666666667
24-30-C-2,4,24,30,C,2,15,0.06666666666666667
24-30-C-2,4,24,30,C,2,15,0.06666666666666667
24-30-C-2,4,24,30,C,2,15,0.06666666666666667
24-30-C-2,4,24,30,C,2,15,0.06666666666666667
24-30-C-2,4,24,30,C,2,15,0.06666666666666667
24-30-C-2,4,24,30,C,2,16,0.0625
24-30-C-2,4,24,30,C,2,16,0.0625
24-30-C-2,4,24,30,C,2,16,0.0625
24-30-C-2,4,24,30,C,2,16,0.0625
24-30-C-2,4,24,30,C,2,16,0.0625
24-30-C-2,4,24,30,C,2,16,0.0625
24-30-C-2,4,24,30,C,2,16,0.0625
24-30-C-2,4,24,30,C,2,16,0.0625
24-30-C-2,4,24,30,C,2,16,0.0625
24-30-C-2,4,24,30,C,2,17,0.058823529411764705
24-30-C-2,4,24,30,C,2,17,0.058823529411764705
24-30-C-2,4,24,30,C,2,17,0.058823529411764705
24-30-C-2,4,24,30,C,2,18,0.05555555555555555
24-30-C-2,4,24,30,C,2,18,0.05555555555555555
24-30-C-2,4,24,30,C,2,18,0.05555555555555555
24-30-C-2,4,24,30,C,2,18,0.05555555555555555
24-30-C-2,4,24,30,C,2,19,0.05263157894736842
24-30-C-2,4,24,30,C,2,19,0.05263157894736842
24-30-C-2,4,24,30,C,2,20,0.05
24-30-C-2,4,24,30,C,2,20,0.05
24-30-C-2,4,24,30,C,2,20,0.05
24-30-C-2,4,24,30,C,2,20,0.05
24-30-C-2,4,24,30,C,2,20,0.05
24-30-C-2,4,24,30,C,2,20,0.05
24-30-C-2,4,24,30,C,2,20,0.05
24-30-C-2,4,24,30,C,2,20,0.05
24-30-C-2,4,24,30,C,2,20,0.05
24-30-C-2,4,24,30,C,2,20,0.05
24-30-C-2,4,24,30,C,2,20,0.05
24-30-C-2,4,24,30,C,2,21,0.047619047619047616
24-30-C-2,4,24,30,C,2,21,0.047619047619047616
24-30-C-2,4,24,30,C,2,22,0.045454545454545456
24-30-C-2,4,24,30,C,2,22,0.045454545454545456
24-30-C-2,4,24,30,C,2,22,0.045454545454545456
24-30-C-2,4,24,30,C,2,23,0.043478260869565216
24-30-C-2,4,24,30,C,2,23,0.043478260869565216
24-30-C-2,4,24,30,C,2,23,0.043478260869565216
24-30-C-2,4,24,30,C,2,25,0.04
24-30-C-3,4,24,30,C,3,14,0.07142857142857142
24-30-C-3,4,24,30,C,3,14,0.07142857142857142
24-30-C-3,4,24,30,C,3,15,0.06666666666666667
24-30-C-3,4,24,30,C,3,15,0.06666666666666667
24-30-C-3,4,24,30,C,3,15,0.06666666666666667
24-30-C-3,4,24,30,C,3,15,0.06666666666666667
24-30-C-3,4,24,30,C,3,15,0.06666666666666667
24-30-C-3,4,24,30,C,3,15,0.06666666666666667
24-30-C-3,4,24,30,C,3,15,0.06666666666666667
24-30-C-3,4,24,30,C,3,15,0.06666666666666667
24-30-C-3,4,24,30,C,3,15,0.06666666666666667
24-30-C-3,4,24,30,C,3,15,0.06666666666666667
24-30-C-3,4,24,30,C,3,15,0.06666666666666667
24-30-C-3,4,24,30,C,3,15,0.06666666666666667
24-30-C-3,4,24,30,C,3,15,0.06666666666666667
24-30-C-3,4,24,30,C,3,16,0.0625
24-30-C-3,4,24,30,C,3,16,0.0625
24-30-C-3,4,24,30,C,3,16,0.0625
24-30-C-3,4,24,30,C,3,16,0.0625
24-30-C-3,4,24,30,C,3,16,0.0625
24-30-C-3,4,24,30,C,3,16,0.0625
24-30-C-3,4,24,30,C,3,16,0.0625
24-30-C-3,4,24,30,C,3,16,0.0625
24-30-C-3,4,24,30,C,3,16,0.0625
24-30-C-3,4,24,30,C,3,16,0.0625
24-30-C-3,4,24,30,C,3,16,0.0625
24-30-C-3,4,24,30,C,3,16,0.0625
24-30-C-3,4,24,30,C,3,16,0.0625
24-30-C-3,4,24,30,C,3,16,0.0625
24-30-C-3,4,24,30,C,3,16,0.0625
24-30-C-3,4,24,30,C,3,17,0.058823529411764705
24-30-C-3,4,24,30,C,3,17,0.058823529411764705
24-30-C-3,4,24,30,C,3,17,0.058823529411764705
24-30-C-3,4,24,30,C,3,17,0.058823529411764705
24-30-C-3,4,24,30,C,3,17,0.058823529411764705
24-30-C-3,4,24,30,C,3,17,0.058823529411764705
24-30-C-3,4,24,30,C,3,17,0.058823529411764705
24-30-C-3,4,24,30,C,3,17,0.058823529411764705
24-30-C-3,4,24,30,C,3,17,0.058823529411764705
24-30-C-3,4,24,30,C,3,17,0.058823529411764705
24-30-C-3,4,24,30,C,3,17,0.058823529411764705
24-30-C-3,4,24,30,C,3,18,0.05555555555555555
24-30-C-3,4,24,30,C,3,18,0.05555555555555555
24-30-C-3,4,24,30,C,3,18,0.05555555555555555
24-30-C-3,4,24,30,C,3,18,0.05555555555555555
24-30-C-3,4,24,30,C,3,18,0.05555555555555555
24-30-C-3,4,24,30,C,3,18,0.05555555555555555
24-30-C-3,4,24,30,C,3,18,0.05555555555555555
24-30-C-3,4,24,30,C,3,19,0.05263157894736842
24-30-C-3,4,24,30,C,3,20,0.05
24-30-C-3,4,24,30,C,3,20,0.05
24-30-C-3,4,24,30,C,3,20,0.05
24-30-C-3,4,24,30,C,3,20,0.05
24-30-C-3,4,24,30,C,3,20,0.05
24-30-C-3,4,24,30,C,3,21,0.047619047619047616
24-30-C-3,4,24,30,C,3,21,0.047619047619047616
24-30-C-3,4,24,30,C,3,21,0.047619047619047616
24-30-C-3,4,24,30,C,3,22,0.045454545454545456
24-30-C-3,4,24,30,C,3,22,0.045454545454545456
24-30-C-3,4,24,30,C,3,22,0.045454545454545456
24-30-C-3,4,24,30,C,3,22,0.045454545454545456
24-30-C-3,4,24,30,C,3,22,0.045454545454545456
24-30-C-3,4,24,30,C,3,23,0.043478260869565216
24-30-C-3,4,24,30,C,3,25,0.04
20-90-C-1,4,20,90,C,1,15,0.06666666666666667
20-90-C-1,4,20,90,C,1,15,0.06666666666666667
20-90-C-1,4,20,90,C,1,15,0.06666666666666667
20-90-C-1,4,20,90,C,1,15,0.06666666666666667
20-90-C-1,4,20,90,C,1,15,0.06666666666666667
20-90-C-1,4,20,90,C,1,15,0.06666666666666667
20-90-C-1,4,20,90,C,1,15,0.06666666666666667
20-90-C-1,4,20,90,C,1,16,0.0625
20-90-C-1,4,20,90,C,1,16,0.0625
20-90-C-1,4,20,90,C,1,16,0.0625
20-90-C-1,4,20,90,C,1,16,0.0625
20-90-C-1,4,20,90,C,1,16,0.0625
20-90-C-1,4,20,90,C,1,16,0.0625
20-90-C-1,4,20,90,C,1,16,0.0625
20-90-C-1,4,20,90,C,1,16,0.0625
20-90-C-1,4,20,90,C,1,16,0.0625
20-90-C-1,4,20,90,C,1,16,0.0625
20-90-C-1,4,20,90,C,1,16,0.0625
20-90-C-1,4,20,90,C,1,16,0.0625
20-90-C-1,4,20,90,C,1,16,0.0625
20-90-C-1,4,20,90,C,1,16,0.0625
20-90-C-1,4,20,90,C,1,16,0.0625
20-90-C-1,4,20,90,C,1,16,0.0625
20-90-C-1,4,20,90,C,1,16,0.0625
20-90-C-1,4,20,90,C,1,16,0.0625
20-90-C-1,4,20,90,C,1,16,0.0625
20-90-C-1,4,20,90,C,1,16,0.0625
20-90-C-1,4,20,90,C,1,16,0.0625
20-90-C-1,4,20,90,C,1,16,0.0625
20-90-C-1,4,20,90,C,1,16,0.0625
20-90-C-1,4,20,90,C,1,16,0.0625
20-90-C-1,4,20,90,C,1,16,0.0625
20-90-C-1,4,20,90,C,1,16,0.0625
20-90-C-1,4,20,90,C,1,16,0.0625
20-90-C-1,4,20,90,C,1,16,0.0625
20-90-C-1,4,20,90,C,1,16,0.0625
20-90-C-1,4,20,90,C,1,16,0.0625
20-90-C-1,4,20,90,C,1,16,0.0625
20-90-C-1,4,20,90,C,1,16,0.0625
20-90-C-1,4,20,90,C,1,16,0.0625
20-90-C-1,4,20,90,C,1,16,0.0625
20-90-C-1,4,20,90,C,1,16,0.0625
20-90-C-1,4,20,90,C,1,16,0.0625
20-90-C-1,4,20,90,C,1,16,0.0625
20-90-C-1,4,20,90,C,1,16,0.0625
20-90-C-1,4,20,90,C,1,16,0.0625
20-90-C-1,4,20,90,C,1,17,0.058823529411764705
20-90-C-1,4,20,90,C,1,17,0.058823529411764705
20-90-C-1,4,20,90,C,1,17,0.058823529411764705
20-90-C-1,4,20,90,C,1,17,0.058823529411764705
20-90-C-1,4,20,90,C,1,17,0.058823529411764705
20-90-C-1,4,20,90,C,1,17,0.058823529411764705
20-90-C-1,4,20,90,C,1,17,0.058823529411764705
20-90-C-1,4,20,90,C,1,17,0.058823529411764705
20-90-C-1,4,20,90,C,1,17,0.058823529411764705
20-90-C-1,4,20,90,C,1,17,0.058823529411764705
20-90-C-1,4,20,90,C,1,17,0.058823529411764705
20-90-C-1,4,20,90,C,1,17,0.058823529411764705
20-90-C-1,4,20,90,C,1,17,0.058823529411764705
20-90-C-1,4,20,90,C,1,17,0.058823529411764705
20-90-C-1,4,20,90,C,1,17,0.058823529411764705
20-90-C-1,4,20,90,C,1,17,0.058823529411764705
20-90-C-1,4,20,90,C,1,17,0.058823529411764705
20-90-C-1,4,20,90,C,1,17,0.058823529411764705
20-90-C-1,4,20,90,C,1,17,0.058823529411764705
20-90-C-1,4,20,90,C,1,17,0.058823529411764705
20-90-C-1,4,20,90,C,1,18,0.05555555555555555
20-90-C-1,4,20,90,C,1,18,0.05555555555555555
20-90-C-1,4,20,90,C,1,18,0.05555555555555555
20-90-C-1,4,20,90,C,1,18,0.05555555555555555
20-90-C-1,4,20,90,C,1,18,0.05555555555555555
20-90-C-1,4,20,90,C,1,18,0.05555555555555555
20-90-C-1,4,20,90,C,1,18,0.05555555555555555
20-90-C-1,4,20,90,C,1,18,0.05555555555555555
20-90-C-1,4,20,90,C,1,18,0.05555555555555555
20-90-C-1,4,20,90,C,1,19,0.05263157894736842
20-90-C-1,4,20,90,C,1,19,0.05263157894736842
20-90-C-1,4,20,90,C,1,19,0.05263157894736842
20-90-C-1,4,20,90,C,1,19,0.05263157894736842
20-90-C-1,4,20,90,C,1,19,0.05263157894736842
20-90-C-1,4,20,90,C,1,19,0.05263157894736842
20-90-C-1,4,20,90,C,1,22,0.045454545454545456
20-90-C-1,4,20,90,C,1,22,0.045454545454545456
20-90-C-1,4,20,90,C,1,23,0.043478260869565216
20-90-C-2,4,20,90,C,2,15,0.06666666666666667
20-90-C-2,4,20,90,C,2,15,0.06666666666666667
20-90-C-2,4,20,90,C,2,15,0.06666666666666667
20-90-C-2,4,20,90,C,2,16,0.0625
20-90-C-2,4,20,90,C,2,16,0.0625
20-90-C-2,4,20,90,C,2,16,0.0625
20-90-C-2,4,20,90,C,2,16,0.0625
20-90-C-2,4,20,90,C,2,16,0.0625
20-90-C-2,4,20,90,C,2,16,0.0625
20-90-C-2,4,20,90,C,2,16,0.0625
20-90-C-2,4,20,90,C,2,16,0.0625
20-90-C-2,4,20,90,C,2,16,0.0625
20-90-C-2,4,20,90,C,2,16,0.0625
20-90-C-2,4,20,90,C,2,16,0.0625
20-90-C-2,4,20,90,C,2,16,0.0625
20-90-C-2,4,20,90,C,2,16,0.0625
20-90-C-2,4,20,90,C,2,16,0.0625
20-90-C-2,4,20,90,C,2,16,0.0625
20-90-C-2,4,20,90,C,2,16,0.0625
20-90-C-2,4,20,90,C,2,16,0.0625
20-90-C-2,4,20,90,C,2,16,0.0625
20-90-C-2,4,20,90,C,2,16,0.0625
20-90-C-2,4,20,90,C,2,16,0.0625
20-90-C-2,4,20,90,C,2,16,0.0625
20-90-C-2,4,20,90,C,2,16,0.0625
20-90-C-2,4,20,90,C,2,16,0.0625
20-90-C-2,4,20,90,C,2,17,0.058823529411764705
20-90-C-2,4,20,90,C,2,17,0.058823529411764705
20-90-C-2,4,20,90,C,2,17,0.058823529411764705
20-90-C-2,4,20,90,C,2,17,0.058823529411764705
20-90-C-2,4,20,90,C,2,17,0.058823529411764705
20-90-C-2,4,20,90,C,2,17,0.058823529411764705
20-90-C-2,4,20,90,C,2,17,0.058823529411764705
20-90-C-2,4,20,90,C,2,17,0.058823529411764705
20-90-C-2,4,20,90,C,2,17,0.058823529411764705
20-90-C-2,4,20,90,C,2,17,0.058823529411764705
20-90-C-2,4,20,90,C,2,17,0.058823529411764705
20-90-C-2,4,20,90,C,2,17,0.058823529411764705
20-90-C-2,4,20,90,C,2,17,0.058823529411764705
20-90-C-2,4,20,90,C,2,17,0.058823529411764705
20-90-C-2,4,20,90,C,2,17,0.058823529411764705
20-90-C-2,4,20,90,C,2,17,0.058823529411764705
20-90-C-2,4,20,90,C,2,17,0.058823529411764705
20-90-C-2,4,20,90,C,2,17,0.058823529411764705
20-90-C-2,4,20,90,C,2,17,0.058823529411764705
20-90-C-2,4,20,90,C,2,17,0.058823529411764705
20-90-C-2,4,20,90,C,2,17,0.058823529411764705
20-90-C-2,4,20,90,C,2,17,0.058823529411764705
20-90-C-2,4,20,90,C,2,17,0.058823529411764705
20-90-C-2,4,20,90,C,2,17,0.058823529411764705
20-90-C-2,4,20,90,C,2,17,0.058823529411764705
20-90-C-2,4,20,90,C,2,18,0.05555555555555555
20-90-C-2,4,20,90,C,2,18,0.05555555555555555
20-90-C-2,4,20,90,C,2,18,0.05555555555555555
20-90-C-2,4,20,90,C,2,18,0.05555555555555555
20-90-C-2,4,20,90,C,2,18,0.05555555555555555
20-90-C-2,4,20,90,C,2,18,0.05555555555555555
20-90-C-2,4,20,90,C,2,18,0.05555555555555555
20-90-C-2,4,20,90,C,2,18,0.05555555555555555
20-90-C-2,4,20,90,C,2,18,0.05555555555555555
20-90-C-2,4,20,90,C,2,18,0.05555555555555555
20-90-C-2,4,20,90,C,2,19,0.05263157894736842
20-90-C-2,4,20,90,C,2,19,0.05263157894736842
20-90-C-2,4,20,90,C,2,19,0.05263157894736842
20-90-C-2,4,20,90,C,2,19,0.05263157894736842
20-90-C-2,4,20,90,C,2,19,0.05263157894736842
20-90-C-2,4,20,90,C,2,22,0.045454545454545456
20-90-C-2,4,20,90,C,2,22,0.045454545454545456
20-90-C-2,4,20,90,C,2,22,0.045454545454545456
20-90-C-2,4,20,90,C,2,22,0.045454545454545456
20-90-C-2,4,20,90,C,2,22,0.045454545454545456
20-90-C-2,4,20,90,C,2,22,0.045454545454545456
20-90-C-2,4,20,90,C,2,22,0.045454545454545456
20-90-C-2,4,20,90,C,2,22,0.045454545454545456
20-90-C-2,4,20,90,C,2,22,0.045454545454545456
20-90-C-2,4,20,90,C,2,23,0.043478260869565216
20-90-C-2,4,20,90,C,2,23,0.043478260869565216
20-90-C-2,4,20,90,C,2,23,0.043478260869565216
20-90-C-2,4,20,90,C,2,23,0.043478260869565216
20-90-C-3,4,20,90,C,3,14,0.07142857142857142
20-90-C-3,4,20,90,C,3,15,0.06666666666666667
20-90-C-3,4,20,90,C,3,15,0.06666666666666667
20-90-C-3,4,20,90,C,3,15,0.06666666666666667
20-90-C-3,4,20,90,C,3,15,0.06666666666666667
20-90-C-3,4,20,90,C,3,15,0.06666666666666667
20-90-C-3,4,20,90,C,3,15,0.06666666666666667
20-90-C-3,4,20,90,C,3,15,0.06666666666666667
20-90-C-3,4,20,90,C,3,15,0.06666666666666667
20-90-C-3,4,20,90,C,3,15,0.06666666666666667
20-90-C-3,4,20,90,C,3,15,0.06666666666666667
20-90-C-3,4,20,90,C,3,15,0.06666666666666667
20-90-C-3,4,20,90,C,3,15,0.06666666666666667
20-90-C-3,4,20,90,C,3,15,0.06666666666666667
20-90-C-3,4,20,90,C,3,15,0.06666666666666667
20-90-C-3,4,20,90,C,3,15,0.06666666666666667
20-90-C-3,4,20,90,C,3,15,0.06666666666666667
20-90-C-3,4,20,90,C,3,15,0.06666666666666667
20-90-C-3,4,20,90,C,3,15,0.06666666666666667
20-90-C-3,4,20,90,C,3,15,0.06666666666666667
20-90-C-3,4,20,90,C,3,16,0.0625
20-90-C-3,4,20,90,C,3,16,0.0625
20-90-C-3,4,20,90,C,3,16,0.0625
20-90-C-3,4,20,90,C,3,16,0.0625
20-90-C-3,4,20,90,C,3,16,0.0625
20-90-C-3,4,20,90,C,3,16,0.0625
20-90-C-3,4,20,90,C,3,16,0.0625
20-90-C-3,4,20,90,C,3,16,0.0625
20-90-C-3,4,20,90,C,3,16,0.0625
20-90-C-3,4,20,90,C,3,16,0.0625
20-90-C-3,4,20,90,C,3,16,0.0625
20-90-C-3,4,20,90,C,3,16,0.0625
20-90-C-3,4,20,90,C,3,16,0.0625
20-90-C-3,4,20,90,C,3,16,0.0625
20-90-C-3,4,20,90,C,3,16,0.0625
20-90-C-3,4,20,90,C,3,16,0.0625
20-90-C-3,4,20,90,C,3,16,0.0625
20-90-C-3,4,20,90,C,3,16,0.0625
20-90-C-3,4,20,90,C,3,16,0.0625
20-90-C-3,4,20,90,C,3,16,0.0625
20-90-C-3,4,20,90,C,3,16,0.0625
20-90-C-3,4,20,90,C,3,16,0.0625
20-90-C-3,4,20,90,C,3,16,0.0625
20-90-C-3,4,20,90,C,3,16,0.0625
20-90-C-3,4,20,90,C,3,16,0.0625
20-90-C-3,4,20,90,C,3,16,0.0625
20-90-C-3,4,20,90,C,3,16,0.0625
20-90-C-3,4,20,90,C,3,16,0.0625
20-90-C-3,4,20,90,C,3,16,0.0625
20-90-C-3,4,20,90,C,3,16,0.0625
20-90-C-3,4,20,90,C,3,16,0.0625
20-90-C-3,4,20,90,C,3,16,0.0625
20-90-C-3,4,20,90,C,3,16,0.0625
20-90-C-3,4,20,90,C,3,16,0.0625
20-90-C-3,4,20,90,C,3,16,0.0625
20-90-C-3,4,20,90,C,3,16,0.0625
20-90-C-3,4,20,90,C,3,16,0.0625
20-90-C-3,4,20,90,C,3,16,0.0625
20-90-C-3,4,20,90,C,3,17,0.058823529411764705
20-90-C-3,4,20,90,C,3,17,0.058823529411764705
20-90-C-3,4,20,90,C,3,17,0.058823529411764705
20-90-C-3,4,20,90,C,3,17,0.058823529411764705
20-90-C-3,4,20,90,C,3,17,0.058823529411764705
20-90-C-3,4,20,90,C,3,17,0.058823529411764705
20-90-C-3,4,20,90,C,3,17,0.058823529411764705
20-90-C-3,4,20,90,C,3,17,0.058823529411764705
20-90-C-3,4,20,90,C,3,17,0.058823529411764705
20-90-C-3,4,20,90,C,3,17,0.058823529411764705
20-90-C-3,4,20,90,C,3,17,0.058823529411764705
20-90-C-3,4,20,90,C,3,17,0.058823529411764705
20-90-C-3,4,20,90,C,3,18,0.05555555555555555
20-90-C-3,4,20,90,C,3,18,0.05555555555555555
20-90-C-3,4,20,90,C,3,18,0.05555555555555555
20-90-C-3,4,20,90,C,3,18,0.05555555555555555
20-90-C-3,4,20,90,C,3,18,0.05555555555555555
20-90-C-3,4,20,90,C,3,18,0.05555555555555555
20-90-C-3,4,20,90,C,3,18,0.05555555555555555
20-90-C-3,4,20,90,C,3,18,0.05555555555555555
20-90-C-3,4,20,90,C,3,18,0.05555555555555555
20-90-C-3,4,20,90,C,3,18,0.05555555555555555
20-90-C-3,4,20,90,C,3,20,0.05
20-90-C-3,4,20,90,C,3,20,0.05
20-90-C-3,4,20,90,C,3,21,0.047619047619047616
20-90-C-3,4,20,90,C,3,21,0.047619047619047616
20-90-C-3,4,20,90,C,3,22,0.045454545454545456
20-90-C-3,4,20,90,C,3,23,0.043478260869565216
20-90-C-3,4,20,90,C,3,23,0.043478260869565216
20-90-C-3,4,20,90,C,3,23,0.043478260869565216
20-90-E-1,4,20,90,E,1,15,0.06666666666666667
20-90-E-1,4,20,90,E,1,15,0.06666666666666667
20-90-E-1,4,20,90,E,1,15,0.06666666666666667
20-90-E-1,4,20,90,E,1,15,0.06666666666666667
20-90-E-1,4,20,90,E,1,15,0.06666666666666667
20-90-E-1,4,20,90,E,1,16,0.0625
20-90-E-1,4,20,90,E,1,16,0.0625
20-90-E-1,4,20,90,E,1,16,0.0625
20-90-E-1,4,20,90,E,1,16,0.0625
20-90-E-1,4,20,90,E,1,16,0.0625
20-90-E-1,4,20,90,E,1,16,0.0625
20-90-E-1,4,20,90,E,1,16,0.0625
20-90-E-1,4,20,90,E,1,16,0.0625
20-90-E-1,4,20,90,E,1,16,0.0625
20-90-E-1,4,20,90,E,1,16,0.0625
20-90-E-1,4,20,90,E,1,16,0.0625
20-90-E-1,4,20,90,E,1,16,0.0625
20-90-E-1,4,20,90,E,1,16,0.0625
20-90-E-1,4,20,90,E,1,16,0.0625
20-90-E-1,4,20,90,E,1,16,0.0625
20-90-E-1,4,20,90,E,1,16,0.0625
20-90-E-1,4,20,90,E,1,16,0.0625
20-90-E-1,4,20,90,E,1,16,0.0625
20-90-E-1,4,20,90,E,1,16,0.0625
20-90-E-1,4,20,90,E,1,16,0.0625
20-90-E-1,4,20,90,E,1,16,0.0625
20-90-E-1,4,20,90,E,1,16,0.0625
20-90-E-1,4,20,90,E,1,16,0.0625
20-90-E-1,4,20,90,E,1,16,0.0625
20-90-E-1,4,20,90,E,1,16,0.0625
20-90-E-1,4,20,90,E,1,17,0.058823529411764705
20-90-E-1,4,20,90,E,1,17,0.058823529411764705
20-90-E-1,4,20,90,E,1,17,0.058823529411764705
20-90-E-1,4,20,90,E,1,17,0.058823529411764705
20-90-E-1,4,20,90,E,1,17,0.058823529411764705
20-90-E-1,4,20,90,E,1,17,0.058823529411764705
20-90-E-1,4,20,90,E,1,17,0.058823529411764705
20-90-E-1,4,20,90,E,1,17,0.058823529411764705
20-90-E-1,4,20,90,E,1,17,0.058823529411764705
20-90-E-1,4,20,90,E,1,17,0.058823529411764705
20-90-E-1,4,20,90,E,1,17,0.058823529411764705
20-90-E-1,4,20,90,E,1,17,0.058823529411764705
20-90-E-1,4,20,90,E,1,17,0.058823529411764705
20-90-E-1,4,20,90,E,1,17,0.058823529411764705
20-90-E-1,4,20,90,E,1,17,0.058823529411764705
20-90-E-1,4,20,90,E,1,17,0.058823529411764705
20-90-E-1,4,20,90,E,1,18,0.05555555555555555
20-90-E-1,4,20,90,E,1,18,0.05555555555555555
20-90-E-1,4,20,90,E,1,18,0.05555555555555555
20-90-E-1,4,20,90,E,1,18,0.05555555555555555
20-90-E-1,4,20,90,E,1,18,0.05555555555555555
20-90-E-1,4,20,90,E,1,18,0.05555555555555555
20-90-E-1,4,20,90,E,1,19,0.05263157894736842
20-90-E-1,4,20,90,E,1,19,0.05263157894736842
20-90-E-1,4,20,90,E,1,19,0.05263157894736842
20-90-E-1,4,20,90,E,1,20,0.05
20-90-E-1,4,20,90,E,1,20,0.05
20-90-E-1,4,20,90,E,1,21,0.047619047619047616
20-90-E-1,4,20,90,E,1,21,0.047619047619047616
20-90-E-1,4,20,90,E,1,22,0.045454545454545456
20-90-E-1,4,20,90,E,1,22,0.045454545454545456
20-90-E-1,4,20,90,E,1,22,0.045454545454545456
20-90-E-1,4,20,90,E,1,22,0.045454545454545456
20-90-E-1,4,20,90,E,1,23,0.043478260869565216
20-90-E-1,4,20,90,E,1,23,0.043478260869565216
20-90-E-1,4,20,90,E,1,23,0.043478260869565216
20-90-E-1,4,20,90,E,1,23,0.043478260869565216
20-90-E-1,4,20,90,E,1,23,0.043478260869565216
20-90-E-1,4,20,90,E,1,23,0.043478260869565216
20-90-E-1,4,20,90,E,1,24,0.041666666666666664
20-90-E-1,4,20,90,E,1,25,0.04
20-90-E-2,4,20,90,E,2,15,0.06666666666666667
20-90-E-2,4,20,90,E,2,15,0.06666666666666667
20-90-E-2,4,20,90,E,2,15,0.06666666666666667
20-90-E-2,4,20,90,E,2,15,0.06666666666666667
20-90-E-2,4,20,90,E,2,15,0.06666666666666667
20-90-E-2,4,20,90,E,2,15,0.06666666666666667
20-90-E-2,4,20,90,E,2,15,0.06666666666666667
20-90-E-2,4,20,90,E,2,15,0.06666666666666667
20-90-E-2,4,20,90,E,2,16,0.0625
20-90-E-2,4,20,90,E,2,16,0.0625
20-90-E-2,4,20,90,E,2,16,0.0625
20-90-E-2,4,20,90,E,2,16,0.0625
20-90-E-2,4,20,90,E,2,16,0.0625
20-90-E-2,4,20,90,E,2,16,0.0625
20-90-E-2,4,20,90,E,2,16,0.0625
20-90-E-2,4,20,90,E,2,16,0.0625
20-90-E-2,4,20,90,E,2,16,0.0625
20-90-E-2,4,20,90,E,2,16,0.0625
20-90-E-2,4,20,90,E,2,16,0.0625
20-90-E-2,4,20,90,E,2,16,0.0625
20-90-E-2,4,20,90,E,2,16,0.0625
20-90-E-2,4,20,90,E,2,16,0.0625
20-90-E-2,4,20,90,E,2,16,0.0625
20-90-E-2,4,20,90,E,2,16,0.0625
20-90-E-2,4,20,90,E,2,16,0.0625
20-90-E-2,4,20,90,E,2,16,0.0625
20-90-E-2,4,20,90,E,2,16,0.0625
20-90-E-2,4,20,90,E,2,16,0.0625
20-90-E-2,4,20,90,E,2,16,0.0625
20-90-E-2,4,20,90,E,2,16,0.0625
20-90-E-2,4,20,90,E,2,16,0.0625
20-90-E-2,4,20,90,E,2,16,0.0625
20-90-E-2,4,20,90,E,2,16,0.0625
20-90-E-2,4,20,90,E,2,16,0.0625
20-90-E-2,4,20,90,E,2,17,0.058823529411764705
20-90-E-2,4,20,90,E,2,17,0.058823529411764705
20-90-E-2,4,20,90,E,2,17,0.058823529411764705
20-90-E-2,4,20,90,E,2,17,0.058823529411764705
20-90-E-2,4,20,90,E,2,17,0.058823529411764705
20-90-E-2,4,20,90,E,2,17,0.058823529411764705
20-90-E-2,4,20,90,E,2,17,0.058823529411764705
20-90-E-2,4,20,90,E,2,17,0.058823529411764705
20-90-E-2,4,20,90,E,2,17,0.058823529411764705
20-90-E-2,4,20,90,E,2,17,0.058823529411764705
20-90-E-2,4,20,90,E,2,17,0.058823529411764705
20-90-E-2,4,20,90,E,2,17,0.058823529411764705
20-90-E-2,4,20,90,E,2,17,0.058823529411764705
20-90-E-2,4,20,90,E,2,18,0.05555555555555555
20-90-E-2,4,20,90,E,2,18,0.05555555555555555
20-90-E-2,4,20,90,E,2,18,0.05555555555555555
20-90-E-2,4,20,90,E,2,18,0.05555555555555555
20-90-E-2,4,20,90,E,2,18,0.05555555555555555
20-90-E-2,4,20,90,E,2,18,0.05555555555555555
20-90-E-2,4,20,90,E,2,18,0.05555555555555555
20-90-E-2,4,20,90,E,2,18,0.05555555555555555
20-90-E-2,4,20,90,E,2,19,0.05263157894736842
20-90-E-2,4,20,90,E,2,19,0.05263157894736842
20-90-E-2,4,20,90,E,2,19,0.05263157894736842
20-90-E-2,4,20,90,E,2,20,0.05
20-90-E-2,4,20,90,E,2,20,0.05
20-90-E-2,4,20,90,E,2,21,0.047619047619047616
20-90-E-2,4,20,90,E,2,21,0.047619047619047616
20-90-E-2,4,20,90,E,2,22,0.045454545454545456
20-90-E-2,4,20,90,E,2,22,0.045454545454545456
20-90-E-2,4,20,90,E,2,22,0.045454545454545456
20-90-E-2,4,20,90,E,2,22,0.045454545454545456
20-90-E-2,4,20,90,E,2,22,0.045454545454545456
20-90-E-2,4,20,90,E,2,22,0.045454545454545456
20-90-E-2,4,20,90,E,2,23,0.043478260869565216
20-90-E-2,4,20,90,E,2,23,0.043478260869565216
20-90-E-2,4,20,90,E,2,23,0.043478260869565216
20-90-E-2,4,20,90,E,2,23,0.043478260869565216
20-90-E-2,4,20,90,E,2,23,0.043478260869565216
20-90-E-2,4,20,90,E,2,23,0.043478260869565216
20-90-E-2,4,20,90,E,2,23,0.043478260869565216
20-90-E-2,4,20,90,E,2,23,0.043478260869565216
20-90-E-2,4,20,90,E,2,23,0.043478260869565216
20-90-E-2,4,20,90,E,2,23,0.043478260869565216
20-90-E-2,4,20,90,E,2,23,0.043478260869565216
20-90-E-2,4,20,90,E,2,24,0.041666666666666664
20-90-E-2,4,20,90,E,2,24,0.041666666666666664
20-90-E-2,4,20,90,E,2,25,0.04
20-90-E-2,4,20,90,E,2,25,0.04
20-90-E-3,4,20,90,E,3,15,0.06666666666666667
20-90-E-3,4,20,90,E,3,15,0.06666666666666667
20-90-E-3,4,20,90,E,3,15,0.06666666666666667
20-90-E-3,4,20,90,E,3,15,0.06666666666666667
20-90-E-3,4,20,90,E,3,15,0.06666666666666667
20-90-E-3,4,20,90,E,3,15,0.06666666666666667
20-90-E-3,4,20,90,E,3,15,0.06666666666666667
20-90-E-3,4,20,90,E,3,15,0.06666666666666667
20-90-E-3,4,20,90,E,3,15,0.06666666666666667
20-90-E-3,4,20,90,E,3,15,0.06666666666666667
20-90-E-3,4,20,90,E,3,15,0.06666666666666667
20-90-E-3,4,20,90,E,3,15,0.06666666666666667
20-90-E-3,4,20,90,E,3,15,0.06666666666666667
20-90-E-3,4,20,90,E,3,15,0.06666666666666667
20-90-E-3,4,20,90,E,3,15,0.06666666666666667
20-90-E-3,4,20,90,E,3,15,0.06666666666666667
20-90-E-3,4,20,90,E,3,15,0.06666666666666667
20-90-E-3,4,20,90,E,3,15,0.06666666666666667
20-90-E-3,4,20,90,E,3,15,0.06666666666666667
20-90-E-3,4,20,90,E,3,15,0.06666666666666667
20-90-E-3,4,20,90,E,3,15,0.06666666666666667
20-90-E-3,4,20,90,E,3,16,0.0625
20-90-E-3,4,20,90,E,3,16,0.0625
20-90-E-3,4,20,90,E,3,16,0.0625
20-90-E-3,4,20,90,E,3,16,0.0625
20-90-E-3,4,20,90,E,3,16,0.0625
20-90-E-3,4,20,90,E,3,16,0.0625
20-90-E-3,4,20,90,E,3,16,0.0625
20-90-E-3,4,20,90,E,3,16,0.0625
20-90-E-3,4,20,90,E,3,16,0.0625
20-90-E-3,4,20,90,E,3,16,0.0625
20-90-E-3,4,20,90,E,3,16,0.0625
20-90-E-3,4,20,90,E,3,16,0.0625
20-90-E-3,4,20,90,E,3,16,0.0625
20-90-E-3,4,20,90,E,3,16,0.0625
20-90-E-3,4,20,90,E,3,16,0.0625
20-90-E-3,4,20,90,E,3,16,0.0625
20-90-E-3,4,20,90,E,3,16,0.0625
20-90-E-3,4,20,90,E,3,16,0.0625
20-90-E-3,4,20,90,E,3,16,0.0625
20-90-E-3,4,20,90,E,3,16,0.0625
20-90-E-3,4,20,90,E,3,16,0.0625
20-90-E-3,4,20,90,E,3,16,0.0625
20-90-E-3,4,20,90,E,3,16,0.0625
20-90-E-3,4,20,90,E,3,16,0.0625
20-90-E-3,4,20,90,E,3,16,0.0625
20-90-E-3,4,20,90,E,3,16,0.0625
20-90-E-3,4,20,90,E,3,16,0.0625
20-90-E-3,4,20,90,E,3,16,0.0625
20-90-E-3,4,20,90,E,3,16,0.0625
20-90-E-3,4,20,90,E,3,16,0.0625
20-90-E-3,4,20,90,E,3,16,0.0625
20-90-E-3,4,20,90,E,3,17,0.058823529411764705
20-90-E-3,4,20,90,E,3,17,0.058823529411764705
20-90-E-3,4,20,90,E,3,17,0.058823529411764705
20-90-E-3,4,20,90,E,3,17,0.058823529411764705
20-90-E-3,4,20,90,E,3,17,0.058823529411764705
20-90-E-3,4,20,90,E,3,17,0.058823529411764705
20-90-E-3,4,20,90,E,3,17,0.058823529411764705
20-90-E-3,4,20,90,E,3,17,0.058823529411764705
20-90-E-3,4,20,90,E,3,17,0.058823529411764705
20-90-E-3,4,20,90,E,3,17,0.058823529411764705
20-90-E-3,4,20,90,E,3,17,0.058823529411764705
20-90-E-3,4,20,90,E,3,17,0.058823529411764705
20-90-E-3,4,20,90,E,3,18,0.05555555555555555
20-90-E-3,4,20,90,E,3,18,0.05555555555555555
20-90-E-3,4,20,90,E,3,18,0.05555555555555555
20-90-E-3,4,20,90,E,3,18,0.05555555555555555
20-90-E-3,4,20,90,E,3,18,0.05555555555555555
20-90-E-3,4,20,90,E,3,18,0.05555555555555555
20-90-E-3,4,20,90,E,3,18,0.05555555555555555
20-90-E-3,4,20,90,E,3,18,0.05555555555555555
20-90-E-3,4,20,90,E,3,19,0.05263157894736842
20-90-E-3,4,20,90,E,3,19,0.05263157894736842
20-90-E-3,4,20,90,E,3,19,0.05263157894736842
20-90-E-3,4,20,90,E,3,19,0.05263157894736842
20-90-E-3,4,20,90,E,3,19,0.05263157894736842
20-90-E-3,4,20,90,E,3,20,0.05
20-90-E-3,4,20,90,E,3,21,0.047619047619047616
16-45-C-2,4,16,45,C,2,40,0.025
16-45-C-2,4,16,45,C,2,41,0.024390243902439025
16-45-C-3,4,16,45,C,3,38,0.02631578947368421
16-45-C-3,4,16,45,C,3,39,0.02564102564102564
16-45-C-3,4,16,45,C,3,39,0.02564102564102564
16-45-C-3,4,16,45,C,3,40,0.025
16-45-C-3,4,16,45,C,3,40,0.025
16-45-C-3,4,16,45,C,3,41,0.024390243902439025
16-45-C-3,4,16,45,C,3,41,0.024390243902439025
38-45-C-1,5,38,45,C,1,6,0.16666666666666666
38-45-C-1,5,38,45,C,1,6,0.16666666666666666
38-45-C-1,5,38,45,C,1,6,0.16666666666666666
38-45-C-1,5,38,45,C,1,6,0.16666666666666666
38-45-C-1,5,38,45,C,1,6,0.16666666666666666
38-45-C-1,5,38,45,C,1,6,0.16666666666666666
38-45-C-1,5,38,45,C,1,6,0.16666666666666666
38-45-C-1,5,38,45,C,1,6,0.16666666666666666
38-45-C-1,5,38,45,C,1,6,0.16666666666666666
38-45-C-1,5,38,45,C,1,6,0.16666666666666666
38-45-C-1,5,38,45,C,1,6,0.16666666666666666
38-45-C-1,5,38,45,C,1,6,0.16666666666666666
38-45-C-1,5,38,45,C,1,6,0.16666666666666666
38-45-C-1,5,38,45,C,1,6,0.16666666666666666
38-45-C-1,5,38,45,C,1,6,0.16666666666666666
38-45-C-1,5,38,45,C,1,6,0.16666666666666666
38-45-C-1,5,38,45,C,1,6,0.16666666666666666
38-45-C-1,5,38,45,C,1,6,0.16666666666666666
38-45-C-1,5,38,45,C,1,6,0.16666666666666666
38-45-C-1,5,38,45,C,1,7,0.14285714285714285
38-45-C-1,5,38,45,C,1,7,0.14285714285714285
38-45-C-1,5,38,45,C,1,7,0.14285714285714285
38-45-C-1,5,38,45,C,1,7,0.14285714285714285
38-45-C-1,5,38,45,C,1,7,0.14285714285714285
38-45-C-1,5,38,45,C,1,7,0.14285714285714285
38-45-C-1,5,38,45,C,1,7,0.14285714285714285
38-45-C-1,5,38,45,C,1,7,0.14285714285714285
38-45-C-1,5,38,45,C,1,7,0.14285714285714285
38-45-C-1,5,38,45,C,1,7,0.14285714285714285
38-45-C-1,5,38,45,C,1,7,0.14285714285714285
38-45-C-1,5,38,45,C,1,7,0.14285714285714285
38-45-C-1,5,38,45,C,1,7,0.14285714285714285
38-45-C-1,5,38,45,C,1,7,0.14285714285714285
38-45-C-1,5,38,45,C,1,7,0.14285714285714285
38-45-C-1,5,38,45,C,1,7,0.14285714285714285
38-45-C-1,5,38,45,C,1,7,0.14285714285714285
38-45-C-1,5,38,45,C,1,7,0.14285714285714285
38-45-C-1,5,38,45,C,1,7,0.14285714285714285
38-45-C-1,5,38,45,C,1,7,0.14285714285714285
38-45-C-1,5,38,45,C,1,7,0.14285714285714285
38-45-C-1,5,38,45,C,1,8,0.125
38-45-C-1,5,38,45,C,1,8,0.125
38-45-C-1,5,38,45,C,1,8,0.125
38-45-C-1,5,38,45,C,1,8,0.125
38-45-C-1,5,38,45,C,1,8,0.125
38-45-C-1,5,38,45,C,1,8,0.125
38-45-C-1,5,38,45,C,1,8,0.125
38-45-C-1,5,38,45,C,1,8,0.125
38-45-C-1,5,38,45,C,1,8,0.125
38-45-C-1,5,38,45,C,1,8,0.125
38-45-C-1,5,38,45,C,1,8,0.125
38-45-C-1,5,38,45,C,1,8,0.125
38-45-C-1,5,38,45,C,1,8,0.125
38-45-C-1,5,38,45,C,1,8,0.125
38-45-C-1,5,38,45,C,1,8,0.125
38-45-C-1,5,38,45,C,1,8,0.125
38-45-C-1,5,38,45,C,1,8,0.125
38-45-C-1,5,38,45,C,1,8,0.125
38-45-C-1,5,38,45,C,1,8,0.125
38-45-C-1,5,38,45,C,1,9,0.1111111111111111
38-45-C-2,5,38,45,C,2,6,0.16666666666666666
38-45-C-2,5,38,45,C,2,6,0.16666666666666666
38-45-C-2,5,38,45,C,2,6,0.16666666666666666
38-45-C-2,5,38,45,C,2,6,0.16666666666666666
38-45-C-2,5,38,45,C,2,6,0.16666666666666666
38-45-C-2,5,38,45,C,2,6,0.16666666666666666
38-45-C-2,5,38,45,C,2,6,0.16666666666666666
38-45-C-2,5,38,45,C,2,6,0.16666666666666666
38-45-C-2,5,38,45,C,2,6,0.16666666666666666
38-45-C-2,5,38,45,C,2,6,0.16666666666666666
38-45-C-2,5,38,45,C,2,6,0.16666666666666666
38-45-C-2,5,38,45,C,2,6,0.16666666666666666
38-45-C-2,5,38,45,C,2,6,0.16666666666666666
38-45-C-2,5,38,45,C,2,6,0.16666666666666666
38-45-C-2,5,38,45,C,2,7,0.14285714285714285
38-45-C-2,5,38,45,C,2,7,0.14285714285714285
38-45-C-2,5,38,45,C,2,7,0.14285714285714285
38-45-C-2,5,38,45,C,2,7,0.14285714285714285
38-45-C-2,5,38,45,C,2,7,0.14285714285714285
38-45-C-2,5,38,45,C,2,7,0.14285714285714285
38-45-C-2,5,38,45,C,2,7,0.14285714285714285
38-45-C-2,5,38,45,C,2,7,0.14285714285714285
38-45-C-2,5,38,45,C,2,7,0.14285714285714285
38-45-C-2,5,38,45,C,2,7,0.14285714285714285
38-45-C-2,5,38,45,C,2,7,0.14285714285714285
38-45-C-2,5,38,45,C,2,7,0.14285714285714285
38-45-C-2,5,38,45,C,2,7,0.14285714285714285
38-45-C-2,5,38,45,C,2,7,0.14285714285714285
38-45-C-2,5,38,45,C,2,7,0.14285714285714285
38-45-C-2,5,38,45,C,2,7,0.14285714285714285
38-45-C-2,5,38,45,C,2,7,0.14285714285714285
38-45-C-2,5,38,45,C,2,7,0.14285714285714285
38-45-C-2,5,38,45,C,2,7,0.14285714285714285
38-45-C-2,5,38,45,C,2,7,0.14285714285714285
38-45-C-2,5,38,45,C,2,7,0.14285714285714285
38-45-C-2,5,38,45,C,2,7,0.14285714285714285
38-45-C-2,5,38,45,C,2,7,0.14285714285714285
38-45-C-2,5,38,45,C,2,7,0.14285714285714285
38-45-C-2,5,38,45,C,2,7,0.14285714285714285
38-45-C-2,5,38,45,C,2,8,0.125
38-45-C-2,5,38,45,C,2,8,0.125
38-45-C-2,5,38,45,C,2,8,0.125
38-45-C-2,5,38,45,C,2,8,0.125
38-45-C-2,5,38,45,C,2,8,0.125
38-45-C-2,5,38,45,C,2,8,0.125
38-45-C-2,5,38,45,C,2,8,0.125
38-45-C-2,5,38,45,C,2,8,0.125
38-45-C-2,5,38,45,C,2,8,0.125
38-45-C-2,5,38,45,C,2,8,0.125
38-45-C-2,5,38,45,C,2,8,0.125
38-45-C-2,5,38,45,C,2,9,0.1111111111111111
38-45-C-2,5,38,45,C,2,9,0.1111111111111111
38-45-C-2,5,38,45,C,2,10,0.1
38-45-C-2,5,38,45,C,2,10,0.1
38-45-C-2,5,38,45,C,2,13,0.07692307692307693
38-45-C-3,5,38,45,C,3,6,0.16666666666666666
38-45-C-3,5,38,45,C,3,6,0.16666666666666666
38-45-C-3,5,38,45,C,3,6,0.16666666666666666
38-45-C-3,5,38,45,C,3,6,0.16666666666666666
38-45-C-3,5,38,45,C,3,6,0.16666666666666666
38-45-C-3,5,38,45,C,3,6,0.16666666666666666
38-45-C-3,5,38,45,C,3,6,0.16666666666666666
38-45-C-3,5,38,45,C,3,6,0.16666666666666666
38-45-C-3,5,38,45,C,3,6,0.16666666666666666
38-45-C-3,5,38,45,C,3,6,0.16666666666666666
38-45-C-3,5,38,45,C,3,6,0.16666666666666666
38-45-C-3,5,38,45,C,3,6,0.16666666666666666
38-45-C-3,5,38,45,C,3,6,0.16666666666666666
38-45-C-3,5,38,45,C,3,6,0.16666666666666666
38-45-C-3,5,38,45,C,3,6,0.16666666666666666
38-45-C-3,5,38,45,C,3,6,0.16666666666666666
38-45-C-3,5,38,45,C,3,6,0.16666666666666666
38-45-C-3,5,38,45,C,3,6,0.16666666666666666
38-45-C-3,5,38,45,C,3,6,0.16666666666666666
38-45-C-3,5,38,45,C,3,6,0.16666666666666666
38-45-C-3,5,38,45,C,3,6,0.16666666666666666
38-45-C-3,5,38,45,C,3,6,0.16666666666666666
38-45-C-3,5,38,45,C,3,6,0.16666666666666666
38-45-C-3,5,38,45,C,3,6,0.16666666666666666
38-45-C-3,5,38,45,C,3,6,0.16666666666666666
38-45-C-3,5,38,45,C,3,6,0.16666666666666666
38-45-C-3,5,38,45,C,3,6,0.16666666666666666
38-45-C-3,5,38,45,C,3,6,0.16666666666666666
38-45-C-3,5,38,45,C,3,6,0.16666666666666666
38-45-C-3,5,38,45,C,3,6,0.16666666666666666
38-45-C-3,5,38,45,C,3,6,0.16666666666666666
38-45-C-3,5,38,45,C,3,7,0.14285714285714285
38-45-C-3,5,38,45,C,3,7,0.14285714285714285
38-45-C-3,5,38,45,C,3,7,0.14285714285714285
38-45-C-3,5,38,45,C,3,7,0.14285714285714285
38-45-C-3,5,38,45,C,3,7,0.14285714285714285
38-45-C-3,5,38,45,C,3,7,0.14285714285714285
38-45-C-3,5,38,45,C,3,7,0.14285714285714285
38-45-C-3,5,38,45,C,3,7,0.14285714285714285
38-45-C-3,5,38,45,C,3,7,0.14285714285714285
38-45-C-3,5,38,45,C,3,7,0.14285714285714285
38-45-C-3,5,38,45,C,3,8,0.125
38-45-C-3,5,38,45,C,3,8,0.125
38-45-C-3,5,38,45,C,3,8,0.125
38-45-C-3,5,38,45,C,3,8,0.125
38-45-C-3,5,38,45,C,3,9,0.1111111111111111
38-45-C-3,5,38,45,C,3,9,0.1111111111111111
38-45-C-3,5,38,45,C,3,9,0.1111111111111111
38-45-C-3,5,38,45,C,3,9,0.1111111111111111
38-45-C-3,5,38,45,C,3,9,0.1111111111111111
38-45-C-3,5,38,45,C,3,9,0.1111111111111111
38-45-C-3,5,38,45,C,3,9,0.1111111111111111
38-45-C-3,5,38,45,C,3,9,0.1111111111111111
38-45-C-3,5,38,45,C,3,9,0.1111111111111111
38-45-C-3,5,38,45,C,3,11,0.09090909090909091
38-45-C-3,5,38,45,C,3,12,0.08333333333333333
38-45-C-3,5,38,45,C,3,12,0.08333333333333333
35-45-C-1,5,35,45,C,1,6,0.16666666666666666
35-45-C-1,5,35,45,C,1,6,0.16666666666666666
35-45-C-1,5,35,45,C,1,6,0.16666666666666666
35-45-C-1,5,35,45,C,1,6,0.16666666666666666
35-45-C-1,5,35,45,C,1,6,0.16666666666666666
35-45-C-1,5,35,45,C,1,6,0.16666666666666666
35-45-C-1,5,35,45,C,1,6,0.16666666666666666
35-45-C-1,5,35,45,C,1,6,0.16666666666666666
35-45-C-1,5,35,45,C,1,6,0.16666666666666666
35-45-C-1,5,35,45,C,1,6,0.16666666666666666
35-45-C-1,5,35,45,C,1,6,0.16666666666666666
35-45-C-1,5,35,45,C,1,7,0.14285714285714285
35-45-C-1,5,35,45,C,1,7,0.14285714285714285
35-45-C-1,5,35,45,C,1,7,0.14285714285714285
35-45-C-1,5,35,45,C,1,7,0.14285714285714285
35-45-C-1,5,35,45,C,1,7,0.14285714285714285
35-45-C-1,5,35,45,C,1,7,0.14285714285714285
35-45-C-1,5,35,45,C,1,7,0.14285714285714285
35-45-C-1,5,35,45,C,1,7,0.14285714285714285
35-45-C-1,5,35,45,C,1,7,0.14285714285714285
35-45-C-1,5,35,45,C,1,7,0.14285714285714285
35-45-C-1,5,35,45,C,1,7,0.14285714285714285
35-45-C-1,5,35,45,C,1,7,0.14285714285714285
35-45-C-1,5,35,45,C,1,7,0.14285714285714285
35-45-C-1,5,35,45,C,1,7,0.14285714285714285
35-45-C-1,5,35,45,C,1,7,0.14285714285714285
35-45-C-1,5,35,45,C,1,7,0.14285714285714285
35-45-C-1,5,35,45,C,1,7,0.14285714285714285
35-45-C-1,5,35,45,C,1,7,0.14285714285714285
35-45-C-1,5,35,45,C,1,7,0.14285714285714285
35-45-C-1,5,35,45,C,1,7,0.14285714285714285
35-45-C-1,5,35,45,C,1,7,0.14285714285714285
35-45-C-1,5,35,45,C,1,7,0.14285714285714285
35-45-C-1,5,35,45,C,1,7,0.14285714285714285
35-45-C-1,5,35,45,C,1,7,0.14285714285714285
35-45-C-1,5,35,45,C,1,7,0.14285714285714285
35-45-C-1,5,35,45,C,1,7,0.14285714285714285
35-45-C-1,5,35,45,C,1,7,0.14285714285714285
35-45-C-1,5,35,45,C,1,7,0.14285714285714285
35-45-C-1,5,35,45,C,1,8,0.125
35-45-C-1,5,35,45,C,1,8,0.125
35-45-C-1,5,35,45,C,1,8,0.125
35-45-C-1,5,35,45,C,1,8,0.125
35-45-C-1,5,35,45,C,1,8,0.125
35-45-C-1,5,35,45,C,1,8,0.125
35-45-C-1,5,35,45,C,1,8,0.125
35-45-C-1,5,35,45,C,1,8,0.125
35-45-C-1,5,35,45,C,1,8,0.125
35-45-C-1,5,35,45,C,1,8,0.125
35-45-C-1,5,35,45,C,1,8,0.125
35-45-C-1,5,35,45,C,1,8,0.125
35-45-C-1,5,35,45,C,1,8,0.125
35-45-C-1,5,35,45,C,1,8,0.125
35-45-C-1,5,35,45,C,1,8,0.125
35-45-C-1,5,35,45,C,1,8,0.125
35-45-C-1,5,35,45,C,1,8,0.125
35-45-C-1,5,35,45,C,1,8,0.125
35-45-C-1,5,35,45,C,1,8,0.125
35-45-C-1,5,35,45,C,1,8,0.125
35-45-C-1,5,35,45,C,1,8,0.125
35-45-C-1,5,35,45,C,1,8,0.125
35-45-C-1,5,35,45,C,1,8,0.125
35-45-C-1,5,35,45,C,1,8,0.125
35-45-C-1,5,35,45,C,1,8,0.125
35-45-C-1,5,35,45,C,1,8,0.125
35-45-C-1,5,35,45,C,1,9,0.1111111111111111
35-45-C-1,5,35,45,C,1,9,0.1111111111111111
35-45-C-2,5,35,45,C,2,6,0.16666666666666666
35-45-C-2,5,35,45,C,2,6,0.16666666666666666
35-45-C-2,5,35,45,C,2,6,0.16666666666666666
35-45-C-2,5,35,45,C,2,6,0.16666666666666666
35-45-C-2,5,35,45,C,2,6,0.16666666666666666
35-45-C-2,5,35,45,C,2,6,0.16666666666666666
35-45-C-2,5,35,45,C,2,6,0.16666666666666666
35-45-C-2,5,35,45,C,2,6,0.16666666666666666
35-45-C-2,5,35,45,C,2,6,0.16666666666666666
35-45-C-2,5,35,45,C,2,6,0.16666666666666666
35-45-C-2,5,35,45,C,2,7,0.14285714285714285
35-45-C-2,5,35,45,C,2,7,0.14285714285714285
35-45-C-2,5,35,45,C,2,7,0.14285714285714285
35-45-C-2,5,35,45,C,2,7,0.14285714285714285
35-45-C-2,5,35,45,C,2,7,0.14285714285714285
35-45-C-2,5,35,45,C,2,7,0.14285714285714285
35-45-C-2,5,35,45,C,2,7,0.14285714285714285
35-45-C-2,5,35,45,C,2,7,0.14285714285714285
35-45-C-2,5,35,45,C,2,7,0.14285714285714285
35-45-C-2,5,35,45,C,2,7,0.14285714285714285
35-45-C-2,5,35,45,C,2,7,0.14285714285714285
35-45-C-2,5,35,45,C,2,7,0.14285714285714285
35-45-C-2,5,35,45,C,2,7,0.14285714285714285
35-45-C-2,5,35,45,C,2,7,0.14285714285714285
35-45-C-2,5,35,45,C,2,7,0.14285714285714285
35-45-C-2,5,35,45,C,2,7,0.14285714285714285
35-45-C-2,5,35,45,C,2,7,0.14285714285714285
35-45-C-2,5,35,45,C,2,7,0.14285714285714285
35-45-C-2,5,35,45,C,2,7,0.14285714285714285
35-45-C-2,5,35,45,C,2,7,0.14285714285714285
35-45-C-2,5,35,45,C,2,7,0.14285714285714285
35-45-C-2,5,35,45,C,2,7,0.14285714285714285
35-45-C-2,5,35,45,C,2,7,0.14285714285714285
35-45-C-2,5,35,45,C,2,7,0.14285714285714285
35-45-C-2,5,35,45,C,2,7,0.14285714285714285
35-45-C-2,5,35,45,C,2,7,0.14285714285714285
35-45-C-2,5,35,45,C,2,7,0.14285714285714285
35-45-C-2,5,35,45,C,2,7,0.14285714285714285
35-45-C-2,5,35,45,C,2,7,0.14285714285714285
35-45-C-2,5,35,45,C,2,7,0.14285714285714285
35-45-C-2,5,35,45,C,2,7,0.14285714285714285
35-45-C-2,5,35,45,C,2,7,0.14285714285714285
35-45-C-2,5,35,45,C,2,7,0.14285714285714285
35-45-C-2,5,35,45,C,2,7,0.14285714285714285
35-45-C-2,5,35,45,C,2,7,0.14285714285714285
35-45-C-2,5,35,45,C,2,7,0.14285714285714285
35-45-C-2,5,35,45,C,2,7,0.14285714285714285
35-45-C-2,5,35,45,C,2,7,0.14285714285714285
35-45-C-2,5,35,45,C,2,7,0.14285714285714285
35-45-C-2,5,35,45,C,2,7,0.14285714285714285
35-45-C-2,5,35,45,C,2,7,0.14285714285714285
35-45-C-2,5,35,45,C,2,7,0.14285714285714285
35-45-C-2,5,35,45,C,2,7,0.14285714285714285
35-45-C-2,5,35,45,C,2,7,0.14285714285714285
35-45-C-2,5,35,45,C,2,7,0.14285714285714285
35-45-C-2,5,35,45,C,2,7,0.14285714285714285
35-45-C-2,5,35,45,C,2,7,0.14285714285714285
35-45-C-2,5,35,45,C,2,7,0.14285714285714285
35-45-C-2,5,35,45,C,2,7,0.14285714285714285
35-45-C-2,5,35,45,C,2,7,0.14285714285714285
35-45-C-2,5,35,45,C,2,7,0.14285714285714285
35-45-C-2,5,35,45,C,2,7,0.14285714285714285
35-45-C-2,5,35,45,C,2,7,0.14285714285714285
35-45-C-2,5,35,45,C,2,7,0.14285714285714285
35-45-C-2,5,35,45,C,2,7,0.14285714285714285
35-45-C-2,5,35,45,C,2,7,0.14285714285714285
35-45-C-2,5,35,45,C,2,7,0.14285714285714285
35-45-C-2,5,35,45,C,2,7,0.14285714285714285
35-45-C-2,5,35,45,C,2,8,0.125
35-45-C-2,5,35,45,C,2,8,0.125
35-45-C-2,5,35,45,C,2,8,0.125
35-45-C-2,5,35,45,C,2,8,0.125
35-45-C-2,5,35,45,C,2,8,0.125
35-45-C-2,5,35,45,C,2,8,0.125
35-45-C-2,5,35,45,C,2,8,0.125
35-45-C-2,5,35,45,C,2,8,0.125
35-45-C-2,5,35,45,C,2,8,0.125
35-45-C-2,5,35,45,C,2,8,0.125
35-45-C-2,5,35,45,C,2,8,0.125
35-45-C-2,5,35,45,C,2,9,0.1111111111111111
35-45-C-2,5,35,45,C,2,10,0.1
35-45-C-2,5,35,45,C,2,10,0.1
35-45-C-2,5,35,45,C,2,10,0.1
35-45-C-2,5,35,45,C,2,11,0.09090909090909091
35-45-C-2,5,35,45,C,2,11,0.09090909090909091
35-45-C-2,5,35,45,C,2,11,0.09090909090909091
35-45-C-2,5,35,45,C,2,13,0.07692307692307693
35-45-C-2,5,35,45,C,2,13,0.07692307692307693
35-45-C-2,5,35,45,C,2,14,0.07142857142857142
35-45-C-2,5,35,45,C,2,14,0.07142857142857142
35-45-C-3,5,35,45,C,3,6,0.16666666666666666
35-45-C-3,5,35,45,C,3,6,0.16666666666666666
35-45-C-3,5,35,45,C,3,6,0.16666666666666666
35-45-C-3,5,35,45,C,3,6,0.16666666666666666
35-45-C-3,5,35,45,C,3,6,0.16666666666666666
35-45-C-3,5,35,45,C,3,6,0.16666666666666666
35-45-C-3,5,35,45,C,3,7,0.14285714285714285
35-45-C-3,5,35,45,C,3,7,0.14285714285714285
35-45-C-3,5,35,45,C,3,7,0.14285714285714285
35-45-C-3,5,35,45,C,3,7,0.14285714285714285
35-45-C-3,5,35,45,C,3,7,0.14285714285714285
35-45-C-3,5,35,45,C,3,7,0.14285714285714285
35-45-C-3,5,35,45,C,3,7,0.14285714285714285
35-45-C-3,5,35,45,C,3,7,0.14285714285714285
35-45-C-3,5,35,45,C,3,7,0.14285714285714285
35-45-C-3,5,35,45,C,3,7,0.14285714285714285
35-45-C-3,5,35,45,C,3,7,0.14285714285714285
35-45-C-3,5,35,45,C,3,7,0.14285714285714285
35-45-C-3,5,35,45,C,3,7,0.14285714285714285
35-45-C-3,5,35,45,C,3,7,0.14285714285714285
35-45-C-3,5,35,45,C,3,7,0.14285714285714285
35-45-C-3,5,35,45,C,3,7,0.14285714285714285
35-45-C-3,5,35,45,C,3,7,0.14285714285714285
35-45-C-3,5,35,45,C,3,7,0.14285714285714285
35-45-C-3,5,35,45,C,3,7,0.14285714285714285
35-45-C-3,5,35,45,C,3,7,0.14285714285714285
35-45-C-3,5,35,45,C,3,7,0.14285714285714285
35-45-C-3,5,35,45,C,3,7,0.14285714285714285
35-45-C-3,5,35,45,C,3,7,0.14285714285714285
35-45-C-3,5,35,45,C,3,8,0.125
35-45-C-3,5,35,45,C,3,8,0.125
35-45-C-3,5,35,45,C,3,8,0.125
35-45-C-3,5,35,45,C,3,8,0.125
35-45-C-3,5,35,45,C,3,8,0.125
35-45-C-3,5,35,45,C,3,8,0.125
35-45-C-3,5,35,45,C,3,8,0.125
35-45-C-3,5,35,45,C,3,8,0.125
35-45-C-3,5,35,45,C,3,8,0.125
35-45-C-3,5,35,45,C,3,8,0.125
35-45-C-3,5,35,45,C,3,8,0.125
35-45-C-3,5,35,45,C,3,8,0.125
35-45-C-3,5,35,45,C,3,8,0.125
35-45-C-3,5,35,45,C,3,8,0.125
35-45-C-3,5,35,45,C,3,8,0.125
35-45-C-3,5,35,45,C,3,8,0.125
35-45-C-3,5,35,45,C,3,8,0.125
35-45-C-3,5,35,45,C,3,8,0.125
35-45-C-3,5,35,45,C,3,8,0.125
35-45-C-3,5,35,45,C,3,8,0.125
35-45-C-3,5,35,45,C,3,9,0.1111111111111111
35-45-C-3,5,35,45,C,3,9,0.1111111111111111
35-45-C-3,5,35,45,C,3,9,0.1111111111111111
35-45-C-3,5,35,45,C,3,9,0.1111111111111111
35-45-C-3,5,35,45,C,3,9,0.1111111111111111
32-30-C-1,5,32,30,C,1,8,0.125
32-30-C-1,5,32,30,C,1,8,0.125
32-30-C-1,5,32,30,C,1,8,0.125
32-30-C-1,5,32,30,C,1,8,0.125
32-30-C-1,5,32,30,C,1,8,0.125
32-30-C-1,5,32,30,C,1,8,0.125
32-30-C-1,5,32,30,C,1,8,0.125
32-30-C-1,5,32,30,C,1,8,0.125
32-30-C-1,5,32,30,C,1,8,0.125
32-30-C-1,5,32,30,C,1,8,0.125
32-30-C-1,5,32,30,C,1,8,0.125
32-30-C-1,5,32,30,C,1,8,0.125
32-30-C-1,5,32,30,C,1,8,0.125
32-30-C-1,5,32,30,C,1,8,0.125
32-30-C-1,5,32,30,C,1,8,0.125
32-30-C-1,5,32,30,C,1,8,0.125
32-30-C-1,5,32,30,C,1,8,0.125
32-30-C-1,5,32,30,C,1,8,0.125
32-30-C-1,5,32,30,C,1,8,0.125
32-30-C-1,5,32,30,C,1,8,0.125
32-30-C-1,5,32,30,C,1,8,0.125
32-30-C-1,5,32,30,C,1,8,0.125
32-30-C-1,5,32,30,C,1,8,0.125
32-30-C-1,5,32,30,C,1,8,0.125
32-30-C-1,5,32,30,C,1,8,0.125
32-30-C-1,5,32,30,C,1,8,0.125
32-30-C-1,5,32,30,C,1,8,0.125
32-30-C-1,5,32,30,C,1,8,0.125
32-30-C-1,5,32,30,C,1,8,0.125
32-30-C-1,5,32,30,C,1,8,0.125
32-30-C-1,5,32,30,C,1,8,0.125
32-30-C-1,5,32,30,C,1,8,0.125
32-30-C-1,5,32,30,C,1,8,0.125
32-30-C-1,5,32,30,C,1,8,0.125
32-30-C-1,5,32,30,C,1,8,0.125
32-30-C-1,5,32,30,C,1,8,0.125
32-30-C-1,5,32,30,C,1,8,0.125
32-30-C-1,5,32,30,C,1,8,0.125
32-30-C-1,5,32,30,C,1,8,0.125
32-30-C-1,5,32,30,C,1,8,0.125
32-30-C-1,5,32,30,C,1,8,0.125
32-30-C-1,5,32,30,C,1,8,0.125
32-30-C-1,5,32,30,C,1,9,0.1111111111111111
32-30-C-1,5,32,30,C,1,9,0.1111111111111111
32-30-C-1,5,32,30,C,1,9,0.1111111111111111
32-30-C-1,5,32,30,C,1,9,0.1111111111111111
32-30-C-1,5,32,30,C,1,9,0.1111111111111111
32-30-C-1,5,32,30,C,1,9,0.1111111111111111
32-30-C-1,5,32,30,C,1,9,0.1111111111111111
32-30-C-1,5,32,30,C,1,9,0.1111111111111111
32-30-C-1,5,32,30,C,1,9,0.1111111111111111
32-30-C-1,5,32,30,C,1,9,0.1111111111111111
32-30-C-1,5,32,30,C,1,9,0.1111111111111111
32-30-C-1,5,32,30,C,1,9,0.1111111111111111
32-30-C-1,5,32,30,C,1,9,0.1111111111111111
32-30-C-1,5,32,30,C,1,9,0.1111111111111111
32-30-C-1,5,32,30,C,1,9,0.1111111111111111
32-30-C-1,5,32,30,C,1,9,0.1111111111111111
32-30-C-1,5,32,30,C,1,9,0.1111111111111111
32-30-C-1,5,32,30,C,1,9,0.1111111111111111
32-30-C-1,5,32,30,C,1,9,0.1111111111111111
32-30-C-1,5,32,30,C,1,9,0.1111111111111111
32-30-C-1,5,32,30,C,1,9,0.1111111111111111
32-30-C-1,5,32,30,C,1,9,0.1111111111111111
32-30-C-1,5,32,30,C,1,10,0.1
32-30-C-1,5,32,30,C,1,11,0.09090909090909091
32-30-C-1,5,32,30,C,1,11,0.09090909090909091
32-30-C-1,5,32,30,C,1,11,0.09090909090909091
32-30-C-1,5,32,30,C,1,11,0.09090909090909091
32-30-C-1,5,32,30,C,1,11,0.09090909090909091
32-30-C-1,5,32,30,C,1,12,0.08333333333333333
32-30-C-1,5,32,30,C,1,12,0.08333333333333333
32-30-C-1,5,32,30,C,1,12,0.08333333333333333
32-30-C-1,5,32,30,C,1,12,0.08333333333333333
32-30-C-1,5,32,30,C,1,13,0.07692307692307693
32-30-C-1,5,32,30,C,1,14,0.07142857142857142
32-30-C-1,5,32,30,C,1,15,0.06666666666666667
32-30-C-1,5,32,30,C,1,18,0.05555555555555555
32-30-C-1,5,32,30,C,1,21,0.047619047619047616
32-30-C-2,5,32,30,C,2,8,0.125
32-30-C-2,5,32,30,C,2,8,0.125
32-30-C-2,5,32,30,C,2,8,0.125
32-30-C-2,5,32,30,C,2,8,0.125
32-30-C-2,5,32,30,C,2,8,0.125
32-30-C-2,5,32,30,C,2,8,0.125
32-30-C-2,5,32,30,C,2,8,0.125
32-30-C-2,5,32,30,C,2,8,0.125
32-30-C-2,5,32,30,C,2,8,0.125
32-30-C-2,5,32,30,C,2,8,0.125
32-30-C-2,5,32,30,C,2,8,0.125
32-30-C-2,5,32,30,C,2,8,0.125
32-30-C-2,5,32,30,C,2,8,0.125
32-30-C-2,5,32,30,C,2,8,0.125
32-30-C-2,5,32,30,C,2,8,0.125
32-30-C-2,5,32,30,C,2,8,0.125
32-30-C-2,5,32,30,C,2,8,0.125
32-30-C-2,5,32,30,C,2,8,0.125
32-30-C-2,5,32,30,C,2,8,0.125
32-30-C-2,5,32,30,C,2,8,0.125
32-30-C-2,5,32,30,C,2,8,0.125
32-30-C-2,5,32,30,C,2,8,0.125
32-30-C-2,5,32,30,C,2,8,0.125
32-30-C-2,5,32,30,C,2,8,0.125
32-30-C-2,5,32,30,C,2,8,0.125
32-30-C-2,5,32,30,C,2,9,0.1111111111111111
32-30-C-2,5,32,30,C,2,9,0.1111111111111111
32-30-C-2,5,32,30,C,2,9,0.1111111111111111
32-30-C-2,5,32,30,C,2,9,0.1111111111111111
32-30-C-2,5,32,30,C,2,9,0.1111111111111111
32-30-C-2,5,32,30,C,2,9,0.1111111111111111
32-30-C-2,5,32,30,C,2,9,0.1111111111111111
32-30-C-2,5,32,30,C,2,9,0.1111111111111111
32-30-C-2,5,32,30,C,2,9,0.1111111111111111
32-30-C-2,5,32,30,C,2,9,0.1111111111111111
32-30-C-2,5,32,30,C,2,9,0.1111111111111111
32-30-C-2,5,32,30,C,2,9,0.1111111111111111
32-30-C-2,5,32,30,C,2,9,0.1111111111111111
32-30-C-2,5,32,30,C,2,9,0.1111111111111111
32-30-C-2,5,32,30,C,2,9,0.1111111111111111
32-30-C-2,5,32,30,C,2,9,0.1111111111111111
32-30-C-2,5,32,30,C,2,9,0.1111111111111111
32-30-C-2,5,32,30,C,2,9,0.1111111111111111
32-30-C-2,5,32,30,C,2,9,0.1111111111111111
32-30-C-2,5,32,30,C,2,9,0.1111111111111111
32-30-C-2,5,32,30,C,2,9,0.1111111111111111
32-30-C-2,5,32,30,C,2,9,0.1111111111111111
32-30-C-2,5,32,30,C,2,9,0.1111111111111111
32-30-C-2,5,32,30,C,2,9,0.1111111111111111
32-30-C-2,5,32,30,C,2,9,0.1111111111111111
32-30-C-2,5,32,30,C,2,9,0.1111111111111111
32-30-C-2,5,32,30,C,2,9,0.1111111111111111
32-30-C-2,5,32,30,C,2,9,0.1111111111111111
32-30-C-2,5,32,30,C,2,9,0.1111111111111111
32-30-C-2,5,32,30,C,2,9,0.1111111111111111
32-30-C-2,5,32,30,C,2,9,0.1111111111111111
32-30-C-2,5,32,30,C,2,9,0.1111111111111111
32-30-C-2,5,32,30,C,2,9,0.1111111111111111
32-30-C-2,5,32,30,C,2,9,0.1111111111111111
32-30-C-2,5,32,30,C,2,9,0.1111111111111111
32-30-C-2,5,32,30,C,2,10,0.1
32-30-C-2,5,32,30,C,2,10,0.1
32-30-C-2,5,32,30,C,2,10,0.1
32-30-C-2,5,32,30,C,2,10,0.1
32-30-C-2,5,32,30,C,2,10,0.1
32-30-C-2,5,32,30,C,2,11,0.09090909090909091
32-30-C-2,5,32,30,C,2,12,0.08333333333333333
32-30-C-2,5,32,30,C,2,12,0.08333333333333333
32-30-C-2,5,32,30,C,2,12,0.08333333333333333
32-30-C-2,5,32,30,C,2,12,0.08333333333333333
32-30-C-2,5,32,30,C,2,12,0.08333333333333333
32-30-C-2,5,32,30,C,2,13,0.07692307692307693
32-30-C-2,5,32,30,C,2,13,0.07692307692307693
32-30-C-2,5,32,30,C,2,13,0.07692307692307693
32-30-C-2,5,32,30,C,2,14,0.07142857142857142
32-30-C-2,5,32,30,C,2,15,0.06666666666666667
32-30-C-2,5,32,30,C,2,20,0.05
32-30-C-2,5,32,30,C,2,21,0.047619047619047616
32-30-C-3,5,32,30,C,3,8,0.125
32-30-C-3,5,32,30,C,3,8,0.125
32-30-C-3,5,32,30,C,3,8,0.125
32-30-C-3,5,32,30,C,3,8,0.125
32-30-C-3,5,32,30,C,3,8,0.125
32-30-C-3,5,32,30,C,3,8,0.125
32-30-C-3,5,32,30,C,3,8,0.125
32-30-C-3,5,32,30,C,3,8,0.125
32-30-C-3,5,32,30,C,3,8,0.125
32-30-C-3,5,32,30,C,3,8,0.125
32-30-C-3,5,32,30,C,3,8,0.125
32-30-C-3,5,32,30,C,3,8,0.125
32-30-C-3,5,32,30,C,3,8,0.125
32-30-C-3,5,32,30,C,3,8,0.125
32-30-C-3,5,32,30,C,3,8,0.125
32-30-C-3,5,32,30,C,3,8,0.125
32-30-C-3,5,32,30,C,3,8,0.125
32-30-C-3,5,32,30,C,3,8,0.125
32-30-C-3,5,32,30,C,3,8,0.125
32-30-C-3,5,32,30,C,3,8,0.125
32-30-C-3,5,32,30,C,3,8,0.125
32-30-C-3,5,32,30,C,3,8,0.125
32-30-C-3,5,32,30,C,3,8,0.125
32-30-C-3,5,32,30,C,3,8,0.125
32-30-C-3,5,32,30,C,3,9,0.1111111111111111
32-30-C-3,5,32,30,C,3,9,0.1111111111111111
32-30-C-3,5,32,30,C,3,9,0.1111111111111111
32-30-C-3,5,32,30,C,3,9,0.1111111111111111
32-30-C-3,5,32,30,C,3,9,0.1111111111111111
32-30-C-3,5,32,30,C,3,9,0.1111111111111111
32-30-C-3,5,32,30,C,3,9,0.1111111111111111
32-30-C-3,5,32,30,C,3,9,0.1111111111111111
32-30-C-3,5,32,30,C,3,9,0.1111111111111111
32-30-C-3,5,32,30,C,3,9,0.1111111111111111
32-30-C-3,5,32,30,C,3,9,0.1111111111111111
32-30-C-3,5,32,30,C,3,9,0.1111111111111111
32-30-C-3,5,32,30,C,3,9,0.1111111111111111
32-30-C-3,5,32,30,C,3,9,0.1111111111111111
32-30-C-3,5,32,30,C,3,9,0.1111111111111111
32-30-C-3,5,32,30,C,3,9,0.1111111111111111
32-30-C-3,5,32,30,C,3,9,0.1111111111111111
32-30-C-3,5,32,30,C,3,9,0.1111111111111111
32-30-C-3,5,32,30,C,3,9,0.1111111111111111
32-30-C-3,5,32,30,C,3,9,0.1111111111111111
32-30-C-3,5,32,30,C,3,9,0.1111111111111111
32-30-C-3,5,32,30,C,3,9,0.1111111111111111
32-30-C-3,5,32,30,C,3,9,0.1111111111111111
32-30-C-3,5,32,30,C,3,9,0.1111111111111111
32-30-C-3,5,32,30,C,3,9,0.1111111111111111
32-30-C-3,5,32,30,C,3,9,0.1111111111111111
32-30-C-3,5,32,30,C,3,9,0.1111111111111111
32-30-C-3,5,32,30,C,3,9,0.1111111111111111
32-30-C-3,5,32,30,C,3,9,0.1111111111111111
32-30-C-3,5,32,30,C,3,9,0.1111111111111111
32-30-C-3,5,32,30,C,3,9,0.1111111111111111
32-30-C-3,5,32,30,C,3,9,0.1111111111111111
32-30-C-3,5,32,30,C,3,9,0.1111111111111111
32-30-C-3,5,32,30,C,3,9,0.1111111111111111
32-30-C-3,5,32,30,C,3,9,0.1111111111111111
32-30-C-3,5,32,30,C,3,10,0.1
32-30-C-3,5,32,30,C,3,10,0.1
32-30-C-3,5,32,30,C,3,10,0.1
32-30-C-3,5,32,30,C,3,11,0.09090909090909091
32-30-C-3,5,32,30,C,3,11,0.09090909090909091
32-30-C-3,5,32,30,C,3,11,0.09090909090909091
32-30-C-3,5,32,30,C,3,11,0.09090909090909091
32-30-C-3,5,32,30,C,3,11,0.09090909090909091
32-30-C-3,5,32,30,C,3,12,0.08333333333333333
32-30-C-3,5,32,30,C,3,14,0.07142857142857142
32-30-C-3,5,32,30,C,3,19,0.05263157894736842
28-90-C-1,5,28,90,C,1,8,0.125
28-90-C-1,5,28,90,C,1,8,0.125
28-90-C-1,5,28,90,C,1,8,0.125
28-90-C-1,5,28,90,C,1,8,0.125
28-90-C-1,5,28,90,C,1,8,0.125
28-90-C-1,5,28,90,C,1,8,0.125
28-90-C-1,5,28,90,C,1,8,0.125
28-90-C-1,5,28,90,C,1,8,0.125
28-90-C-1,5,28,90,C,1,8,0.125
28-90-C-1,5,28,90,C,1,8,0.125
28-90-C-1,5,28,90,C,1,8,0.125
28-90-C-1,5,28,90,C,1,8,0.125
28-90-C-1,5,28,90,C,1,8,0.125
28-90-C-1,5,28,90,C,1,8,0.125
28-90-C-1,5,28,90,C,1,8,0.125
28-90-C-1,5,28,90,C,1,8,0.125
28-90-C-1,5,28,90,C,1,8,0.125
28-90-C-1,5,28,90,C,1,8,0.125
28-90-C-1,5,28,90,C,1,9,0.1111111111111111
28-90-C-1,5,28,90,C,1,9,0.1111111111111111
28-90-C-1,5,28,90,C,1,9,0.1111111111111111
28-90-C-1,5,28,90,C,1,9,0.1111111111111111
28-90-C-1,5,28,90,C,1,9,0.1111111111111111
28-90-C-1,5,28,90,C,1,9,0.1111111111111111
28-90-C-1,5,28,90,C,1,9,0.1111111111111111
28-90-C-1,5,28,90,C,1,9,0.1111111111111111
28-90-C-1,5,28,90,C,1,9,0.1111111111111111
28-90-C-1,5,28,90,C,1,9,0.1111111111111111
28-90-C-1,5,28,90,C,1,9,0.1111111111111111
28-90-C-1,5,28,90,C,1,9,0.1111111111111111
28-90-C-1,5,28,90,C,1,9,0.1111111111111111
28-90-C-1,5,28,90,C,1,9,0.1111111111111111
28-90-C-1,5,28,90,C,1,9,0.1111111111111111
28-90-C-1,5,28,90,C,1,9,0.1111111111111111
28-90-C-1,5,28,90,C,1,9,0.1111111111111111
28-90-C-1,5,28,90,C,1,9,0.1111111111111111
28-90-C-1,5,28,90,C,1,9,0.1111111111111111
28-90-C-1,5,28,90,C,1,9,0.1111111111111111
28-90-C-1,5,28,90,C,1,9,0.1111111111111111
28-90-C-1,5,28,90,C,1,9,0.1111111111111111
28-90-C-1,5,28,90,C,1,9,0.1111111111111111
28-90-C-1,5,28,90,C,1,9,0.1111111111111111
28-90-C-1,5,28,90,C,1,9,0.1111111111111111
28-90-C-1,5,28,90,C,1,9,0.1111111111111111
28-90-C-1,5,28,90,C,1,9,0.1111111111111111
28-90-C-1,5,28,90,C,1,9,0.1111111111111111
28-90-C-1,5,28,90,C,1,9,0.1111111111111111
28-90-C-1,5,28,90,C,1,9,0.1111111111111111
28-90-C-1,5,28,90,C,1,9,0.1111111111111111
28-90-C-1,5,28,90,C,1,9,0.1111111111111111
28-90-C-1,5,28,90,C,1,9,0.1111111111111111
28-90-C-1,5,28,90,C,1,9,0.1111111111111111
28-90-C-1,5,28,90,C,1,9,0.1111111111111111
28-90-C-1,5,28,90,C,1,9,0.1111111111111111
28-90-C-1,5,28,90,C,1,9,0.1111111111111111
28-90-C-1,5,28,90,C,1,9,0.1111111111111111
28-90-C-1,5,28,90,C,1,9,0.1111111111111111
28-90-C-1,5,28,90,C,1,10,0.1
28-90-C-1,5,28,90,C,1,10,0.1
28-90-C-1,5,28,90,C,1,10,0.1
28-90-C-1,5,28,90,C,1,10,0.1
28-90-C-1,5,28,90,C,1,10,0.1
28-90-C-1,5,28,90,C,1,10,0.1
28-90-C-1,5,28,90,C,1,11,0.09090909090909091
28-90-C-1,5,28,90,C,1,11,0.09090909090909091
28-90-C-1,5,28,90,C,1,12,0.08333333333333333
28-90-C-1,5,28,90,C,1,12,0.08333333333333333
28-90-C-1,5,28,90,C,1,12,0.08333333333333333
28-90-C-1,5,28,90,C,1,13,0.07692307692307693
28-90-C-1,5,28,90,C,1,13,0.07692307692307693
28-90-C-1,5,28,90,C,1,14,0.07142857142857142
28-90-C-1,5,28,90,C,1,20,0.05
28-90-C-1,5,28,90,C,1,21,0.047619047619047616
28-90-C-1,5,28,90,C,1,21,0.047619047619047616
28-90-C-1,5,28,90,C,1,26,0.038461538461538464
28-90-C-2,5,28,90,C,2,8,0.125
28-90-C-2,5,28,90,C,2,8,0.125
28-90-C-2,5,28,90,C,2,8,0.125
28-90-C-2,5,28,90,C,2,8,0.125
28-90-C-2,5,28,90,C,2,8,0.125
28-90-C-2,5,28,90,C,2,8,0.125
28-90-C-2,5,28,90,C,2,8,0.125
28-90-C-2,5,28,90,C,2,8,0.125
28-90-C-2,5,28,90,C,2,8,0.125
28-90-C-2,5,28,90,C,2,8,0.125
28-90-C-2,5,28,90,C,2,8,0.125
28-90-C-2,5,28,90,C,2,8,0.125
28-90-C-2,5,28,90,C,2,8,0.125
28-90-C-2,5,28,90,C,2,8,0.125
28-90-C-2,5,28,90,C,2,8,0.125
28-90-C-2,5,28,90,C,2,8,0.125
28-90-C-2,5,28,90,C,2,8,0.125
28-90-C-2,5,28,90,C,2,8,0.125
28-90-C-2,5,28,90,C,2,8,0.125
28-90-C-2,5,28,90,C,2,8,0.125
28-90-C-2,5,28,90,C,2,8,0.125
28-90-C-2,5,28,90,C,2,8,0.125
28-90-C-2,5,28,90,C,2,9,0.1111111111111111
28-90-C-2,5,28,90,C,2,9,0.1111111111111111
28-90-C-2,5,28,90,C,2,9,0.1111111111111111
28-90-C-2,5,28,90,C,2,9,0.1111111111111111
28-90-C-2,5,28,90,C,2,9,0.1111111111111111
28-90-C-2,5,28,90,C,2,9,0.1111111111111111
28-90-C-2,5,28,90,C,2,9,0.1111111111111111
28-90-C-2,5,28,90,C,2,9,0.1111111111111111
28-90-C-2,5,28,90,C,2,9,0.1111111111111111
28-90-C-2,5,28,90,C,2,9,0.1111111111111111
28-90-C-2,5,28,90,C,2,9,0.1111111111111111
28-90-C-2,5,28,90,C,2,9,0.1111111111111111
28-90-C-2,5,28,90,C,2,9,0.1111111111111111
28-90-C-2,5,28,90,C,2,9,0.1111111111111111
28-90-C-2,5,28,90,C,2,9,0.1111111111111111
28-90-C-2,5,28,90,C,2,9,0.1111111111111111
28-90-C-2,5,28,90,C,2,9,0.1111111111111111
28-90-C-2,5,28,90,C,2,9,0.1111111111111111
28-90-C-2,5,28,90,C,2,9,0.1111111111111111
28-90-C-2,5,28,90,C,2,9,0.1111111111111111
28-90-C-2,5,28,90,C,2,9,0.1111111111111111
28-90-C-2,5,28,90,C,2,9,0.1111111111111111
28-90-C-2,5,28,90,C,2,9,0.1111111111111111
28-90-C-2,5,28,90,C,2,9,0.1111111111111111
28-90-C-2,5,28,90,C,2,9,0.1111111111111111
28-90-C-2,5,28,90,C,2,9,0.1111111111111111
28-90-C-2,5,28,90,C,2,9,0.1111111111111111
28-90-C-2,5,28,90,C,2,10,0.1
28-90-C-2,5,28,90,C,2,10,0.1
28-90-C-2,5,28,90,C,2,10,0.1
28-90-C-2,5,28,90,C,2,10,0.1
28-90-C-2,5,28,90,C,2,11,0.09090909090909091
28-90-C-2,5,28,90,C,2,11,0.09090909090909091
28-90-C-2,5,28,90,C,2,11,0.09090909090909091
28-90-C-2,5,28,90,C,2,11,0.09090909090909091
28-90-C-2,5,28,90,C,2,11,0.09090909090909091
28-90-C-2,5,28,90,C,2,12,0.08333333333333333
28-90-C-2,5,28,90,C,2,12,0.08333333333333333
28-90-C-2,5,28,90,C,2,12,0.08333333333333333
28-90-C-2,5,28,90,C,2,13,0.07692307692307693
28-90-C-3,5,28,90,C,3,8,0.125
28-90-C-3,5,28,90,C,3,8,0.125
28-90-C-3,5,28,90,C,3,8,0.125
28-90-C-3,5,28,90,C,3,8,0.125
28-90-C-3,5,28,90,C,3,8,0.125
28-90-C-3,5,28,90,C,3,8,0.125
28-90-C-3,5,28,90,C,3,8,0.125
28-90-C-3,5,28,90,C,3,8,0.125
28-90-C-3,5,28,90,C,3,8,0.125
28-90-C-3,5,28,90,C,3,8,0.125
28-90-C-3,5,28,90,C,3,8,0.125
28-90-C-3,5,28,90,C,3,8,0.125
28-90-C-3,5,28,90,C,3,8,0.125
28-90-C-3,5,28,90,C,3,8,0.125
28-90-C-3,5,28,90,C,3,8,0.125
28-90-C-3,5,28,90,C,3,8,0.125
28-90-C-3,5,28,90,C,3,8,0.125
28-90-C-3,5,28,90,C,3,8,0.125
28-90-C-3,5,28,90,C,3,8,0.125
28-90-C-3,5,28,90,C,3,8,0.125
28-90-C-3,5,28,90,C,3,8,0.125
28-90-C-3,5,28,90,C,3,8,0.125
28-90-C-3,5,28,90,C,3,8,0.125
28-90-C-3,5,28,90,C,3,8,0.125
28-90-C-3,5,28,90,C,3,8,0.125
28-90-C-3,5,28,90,C,3,8,0.125
28-90-C-3,5,28,90,C,3,8,0.125
28-90-C-3,5,28,90,C,3,8,0.125
28-90-C-3,5,28,90,C,3,8,0.125
28-90-C-3,5,28,90,C,3,8,0.125
28-90-C-3,5,28,90,C,3,8,0.125
28-90-C-3,5,28,90,C,3,8,0.125
28-90-C-3,5,28,90,C,3,8,0.125
28-90-C-3,5,28,90,C,3,8,0.125
28-90-C-3,5,28,90,C,3,8,0.125
28-90-C-3,5,28,90,C,3,8,0.125
28-90-C-3,5,28,90,C,3,9,0.1111111111111111
28-90-C-3,5,28,90,C,3,9,0.1111111111111111
28-90-C-3,5,28,90,C,3,9,0.1111111111111111
28-90-C-3,5,28,90,C,3,9,0.1111111111111111
28-90-C-3,5,28,90,C,3,9,0.1111111111111111
28-90-C-3,5,28,90,C,3,9,0.1111111111111111
28-90-C-3,5,28,90,C,3,9,0.1111111111111111
28-90-C-3,5,28,90,C,3,9,0.1111111111111111
28-90-C-3,5,28,90,C,3,9,0.1111111111111111
28-90-C-3,5,28,90,C,3,9,0.1111111111111111
28-90-C-3,5,28,90,C,3,9,0.1111111111111111
28-90-C-3,5,28,90,C,3,9,0.1111111111111111
28-90-C-3,5,28,90,C,3,9,0.1111111111111111
28-90-C-3,5,28,90,C,3,9,0.1111111111111111
28-90-C-3,5,28,90,C,3,9,0.1111111111111111
28-90-C-3,5,28,90,C,3,9,0.1111111111111111
28-90-C-3,5,28,90,C,3,9,0.1111111111111111
28-90-C-3,5,28,90,C,3,9,0.1111111111111111
28-90-C-3,5,28,90,C,3,9,0.1111111111111111
28-90-C-3,5,28,90,C,3,9,0.1111111111111111
28-90-C-3,5,28,90,C,3,10,0.1
28-90-C-3,5,28,90,C,3,10,0.1
28-90-C-3,5,28,90,C,3,10,0.1
28-90-C-3,5,28,90,C,3,10,0.1
28-90-C-3,5,28,90,C,3,10,0.1
28-90-C-3,5,28,90,C,3,10,0.1
28-90-C-3,5,28,90,C,3,10,0.1
28-90-C-3,5,28,90,C,3,10,0.1
28-90-C-3,5,28,90,C,3,10,0.1
28-90-C-3,5,28,90,C,3,11,0.09090909090909091
28-90-C-3,5,28,90,C,3,11,0.09090909090909091
28-90-C-3,5,28,90,C,3,11,0.09090909090909091
28-90-C-3,5,28,90,C,3,11,0.09090909090909091
28-90-C-3,5,28,90,C,3,11,0.09090909090909091
28-90-C-3,5,28,90,C,3,11,0.09090909090909091
28-90-C-3,5,28,90,C,3,12,0.08333333333333333
28-90-C-3,5,28,90,C,3,12,0.08333333333333333
28-90-C-3,5,28,90,C,3,12,0.08333333333333333
28-90-C-3,5,28,90,C,3,12,0.08333333333333333
28-90-C-3,5,28,90,C,3,12,0.08333333333333333
28-90-C-3,5,28,90,C,3,12,0.08333333333333333
28-90-C-3,5,28,90,C,3,12,0.08333333333333333
28-90-C-3,5,28,90,C,3,12,0.08333333333333333
28-90-C-3,5,28,90,C,3,13,0.07692307692307693
28-90-C-3,5,28,90,C,3,14,0.07142857142857142
28-90-C-3,5,28,90,C,3,14,0.07142857142857142
28-90-C-3,5,28,90,C,3,15,0.06666666666666667
28-90-C-3,5,28,90,C,3,16,0.0625
28-90-C-3,5,28,90,C,3,19,0.05263157894736842
28-90-C-3,5,28,90,C,3,19,0.05263157894736842
28-90-C-3,5,28,90,C,3,20,0.05
28-90-C-3,5,28,90,C,3,21,0.047619047619047616
28-90-C-3,5,28,90,C,3,21,0.047619047619047616
28-90-C-3,5,28,90,C,3,21,0.047619047619047616
28-90-E-1,5,28,90,E,1,7,0.14285714285714285
28-90-E-1,5,28,90,E,1,8,0.125
28-90-E-1,5,28,90,E,1,8,0.125
28-90-E-1,5,28,90,E,1,8,0.125
28-90-E-1,5,28,90,E,1,8,0.125
28-90-E-1,5,28,90,E,1,8,0.125
28-90-E-1,5,28,90,E,1,8,0.125
28-90-E-1,5,28,90,E,1,8,0.125
28-90-E-1,5,28,90,E,1,8,0.125
28-90-E-1,5,28,90,E,1,8,0.125
28-90-E-1,5,28,90,E,1,8,0.125
28-90-E-1,5,28,90,E,1,8,0.125
28-90-E-1,5,28,90,E,1,8,0.125
28-90-E-1,5,28,90,E,1,8,0.125
28-90-E-1,5,28,90,E,1,8,0.125
28-90-E-1,5,28,90,E,1,8,0.125
28-90-E-1,5,28,90,E,1,8,0.125
28-90-E-1,5,28,90,E,1,8,0.125
28-90-E-1,5,28,90,E,1,8,0.125
28-90-E-1,5,28,90,E,1,8,0.125
28-90-E-1,5,28,90,E,1,8,0.125
28-90-E-1,5,28,90,E,1,8,0.125
28-90-E-1,5,28,90,E,1,8,0.125
28-90-E-1,5,28,90,E,1,8,0.125
28-90-E-1,5,28,90,E,1,8,0.125
28-90-E-1,5,28,90,E,1,8,0.125
28-90-E-1,5,28,90,E,1,8,0.125
28-90-E-1,5,28,90,E,1,8,0.125
28-90-E-1,5,28,90,E,1,8,0.125
28-90-E-1,5,28,90,E,1,9,0.1111111111111111
28-90-E-1,5,28,90,E,1,9,0.1111111111111111
28-90-E-1,5,28,90,E,1,9,0.1111111111111111
28-90-E-1,5,28,90,E,1,9,0.1111111111111111
28-90-E-1,5,28,90,E,1,9,0.1111111111111111
28-90-E-1,5,28,90,E,1,9,0.1111111111111111
28-90-E-1,5,28,90,E,1,9,0.1111111111111111
28-90-E-1,5,28,90,E,1,9,0.1111111111111111
28-90-E-1,5,28,90,E,1,9,0.1111111111111111
28-90-E-1,5,28,90,E,1,9,0.1111111111111111
28-90-E-1,5,28,90,E,1,9,0.1111111111111111
28-90-E-1,5,28,90,E,1,9,0.1111111111111111
28-90-E-1,5,28,90,E,1,9,0.1111111111111111
28-90-E-1,5,28,90,E,1,9,0.1111111111111111
28-90-E-1,5,28,90,E,1,9,0.1111111111111111
28-90-E-1,5,28,90,E,1,9,0.1111111111111111
28-90-E-1,5,28,90,E,1,9,0.1111111111111111
28-90-E-1,5,28,90,E,1,9,0.1111111111111111
28-90-E-1,5,28,90,E,1,9,0.1111111111111111
28-90-E-1,5,28,90,E,1,9,0.1111111111111111
28-90-E-1,5,28,90,E,1,9,0.1111111111111111
28-90-E-1,5,28,90,E,1,10,0.1
28-90-E-1,5,28,90,E,1,10,0.1
28-90-E-1,5,28,90,E,1,10,0.1
28-90-E-1,5,28,90,E,1,10,0.1
28-90-E-1,5,28,90,E,1,10,0.1
28-90-E-1,5,28,90,E,1,10,0.1
28-90-E-1,5,28,90,E,1,11,0.09090909090909091
28-90-E-1,5,28,90,E,1,11,0.09090909090909091
28-90-E-1,5,28,90,E,1,11,0.09090909090909091
28-90-E-1,5,28,90,E,1,11,0.09090909090909091
28-90-E-1,5,28,90,E,1,12,0.08333333333333333
28-90-E-1,5,28,90,E,1,12,0.08333333333333333
28-90-E-1,5,28,90,E,1,12,0.08333333333333333
28-90-E-1,5,28,90,E,1,13,0.07692307692307693
28-90-E-1,5,28,90,E,1,13,0.07692307692307693
28-90-E-1,5,28,90,E,1,13,0.07692307692307693
28-90-E-1,5,28,90,E,1,15,0.06666666666666667
28-90-E-2,5,28,90,E,2,7,0.14285714285714285
28-90-E-2,5,28,90,E,2,8,0.125
28-90-E-2,5,28,90,E,2,8,0.125
28-90-E-2,5,28,90,E,2,8,0.125
28-90-E-2,5,28,90,E,2,8,0.125
28-90-E-2,5,28,90,E,2,8,0.125
28-90-E-2,5,28,90,E,2,8,0.125
28-90-E-2,5,28,90,E,2,8,0.125
28-90-E-2,5,28,90,E,2,8,0.125
28-90-E-2,5,28,90,E,2,8,0.125
28-90-E-2,5,28,90,E,2,8,0.125
28-90-E-2,5,28,90,E,2,8,0.125
28-90-E-2,5,28,90,E,2,8,0.125
28-90-E-2,5,28,90,E,2,8,0.125
28-90-E-2,5,28,90,E,2,8,0.125
28-90-E-2,5,28,90,E,2,8,0.125
28-90-E-2,5,28,90,E,2,8,0.125
28-90-E-2,5,28,90,E,2,8,0.125
28-90-E-2,5,28,90,E,2,8,0.125
28-90-E-2,5,28,90,E,2,8,0.125
28-90-E-2,5,28,90,E,2,8,0.125
28-90-E-2,5,28,90,E,2,8,0.125
28-90-E-2,5,28,90,E,2,8,0.125
28-90-E-2,5,28,90,E,2,8,0.125
28-90-E-2,5,28,90,E,2,8,0.125
28-90-E-2,5,28,90,E,2,8,0.125
28-90-E-2,5,28,90,E,2,8,0.125
28-90-E-2,5,28,90,E,2,8,0.125
28-90-E-2,5,28,90,E,2,8,0.125
28-90-E-2,5,28,90,E,2,8,0.125
28-90-E-2,5,28,90,E,2,8,0.125
28-90-E-2,5,28,90,E,2,8,0.125
28-90-E-2,5,28,90,E,2,8,0.125
28-90-E-2,5,28,90,E,2,9,0.1111111111111111
28-90-E-2,5,28,90,E,2,9,0.1111111111111111
28-90-E-2,5,28,90,E,2,9,0.1111111111111111
28-90-E-2,5,28,90,E,2,9,0.1111111111111111
28-90-E-2,5,28,90,E,2,9,0.1111111111111111
28-90-E-2,5,28,90,E,2,9,0.1111111111111111
28-90-E-2,5,28,90,E,2,9,0.1111111111111111
28-90-E-2,5,28,90,E,2,9,0.1111111111111111
28-90-E-2,5,28,90,E,2,9,0.1111111111111111
28-90-E-2,5,28,90,E,2,9,0.1111111111111111
28-90-E-2,5,28,90,E,2,9,0.1111111111111111
28-90-E-2,5,28,90,E,2,9,0.1111111111111111
28-90-E-2,5,28,90,E,2,9,0.1111111111111111
28-90-E-2,5,28,90,E,2,9,0.1111111111111111
28-90-E-2,5,28,90,E,2,9,0.1111111111111111
28-90-E-2,5,28,90,E,2,9,0.1111111111111111
28-90-E-2,5,28,90,E,2,9,0.1111111111111111
28-90-E-2,5,28,90,E,2,9,0.1111111111111111
28-90-E-2,5,28,90,E,2,9,0.1111111111111111
28-90-E-2,5,28,90,E,2,9,0.1111111111111111
28-90-E-2,5,28,90,E,2,9,0.1111111111111111
28-90-E-2,5,28,90,E,2,9,0.1111111111111111
28-90-E-2,5,28,90,E,2,9,0.1111111111111111
28-90-E-2,5,28,90,E,2,9,0.1111111111111111
28-90-E-2,5,28,90,E,2,9,0.1111111111111111
28-90-E-2,5,28,90,E,2,9,0.1111111111111111
28-90-E-2,5,28,90,E,2,9,0.1111111111111111
28-90-E-2,5,28,90,E,2,9,0.1111111111111111
28-90-E-2,5,28,90,E,2,9,0.1111111111111111
28-90-E-2,5,28,90,E,2,9,0.1111111111111111
28-90-E-2,5,28,90,E,2,9,0.1111111111111111
28-90-E-2,5,28,90,E,2,9,0.1111111111111111
28-90-E-2,5,28,90,E,2,9,0.1111111111111111
28-90-E-2,5,28,90,E,2,9,0.1111111111111111
28-90-E-2,5,28,90,E,2,9,0.1111111111111111
28-90-E-2,5,28,90,E,2,9,0.1111111111111111
28-90-E-2,5,28,90,E,2,9,0.1111111111111111
28-90-E-2,5,28,90,E,2,10,0.1
28-90-E-2,5,28,90,E,2,10,0.1
28-90-E-2,5,28,90,E,2,10,0.1
28-90-E-2,5,28,90,E,2,10,0.1
28-90-E-2,5,28,90,E,2,10,0.1
28-90-E-2,5,28,90,E,2,11,0.09090909090909091
28-90-E-2,5,28,90,E,2,11,0.09090909090909091
28-90-E-2,5,28,90,E,2,11,0.09090909090909091
28-90-E-2,5,28,90,E,2,11,0.09090909090909091
28-90-E-2,5,28,90,E,2,11,0.09090909090909091
28-90-E-2,5,28,90,E,2,11,0.09090909090909091
28-90-E-2,5,28,90,E,2,12,0.08333333333333333
28-90-E-2,5,28,90,E,2,12,0.08333333333333333
28-90-E-2,5,28,90,E,2,12,0.08333333333333333
28-90-E-2,5,28,90,E,2,12,0.08333333333333333
28-90-E-2,5,28,90,E,2,12,0.08333333333333333
28-90-E-2,5,28,90,E,2,12,0.08333333333333333
28-90-E-2,5,28,90,E,2,12,0.08333333333333333
28-90-E-2,5,28,90,E,2,13,0.07692307692307693
28-90-E-2,5,28,90,E,2,13,0.07692307692307693
28-90-E-2,5,28,90,E,2,18,0.05555555555555555
28-90-E-3,5,28,90,E,3,8,0.125
28-90-E-3,5,28,90,E,3,8,0.125
28-90-E-3,5,28,90,E,3,8,0.125
28-90-E-3,5,28,90,E,3,8,0.125
28-90-E-3,5,28,90,E,3,8,0.125
28-90-E-3,5,28,90,E,3,8,0.125
28-90-E-3,5,28,90,E,3,8,0.125
28-90-E-3,5,28,90,E,3,8,0.125
28-90-E-3,5,28,90,E,3,8,0.125
28-90-E-3,5,28,90,E,3,8,0.125
28-90-E-3,5,28,90,E,3,8,0.125
28-90-E-3,5,28,90,E,3,8,0.125
28-90-E-3,5,28,90,E,3,8,0.125
28-90-E-3,5,28,90,E,3,8,0.125
28-90-E-3,5,28,90,E,3,8,0.125
28-90-E-3,5,28,90,E,3,8,0.125
28-90-E-3,5,28,90,E,3,8,0.125
28-90-E-3,5,28,90,E,3,8,0.125
28-90-E-3,5,28,90,E,3,8,0.125
28-90-E-3,5,28,90,E,3,8,0.125
28-90-E-3,5,28,90,E,3,8,0.125
28-90-E-3,5,28,90,E,3,8,0.125
28-90-E-3,5,28,90,E,3,8,0.125
28-90-E-3,5,28,90,E,3,8,0.125
28-90-E-3,5,28,90,E,3,8,0.125
28-90-E-3,5,28,90,E,3,8,0.125
28-90-E-3,5,28,90,E,3,8,0.125
28-90-E-3,5,28,90,E,3,8,0.125
28-90-E-3,5,28,90,E,3,8,0.125
28-90-E-3,5,28,90,E,3,8,0.125
28-90-E-3,5,28,90,E,3,8,0.125
28-90-E-3,5,28,90,E,3,8,0.125
28-90-E-3,5,28,90,E,3,8,0.125
28-90-E-3,5,28,90,E,3,8,0.125
28-90-E-3,5,28,90,E,3,8,0.125
28-90-E-3,5,28,90,E,3,8,0.125
28-90-E-3,5,28,90,E,3,8,0.125
28-90-E-3,5,28,90,E,3,8,0.125
28-90-E-3,5,28,90,E,3,8,0.125
28-90-E-3,5,28,90,E,3,8,0.125
28-90-E-3,5,28,90,E,3,8,0.125
28-90-E-3,5,28,90,E,3,8,0.125
28-90-E-3,5,28,90,E,3,8,0.125
28-90-E-3,5,28,90,E,3,8,0.125
28-90-E-3,5,28,90,E,3,9,0.1111111111111111
28-90-E-3,5,28,90,E,3,9,0.1111111111111111
28-90-E-3,5,28,90,E,3,9,0.1111111111111111
28-90-E-3,5,28,90,E,3,9,0.1111111111111111
28-90-E-3,5,28,90,E,3,9,0.1111111111111111
28-90-E-3,5,28,90,E,3,9,0.1111111111111111
28-90-E-3,5,28,90,E,3,9,0.1111111111111111
28-90-E-3,5,28,90,E,3,9,0.1111111111111111
28-90-E-3,5,28,90,E,3,9,0.1111111111111111
28-90-E-3,5,28,90,E,3,9,0.1111111111111111
28-90-E-3,5,28,90,E,3,9,0.1111111111111111
28-90-E-3,5,28,90,E,3,9,0.1111111111111111
28-90-E-3,5,28,90,E,3,9,0.1111111111111111
28-90-E-3,5,28,90,E,3,9,0.1111111111111111
28-90-E-3,5,28,90,E,3,9,0.1111111111111111
28-90-E-3,5,28,90,E,3,9,0.1111111111111111
28-90-E-3,5,28,90,E,3,9,0.1111111111111111
28-90-E-3,5,28,90,E,3,9,0.1111111111111111
28-90-E-3,5,28,90,E,3,9,0.1111111111111111
28-90-E-3,5,28,90,E,3,9,0.1111111111111111
28-90-E-3,5,28,90,E,3,9,0.1111111111111111
28-90-E-3,5,28,90,E,3,9,0.1111111111111111
28-90-E-3,5,28,90,E,3,9,0.1111111111111111
28-90-E-3,5,28,90,E,3,9,0.1111111111111111
28-90-E-3,5,28,90,E,3,9,0.1111111111111111
28-90-E-3,5,28,90,E,3,9,0.1111111111111111
28-90-E-3,5,28,90,E,3,10,0.1
28-90-E-3,5,28,90,E,3,10,0.1
28-90-E-3,5,28,90,E,3,10,0.1
28-90-E-3,5,28,90,E,3,10,0.1
28-90-E-3,5,28,90,E,3,10,0.1
28-90-E-3,5,28,90,E,3,10,0.1
28-90-E-3,5,28,90,E,3,10,0.1
28-90-E-3,5,28,90,E,3,11,0.09090909090909091
28-90-E-3,5,28,90,E,3,11,0.09090909090909091
28-90-E-3,5,28,90,E,3,12,0.08333333333333333
28-90-E-3,5,28,90,E,3,12,0.08333333333333333
28-90-E-3,5,28,90,E,3,12,0.08333333333333333
28-90-E-3,5,28,90,E,3,13,0.07692307692307693
28-90-E-3,5,28,90,E,3,13,0.07692307692307693
28-90-E-3,5,28,90,E,3,15,0.06666666666666667
28-90-E-3,5,28,90,E,3,15,0.06666666666666667
24-90-C-1,5,24,90,C,1,11,0.09090909090909091
24-90-C-1,5,24,90,C,1,11,0.09090909090909091
24-90-C-1,5,24,90,C,1,11,0.09090909090909091
24-90-C-1,5,24,90,C,1,11,0.09090909090909091
24-90-C-1,5,24,90,C,1,11,0.09090909090909091
24-90-C-1,5,24,90,C,1,11,0.09090909090909091
24-90-C-1,5,24,90,C,1,11,0.09090909090909091
24-90-C-1,5,24,90,C,1,11,0.09090909090909091
24-90-C-1,5,24,90,C,1,11,0.09090909090909091
24-90-C-1,5,24,90,C,1,11,0.09090909090909091
24-90-C-1,5,24,90,C,1,11,0.09090909090909091
24-90-C-1,5,24,90,C,1,11,0.09090909090909091
24-90-C-1,5,24,90,C,1,11,0.09090909090909091
24-90-C-1,5,24,90,C,1,11,0.09090909090909091
24-90-C-1,5,24,90,C,1,11,0.09090909090909091
24-90-C-1,5,24,90,C,1,11,0.09090909090909091
24-90-C-1,5,24,90,C,1,11,0.09090909090909091
24-90-C-1,5,24,90,C,1,11,0.09090909090909091
24-90-C-1,5,24,90,C,1,11,0.09090909090909091
24-90-C-1,5,24,90,C,1,11,0.09090909090909091
24-90-C-1,5,24,90,C,1,11,0.09090909090909091
24-90-C-1,5,24,90,C,1,11,0.09090909090909091
24-90-C-1,5,24,90,C,1,11,0.09090909090909091
24-90-C-1,5,24,90,C,1,11,0.09090909090909091
24-90-C-1,5,24,90,C,1,11,0.09090909090909091
24-90-C-1,5,24,90,C,1,11,0.09090909090909091
24-90-C-1,5,24,90,C,1,11,0.09090909090909091
24-90-C-1,5,24,90,C,1,11,0.09090909090909091
24-90-C-1,5,24,90,C,1,11,0.09090909090909091
24-90-C-1,5,24,90,C,1,11,0.09090909090909091
24-90-C-1,5,24,90,C,1,11,0.09090909090909091
24-90-C-1,5,24,90,C,1,11,0.09090909090909091
24-90-C-1,5,24,90,C,1,11,0.09090909090909091
24-90-C-1,5,24,90,C,1,11,0.09090909090909091
24-90-C-1,5,24,90,C,1,11,0.09090909090909091
24-90-C-1,5,24,90,C,1,11,0.09090909090909091
24-90-C-1,5,24,90,C,1,11,0.09090909090909091
24-90-C-1,5,24,90,C,1,12,0.08333333333333333
24-90-C-1,5,24,90,C,1,12,0.08333333333333333
24-90-C-1,5,24,90,C,1,12,0.08333333333333333
24-90-C-1,5,24,90,C,1,12,0.08333333333333333
24-90-C-1,5,24,90,C,1,12,0.08333333333333333
24-90-C-1,5,24,90,C,1,12,0.08333333333333333
24-90-C-1,5,24,90,C,1,12,0.08333333333333333
24-90-C-1,5,24,90,C,1,12,0.08333333333333333
24-90-C-1,5,24,90,C,1,12,0.08333333333333333
24-90-C-1,5,24,90,C,1,12,0.08333333333333333
24-90-C-1,5,24,90,C,1,12,0.08333333333333333
24-90-C-1,5,24,90,C,1,12,0.08333333333333333
24-90-C-1,5,24,90,C,1,12,0.08333333333333333
24-90-C-1,5,24,90,C,1,12,0.08333333333333333
24-90-C-1,5,24,90,C,1,12,0.08333333333333333
24-90-C-1,5,24,90,C,1,12,0.08333333333333333
24-90-C-1,5,24,90,C,1,12,0.08333333333333333
24-90-C-1,5,24,90,C,1,12,0.08333333333333333
24-90-C-1,5,24,90,C,1,12,0.08333333333333333
24-90-C-1,5,24,90,C,1,12,0.08333333333333333
24-90-C-1,5,24,90,C,1,12,0.08333333333333333
24-90-C-1,5,24,90,C,1,12,0.08333333333333333
24-90-C-1,5,24,90,C,1,12,0.08333333333333333
24-90-C-1,5,24,90,C,1,13,0.07692307692307693
24-90-C-1,5,24,90,C,1,13,0.07692307692307693
24-90-C-1,5,24,90,C,1,13,0.07692307692307693
24-90-C-1,5,24,90,C,1,13,0.07692307692307693
24-90-C-1,5,24,90,C,1,13,0.07692307692307693
24-90-C-1,5,24,90,C,1,13,0.07692307692307693
24-90-C-1,5,24,90,C,1,13,0.07692307692307693
24-90-C-1,5,24,90,C,1,13,0.07692307692307693
24-90-C-1,5,24,90,C,1,13,0.07692307692307693
24-90-C-1,5,24,90,C,1,13,0.07692307692307693
24-90-C-1,5,24,90,C,1,14,0.07142857142857142
24-90-C-1,5,24,90,C,1,14,0.07142857142857142
24-90-C-1,5,24,90,C,1,15,0.06666666666666667
24-90-C-1,5,24,90,C,1,15,0.06666666666666667
24-90-C-1,5,24,90,C,1,16,0.0625
24-90-C-1,5,24,90,C,1,16,0.0625
24-90-C-1,5,24,90,C,1,18,0.05555555555555555
24-90-C-1,5,24,90,C,1,19,0.05263157894736842
24-90-C-2,5,24,90,C,2,11,0.09090909090909091
24-90-C-2,5,24,90,C,2,11,0.09090909090909091
24-90-C-2,5,24,90,C,2,11,0.09090909090909091
24-90-C-2,5,24,90,C,2,11,0.09090909090909091
24-90-C-2,5,24,90,C,2,11,0.09090909090909091
24-90-C-2,5,24,90,C,2,11,0.09090909090909091
24-90-C-2,5,24,90,C,2,11,0.09090909090909091
24-90-C-2,5,24,90,C,2,11,0.09090909090909091
24-90-C-2,5,24,90,C,2,11,0.09090909090909091
24-90-C-2,5,24,90,C,2,11,0.09090909090909091
24-90-C-2,5,24,90,C,2,11,0.09090909090909091
24-90-C-2,5,24,90,C,2,11,0.09090909090909091
24-90-C-2,5,24,90,C,2,11,0.09090909090909091
24-90-C-2,5,24,90,C,2,11,0.09090909090909091
24-90-C-2,5,24,90,C,2,11,0.09090909090909091
24-90-C-2,5,24,90,C,2,11,0.09090909090909091
24-90-C-2,5,24,90,C,2,11,0.09090909090909091
24-90-C-2,5,24,90,C,2,11,0.09090909090909091
24-90-C-2,5,24,90,C,2,11,0.09090909090909091
24-90-C-2,5,24,90,C,2,11,0.09090909090909091
24-90-C-2,5,24,90,C,2,11,0.09090909090909091
24-90-C-2,5,24,90,C,2,11,0.09090909090909091
24-90-C-2,5,24,90,C,2,11,0.09090909090909091
24-90-C-2,5,24,90,C,2,11,0.09090909090909091
24-90-C-2,5,24,90,C,2,11,0.09090909090909091
24-90-C-2,5,24,90,C,2,11,0.09090909090909091
24-90-C-2,5,24,90,C,2,11,0.09090909090909091
24-90-C-2,5,24,90,C,2,11,0.09090909090909091
24-90-C-2,5,24,90,C,2,11,0.09090909090909091
24-90-C-2,5,24,90,C,2,11,0.09090909090909091
24-90-C-2,5,24,90,C,2,12,0.08333333333333333
24-90-C-2,5,24,90,C,2,12,0.08333333333333333
24-90-C-2,5,24,90,C,2,12,0.08333333333333333
24-90-C-2,5,24,90,C,2,12,0.08333333333333333
24-90-C-2,5,24,90,C,2,12,0.08333333333333333
24-90-C-2,5,24,90,C,2,12,0.08333333333333333
24-90-C-2,5,24,90,C,2,12,0.08333333333333333
24-90-C-2,5,24,90,C,2,12,0.08333333333333333
24-90-C-2,5,24,90,C,2,12,0.08333333333333333
24-90-C-2,5,24,90,C,2,12,0.08333333333333333
24-90-C-2,5,24,90,C,2,12,0.08333333333333333
24-90-C-2,5,24,90,C,2,12,0.08333333333333333
24-90-C-2,5,24,90,C,2,12,0.08333333333333333
24-90-C-2,5,24,90,C,2,12,0.08333333333333333
24-90-C-2,5,24,90,C,2,12,0.08333333333333333
24-90-C-2,5,24,90,C,2,12,0.08333333333333333
24-90-C-2,5,24,90,C,2,12,0.08333333333333333
24-90-C-2,5,24,90,C,2,12,0.08333333333333333
24-90-C-2,5,24,90,C,2,12,0.08333333333333333
24-90-C-2,5,24,90,C,2,12,0.08333333333333333
24-90-C-2,5,24,90,C,2,12,0.08333333333333333
24-90-C-2,5,24,90,C,2,12,0.08333333333333333
24-90-C-2,5,24,90,C,2,12,0.08333333333333333
24-90-C-2,5,24,90,C,2,12,0.08333333333333333
24-90-C-2,5,24,90,C,2,12,0.08333333333333333
24-90-C-2,5,24,90,C,2,12,0.08333333333333333
24-90-C-2,5,24,90,C,2,12,0.08333333333333333
24-90-C-2,5,24,90,C,2,12,0.08333333333333333
24-90-C-2,5,24,90,C,2,12,0.08333333333333333
24-90-C-2,5,24,90,C,2,12,0.08333333333333333
24-90-C-2,5,24,90,C,2,13,0.07692307692307693
24-90-C-2,5,24,90,C,2,13,0.07692307692307693
24-90-C-2,5,24,90,C,2,13,0.07692307692307693
24-90-C-2,5,24,90,C,2,13,0.07692307692307693
24-90-C-2,5,24,90,C,2,13,0.07692307692307693
24-90-C-2,5,24,90,C,2,13,0.07692307692307693
24-90-C-2,5,24,90,C,2,13,0.07692307692307693
24-90-C-2,5,24,90,C,2,13,0.07692307692307693
24-90-C-2,5,24,90,C,2,13,0.07692307692307693
24-90-C-2,5,24,90,C,2,13,0.07692307692307693
24-90-C-2,5,24,90,C,2,13,0.07692307692307693
24-90-C-2,5,24,90,C,2,13,0.07692307692307693
24-90-C-2,5,24,90,C,2,13,0.07692307692307693
24-90-C-2,5,24,90,C,2,13,0.07692307692307693
24-90-C-2,5,24,90,C,2,13,0.07692307692307693
24-90-C-2,5,24,90,C,2,14,0.07142857142857142
24-90-C-2,5,24,90,C,2,14,0.07142857142857142
24-90-C-2,5,24,90,C,2,14,0.07142857142857142
24-90-C-2,5,24,90,C,2,14,0.07142857142857142
24-90-C-2,5,24,90,C,2,15,0.06666666666666667
24-90-C-2,5,24,90,C,2,15,0.06666666666666667
24-90-C-2,5,24,90,C,2,15,0.06666666666666667
24-90-C-2,5,24,90,C,2,15,0.06666666666666667
24-90-C-2,5,24,90,C,2,19,0.05263157894736842
24-90-C-2,5,24,90,C,2,21,0.047619047619047616
24-90-C-3,5,24,90,C,3,10,0.1
24-90-C-3,5,24,90,C,3,10,0.1
24-90-C-3,5,24,90,C,3,11,0.09090909090909091
24-90-C-3,5,24,90,C,3,11,0.09090909090909091
24-90-C-3,5,24,90,C,3,11,0.09090909090909091
24-90-C-3,5,24,90,C,3,11,0.09090909090909091
24-90-C-3,5,24,90,C,3,11,0.09090909090909091
24-90-C-3,5,24,90,C,3,11,0.09090909090909091
24-90-C-3,5,24,90,C,3,11,0.09090909090909091
24-90-C-3,5,24,90,C,3,11,0.09090909090909091
24-90-C-3,5,24,90,C,3,11,0.09090909090909091
24-90-C-3,5,24,90,C,3,11,0.09090909090909091
24-90-C-3,5,24,90,C,3,11,0.09090909090909091
24-90-C-3,5,24,90,C,3,11,0.09090909090909091
24-90-C-3,5,24,90,C,3,11,0.09090909090909091
24-90-C-3,5,24,90,C,3,11,0.09090909090909091
24-90-C-3,5,24,90,C,3,11,0.09090909090909091
24-90-C-3,5,24,90,C,3,11,0.09090909090909091
24-90-C-3,5,24,90,C,3,11,0.09090909090909091
24-90-C-3,5,24,90,C,3,11,0.09090909090909091
24-90-C-3,5,24,90,C,3,11,0.09090909090909091
24-90-C-3,5,24,90,C,3,11,0.09090909090909091
24-90-C-3,5,24,90,C,3,11,0.09090909090909091
24-90-C-3,5,24,90,C,3,11,0.09090909090909091
24-90-C-3,5,24,90,C,3,11,0.09090909090909091
24-90-C-3,5,24,90,C,3,11,0.09090909090909091
24-90-C-3,5,24,90,C,3,11,0.09090909090909091
24-90-C-3,5,24,90,C,3,11,0.09090909090909091
24-90-C-3,5,24,90,C,3,11,0.09090909090909091
24-90-C-3,5,24,90,C,3,11,0.09090909090909091
24-90-C-3,5,24,90,C,3,11,0.09090909090909091
24-90-C-3,5,24,90,C,3,11,0.09090909090909091
24-90-C-3,5,24,90,C,3,11,0.09090909090909091
24-90-C-3,5,24,90,C,3,11,0.09090909090909091
24-90-C-3,5,24,90,C,3,11,0.09090909090909091
24-90-C-3,5,24,90,C,3,11,0.09090909090909091
24-90-C-3,5,24,90,C,3,11,0.09090909090909091
24-90-C-3,5,24,90,C,3,12,0.08333333333333333
24-90-C-3,5,24,90,C,3,12,0.08333333333333333
24-90-C-3,5,24,90,C,3,12,0.08333333333333333
24-90-C-3,5,24,90,C,3,12,0.08333333333333333
24-90-C-3,5,24,90,C,3,12,0.08333333333333333
24-90-C-3,5,24,90,C,3,12,0.08333333333333333
24-90-C-3,5,24,90,C,3,12,0.08333333333333333
24-90-C-3,5,24,90,C,3,12,0.08333333333333333
24-90-C-3,5,24,90,C,3,12,0.08333333333333333
24-90-C-3,5,24,90,C,3,12,0.08333333333333333
24-90-C-3,5,24,90,C,3,12,0.08333333333333333
24-90-C-3,5,24,90,C,3,12,0.08333333333333333
24-90-C-3,5,24,90,C,3,12,0.08333333333333333
24-90-C-3,5,24,90,C,3,12,0.08333333333333333
24-90-C-3,5,24,90,C,3,12,0.08333333333333333
24-90-C-3,5,24,90,C,3,12,0.08333333333333333
24-90-C-3,5,24,90,C,3,12,0.08333333333333333
24-90-C-3,5,24,90,C,3,12,0.08333333333333333
24-90-C-3,5,24,90,C,3,12,0.08333333333333333
24-90-C-3,5,24,90,C,3,12,0.08333333333333333
24-90-C-3,5,24,90,C,3,12,0.08333333333333333
24-90-C-3,5,24,90,C,3,12,0.08333333333333333
24-90-C-3,5,24,90,C,3,12,0.08333333333333333
24-90-C-3,5,24,90,C,3,12,0.08333333333333333
24-90-C-3,5,24,90,C,3,12,0.08333333333333333
24-90-C-3,5,24,90,C,3,12,0.08333333333333333
24-90-C-3,5,24,90,C,3,12,0.08333333333333333
24-90-C-3,5,24,90,C,3,12,0.08333333333333333
24-90-C-3,5,24,90,C,3,12,0.08333333333333333
24-90-C-3,5,24,90,C,3,12,0.08333333333333333
24-90-C-3,5,24,90,C,3,12,0.08333333333333333
24-90-C-3,5,24,90,C,3,12,0.08333333333333333
24-90-C-3,5,24,90,C,3,12,0.08333333333333333
24-90-C-3,5,24,90,C,3,12,0.08333333333333333
24-90-C-3,5,24,90,C,3,12,0.08333333333333333
24-90-C-3,5,24,90,C,3,12,0.08333333333333333
24-90-C-3,5,24,90,C,3,13,0.07692307692307693
24-90-C-3,5,24,90,C,3,13,0.07692307692307693
24-90-C-3,5,24,90,C,3,13,0.07692307692307693
24-90-C-3,5,24,90,C,3,13,0.07692307692307693
24-90-C-3,5,24,90,C,3,13,0.07692307692307693
24-90-C-3,5,24,90,C,3,13,0.07692307692307693
24-90-C-3,5,24,90,C,3,13,0.07692307692307693
24-90-C-3,5,24,90,C,3,13,0.07692307692307693
24-90-C-3,5,24,90,C,3,13,0.07692307692307693
24-90-C-3,5,24,90,C,3,13,0.07692307692307693
24-90-C-3,5,24,90,C,3,13,0.07692307692307693
24-90-C-3,5,24,90,C,3,13,0.07692307692307693
24-90-C-3,5,24,90,C,3,13,0.07692307692307693
24-90-C-3,5,24,90,C,3,13,0.07692307692307693
24-90-C-3,5,24,90,C,3,14,0.07142857142857142
24-90-C-3,5,24,90,C,3,14,0.07142857142857142
24-90-C-3,5,24,90,C,3,15,0.06666666666666667
24-90-C-3,5,24,90,C,3,15,0.06666666666666667
24-90-C-3,5,24,90,C,3,15,0.06666666666666667
24-90-C-3,5,24,90,C,3,16,0.0625
24-90-C-3,5,24,90,C,3,17,0.058823529411764705
24-90-C-3,5,24,90,C,3,19,0.05263157894736842
24-90-E-1,5,24,90,E,1,11,0.09090909090909091
24-90-E-1,5,24,90,E,1,11,0.09090909090909091
24-90-E-1,5,24,90,E,1,11,0.09090909090909091
24-90-E-1,5,24,90,E,1,11,0.09090909090909091
24-90-E-1,5,24,90,E,1,11,0.09090909090909091
24-90-E-1,5,24,90,E,1,11,0.09090909090909091
24-90-E-1,5,24,90,E,1,11,0.09090909090909091
24-90-E-1,5,24,90,E,1,11,0.09090909090909091
24-90-E-1,5,24,90,E,1,11,0.09090909090909091
24-90-E-1,5,24,90,E,1,11,0.09090909090909091
24-90-E-1,5,24,90,E,1,11,0.09090909090909091
24-90-E-1,5,24,90,E,1,11,0.09090909090909091
24-90-E-1,5,24,90,E,1,11,0.09090909090909091
24-90-E-1,5,24,90,E,1,11,0.09090909090909091
24-90-E-1,5,24,90,E,1,11,0.09090909090909091
24-90-E-1,5,24,90,E,1,11,0.09090909090909091
24-90-E-1,5,24,90,E,1,11,0.09090909090909091
24-90-E-1,5,24,90,E,1,11,0.09090909090909091
24-90-E-1,5,24,90,E,1,11,0.09090909090909091
24-90-E-1,5,24,90,E,1,11,0.09090909090909091
24-90-E-1,5,24,90,E,1,11,0.09090909090909091
24-90-E-1,5,24,90,E,1,11,0.09090909090909091
24-90-E-1,5,24,90,E,1,11,0.09090909090909091
24-90-E-1,5,24,90,E,1,11,0.09090909090909091
24-90-E-1,5,24,90,E,1,11,0.09090909090909091
24-90-E-1,5,24,90,E,1,11,0.09090909090909091
24-90-E-1,5,24,90,E,1,12,0.08333333333333333
24-90-E-1,5,24,90,E,1,12,0.08333333333333333
24-90-E-1,5,24,90,E,1,12,0.08333333333333333
24-90-E-1,5,24,90,E,1,12,0.08333333333333333
24-90-E-1,5,24,90,E,1,12,0.08333333333333333
24-90-E-1,5,24,90,E,1,12,0.08333333333333333
24-90-E-1,5,24,90,E,1,12,0.08333333333333333
24-90-E-1,5,24,90,E,1,12,0.08333333333333333
24-90-E-1,5,24,90,E,1,12,0.08333333333333333
24-90-E-1,5,24,90,E,1,12,0.08333333333333333
24-90-E-1,5,24,90,E,1,12,0.08333333333333333
24-90-E-1,5,24,90,E,1,12,0.08333333333333333
24-90-E-1,5,24,90,E,1,12,0.08333333333333333
24-90-E-1,5,24,90,E,1,12,0.08333333333333333
24-90-E-1,5,24,90,E,1,12,0.08333333333333333
24-90-E-1,5,24,90,E,1,12,0.08333333333333333
24-90-E-1,5,24,90,E,1,12,0.08333333333333333
24-90-E-1,5,24,90,E,1,12,0.08333333333333333
24-90-E-1,5,24,90,E,1,12,0.08333333333333333
24-90-E-1,5,24,90,E,1,12,0.08333333333333333
24-90-E-1,5,24,90,E,1,12,0.08333333333333333
24-90-E-1,5,24,90,E,1,12,0.08333333333333333
24-90-E-1,5,24,90,E,1,12,0.08333333333333333
24-90-E-1,5,24,90,E,1,12,0.08333333333333333
24-90-E-1,5,24,90,E,1,12,0.08333333333333333
24-90-E-1,5,24,90,E,1,12,0.08333333333333333
24-90-E-1,5,24,90,E,1,12,0.08333333333333333
24-90-E-1,5,24,90,E,1,12,0.08333333333333333
24-90-E-1,5,24,90,E,1,12,0.08333333333333333
24-90-E-1,5,24,90,E,1,13,0.07692307692307693
24-90-E-1,5,24,90,E,1,13,0.07692307692307693
24-90-E-1,5,24,90,E,1,13,0.07692307692307693
24-90-E-1,5,24,90,E,1,13,0.07692307692307693
24-90-E-1,5,24,90,E,1,13,0.07692307692307693
24-90-E-1,5,24,90,E,1,13,0.07692307692307693
24-90-E-1,5,24,90,E,1,13,0.07692307692307693
24-90-E-1,5,24,90,E,1,13,0.07692307692307693
24-90-E-1,5,24,90,E,1,13,0.07692307692307693
24-90-E-1,5,24,90,E,1,13,0.07692307692307693
24-90-E-1,5,24,90,E,1,13,0.07692307692307693
24-90-E-1,5,24,90,E,1,13,0.07692307692307693
24-90-E-1,5,24,90,E,1,13,0.07692307692307693
24-90-E-1,5,24,90,E,1,13,0.07692307692307693
24-90-E-1,5,24,90,E,1,13,0.07692307692307693
24-90-E-1,5,24,90,E,1,13,0.07692307692307693
24-90-E-1,5,24,90,E,1,13,0.07692307692307693
24-90-E-1,5,24,90,E,1,13,0.07692307692307693
24-90-E-1,5,24,90,E,1,13,0.07692307692307693
24-90-E-1,5,24,90,E,1,13,0.07692307692307693
24-90-E-1,5,24,90,E,1,13,0.07692307692307693
24-90-E-1,5,24,90,E,1,14,0.07142857142857142
24-90-E-1,5,24,90,E,1,14,0.07142857142857142
24-90-E-1,5,24,90,E,1,14,0.07142857142857142
24-90-E-1,5,24,90,E,1,14,0.07142857142857142
24-90-E-1,5,24,90,E,1,14,0.07142857142857142
24-90-E-1,5,24,90,E,1,15,0.06666666666666667
24-90-E-1,5,24,90,E,1,15,0.06666666666666667
24-90-E-1,5,24,90,E,1,16,0.0625
24-90-E-1,5,24,90,E,1,17,0.058823529411764705
24-90-E-1,5,24,90,E,1,18,0.05555555555555555
24-90-E-2,5,24,90,E,2,11,0.09090909090909091
24-90-E-2,5,24,90,E,2,11,0.09090909090909091
24-90-E-2,5,24,90,E,2,11,0.09090909090909091
24-90-E-2,5,24,90,E,2,11,0.09090909090909091
24-90-E-2,5,24,90,E,2,11,0.09090909090909091
24-90-E-2,5,24,90,E,2,11,0.09090909090909091
24-90-E-2,5,24,90,E,2,11,0.09090909090909091
24-90-E-2,5,24,90,E,2,11,0.09090909090909091
24-90-E-2,5,24,90,E,2,11,0.09090909090909091
24-90-E-2,5,24,90,E,2,11,0.09090909090909091
24-90-E-2,5,24,90,E,2,11,0.09090909090909091
24-90-E-2,5,24,90,E,2,11,0.09090909090909091
24-90-E-2,5,24,90,E,2,11,0.09090909090909091
24-90-E-2,5,24,90,E,2,11,0.09090909090909091
24-90-E-2,5,24,90,E,2,11,0.09090909090909091
24-90-E-2,5,24,90,E,2,11,0.09090909090909091
24-90-E-2,5,24,90,E,2,11,0.09090909090909091
24-90-E-2,5,24,90,E,2,11,0.09090909090909091
24-90-E-2,5,24,90,E,2,11,0.09090909090909091
24-90-E-2,5,24,90,E,2,11,0.09090909090909091
24-90-E-2,5,24,90,E,2,11,0.09090909090909091
24-90-E-2,5,24,90,E,2,11,0.09090909090909091
24-90-E-2,5,24,90,E,2,11,0.09090909090909091
24-90-E-2,5,24,90,E,2,11,0.09090909090909091
24-90-E-2,5,24,90,E,2,11,0.09090909090909091
24-90-E-2,5,24,90,E,2,11,0.09090909090909091
24-90-E-2,5,24,90,E,2,12,0.08333333333333333
24-90-E-2,5,24,90,E,2,12,0.08333333333333333
24-90-E-2,5,24,90,E,2,12,0.08333333333333333
24-90-E-2,5,24,90,E,2,12,0.08333333333333333
24-90-E-2,5,24,90,E,2,12,0.08333333333333333
24-90-E-2,5,24,90,E,2,12,0.08333333333333333
24-90-E-2,5,24,90,E,2,12,0.08333333333333333
24-90-E-2,5,24,90,E,2,12,0.08333333333333333
24-90-E-2,5,24,90,E,2,12,0.08333333333333333
24-90-E-2,5,24,90,E,2,12,0.08333333333333333
24-90-E-2,5,24,90,E,2,12,0.08333333333333333
24-90-E-2,5,24,90,E,2,12,0.08333333333333333
24-90-E-2,5,24,90,E,2,12,0.08333333333333333
24-90-E-2,5,24,90,E,2,12,0.08333333333333333
24-90-E-2,5,24,90,E,2,12,0.08333333333333333
24-90-E-2,5,24,90,E,2,12,0.08333333333333333
24-90-E-2,5,24,90,E,2,12,0.08333333333333333
24-90-E-2,5,24,90,E,2,12,0.08333333333333333
24-90-E-2,5,24,90,E,2,12,0.08333333333333333
24-90-E-2,5,24,90,E,2,12,0.08333333333333333
24-90-E-2,5,24,90,E,2,12,0.08333333333333333
24-90-E-2,5,24,90,E,2,12,0.08333333333333333
24-90-E-2,5,24,90,E,2,12,0.08333333333333333
24-90-E-2,5,24,90,E,2,12,0.08333333333333333
24-90-E-2,5,24,90,E,2,12,0.08333333333333333
24-90-E-2,5,24,90,E,2,12,0.08333333333333333
24-90-E-2,5,24,90,E,2,12,0.08333333333333333
24-90-E-2,5,24,90,E,2,12,0.08333333333333333
24-90-E-2,5,24,90,E,2,12,0.08333333333333333
24-90-E-2,5,24,90,E,2,12,0.08333333333333333
24-90-E-2,5,24,90,E,2,13,0.07692307692307693
24-90-E-2,5,24,90,E,2,13,0.07692307692307693
24-90-E-2,5,24,90,E,2,13,0.07692307692307693
24-90-E-2,5,24,90,E,2,13,0.07692307692307693
24-90-E-2,5,24,90,E,2,13,0.07692307692307693
24-90-E-2,5,24,90,E,2,13,0.07692307692307693
24-90-E-2,5,24,90,E,2,13,0.07692307692307693
24-90-E-2,5,24,90,E,2,13,0.07692307692307693
24-90-E-2,5,24,90,E,2,13,0.07692307692307693
24-90-E-2,5,24,90,E,2,13,0.07692307692307693
24-90-E-2,5,24,90,E,2,13,0.07692307692307693
24-90-E-2,5,24,90,E,2,13,0.07692307692307693
24-90-E-2,5,24,90,E,2,13,0.07692307692307693
24-90-E-2,5,24,90,E,2,13,0.07692307692307693
24-90-E-2,5,24,90,E,2,14,0.07142857142857142
24-90-E-2,5,24,90,E,2,14,0.07142857142857142
24-90-E-2,5,24,90,E,2,14,0.07142857142857142
24-90-E-2,5,24,90,E,2,14,0.07142857142857142
24-90-E-2,5,24,90,E,2,14,0.07142857142857142
24-90-E-2,5,24,90,E,2,14,0.07142857142857142
24-90-E-2,5,24,90,E,2,15,0.06666666666666667
24-90-E-2,5,24,90,E,2,15,0.06666666666666667
24-90-E-2,5,24,90,E,2,15,0.06666666666666667
24-90-E-2,5,24,90,E,2,16,0.0625
24-90-E-2,5,24,90,E,2,18,0.05555555555555555
24-90-E-2,5,24,90,E,2,19,0.05263157894736842
24-90-E-2,5,24,90,E,2,19,0.05263157894736842
24-90-E-2,5,24,90,E,2,20,0.05
24-90-E-2,5,24,90,E,2,20,0.05
24-90-E-2,5,24,90,E,2,20,0.05
24-90-E-3,5,24,90,E,3,10,0.1
24-90-E-3,5,24,90,E,3,10,0.1
24-90-E-3,5,24,90,E,3,10,0.1
24-90-E-3,5,24,90,E,3,11,0.09090909090909091
24-90-E-3,5,24,90,E,3,11,0.09090909090909091
24-90-E-3,5,24,90,E,3,11,0.09090909090909091
24-90-E-3,5,24,90,E,3,11,0.09090909090909091
24-90-E-3,5,24,90,E,3,11,0.09090909090909091
24-90-E-3,5,24,90,E,3,11,0.09090909090909091
24-90-E-3,5,24,90,E,3,11,0.09090909090909091
24-90-E-3,5,24,90,E,3,11,0.09090909090909091
24-90-E-3,5,24,90,E,3,11,0.09090909090909091
24-90-E-3,5,24,90,E,3,11,0.09090909090909091
24-90-E-3,5,24,90,E,3,11,0.09090909090909091
24-90-E-3,5,24,90,E,3,11,0.09090909090909091
24-90-E-3,5,24,90,E,3,11,0.09090909090909091
24-90-E-3,5,24,90,E,3,11,0.09090909090909091
24-90-E-3,5,24,90,E,3,11,0.09090909090909091
24-90-E-3,5,24,90,E,3,11,0.09090909090909091
24-90-E-3,5,24,90,E,3,11,0.09090909090909091
24-90-E-3,5,24,90,E,3,11,0.09090909090909091
24-90-E-3,5,24,90,E,3,11,0.09090909090909091
24-90-E-3,5,24,90,E,3,11,0.09090909090909091
24-90-E-3,5,24,90,E,3,11,0.09090909090909091
24-90-E-3,5,24,90,E,3,11,0.09090909090909091
24-90-E-3,5,24,90,E,3,11,0.09090909090909091
24-90-E-3,5,24,90,E,3,11,0.09090909090909091
24-90-E-3,5,24,90,E,3,11,0.09090909090909091
24-90-E-3,5,24,90,E,3,11,0.09090909090909091
24-90-E-3,5,24,90,E,3,11,0.09090909090909091
24-90-E-3,5,24,90,E,3,11,0.09090909090909091
24-90-E-3,5,24,90,E,3,11,0.09090909090909091
24-90-E-3,5,24,90,E,3,11,0.09090909090909091
24-90-E-3,5,24,90,E,3,11,0.09090909090909091
24-90-E-3,5,24,90,E,3,11,0.09090909090909091
24-90-E-3,5,24,90,E,3,11,0.09090909090909091
24-90-E-3,5,24,90,E,3,11,0.09090909090909091
24-90-E-3,5,24,90,E,3,11,0.09090909090909091
24-90-E-3,5,24,90,E,3,11,0.09090909090909091
24-90-E-3,5,24,90,E,3,11,0.09090909090909091
24-90-E-3,5,24,90,E,3,11,0.09090909090909091
24-90-E-3,5,24,90,E,3,11,0.09090909090909091
24-90-E-3,5,24,90,E,3,11,0.09090909090909091
24-90-E-3,5,24,90,E,3,11,0.09090909090909091
24-90-E-3,5,24,90,E,3,11,0.09090909090909091
24-90-E-3,5,24,90,E,3,12,0.08333333333333333
24-90-E-3,5,24,90,E,3,12,0.08333333333333333
24-90-E-3,5,24,90,E,3,12,0.08333333333333333
24-90-E-3,5,24,90,E,3,12,0.08333333333333333
24-90-E-3,5,24,90,E,3,12,0.08333333333333333
24-90-E-3,5,24,90,E,3,12,0.08333333333333333
24-90-E-3,5,24,90,E,3,12,0.08333333333333333
24-90-E-3,5,24,90,E,3,12,0.08333333333333333
24-90-E-3,5,24,90,E,3,12,0.08333333333333333
24-90-E-3,5,24,90,E,3,12,0.08333333333333333
24-90-E-3,5,24,90,E,3,12,0.08333333333333333
24-90-E-3,5,24,90,E,3,12,0.08333333333333333
24-90-E-3,5,24,90,E,3,12,0.08333333333333333
24-90-E-3,5,24,90,E,3,12,0.08333333333333333
24-90-E-3,5,24,90,E,3,12,0.08333333333333333
24-90-E-3,5,24,90,E,3,12,0.08333333333333333
24-90-E-3,5,24,90,E,3,12,0.08333333333333333
24-90-E-3,5,24,90,E,3,12,0.08333333333333333
24-90-E-3,5,24,90,E,3,12,0.08333333333333333
24-90-E-3,5,24,90,E,3,12,0.08333333333333333
24-90-E-3,5,24,90,E,3,12,0.08333333333333333
24-90-E-3,5,24,90,E,3,12,0.08333333333333333
24-90-E-3,5,24,90,E,3,12,0.08333333333333333
24-90-E-3,5,24,90,E,3,12,0.08333333333333333
24-90-E-3,5,24,90,E,3,12,0.08333333333333333
24-90-E-3,5,24,90,E,3,12,0.08333333333333333
24-90-E-3,5,24,90,E,3,12,0.08333333333333333
24-90-E-3,5,24,90,E,3,12,0.08333333333333333
24-90-E-3,5,24,90,E,3,12,0.08333333333333333
24-90-E-3,5,24,90,E,3,12,0.08333333333333333
24-90-E-3,5,24,90,E,3,12,0.08333333333333333
24-90-E-3,5,24,90,E,3,12,0.08333333333333333
24-90-E-3,5,24,90,E,3,13,0.07692307692307693
24-90-E-3,5,24,90,E,3,13,0.07692307692307693
24-90-E-3,5,24,90,E,3,13,0.07692307692307693
24-90-E-3,5,24,90,E,3,13,0.07692307692307693
24-90-E-3,5,24,90,E,3,13,0.07692307692307693
24-90-E-3,5,24,90,E,3,13,0.07692307692307693
24-90-E-3,5,24,90,E,3,14,0.07142857142857142
24-90-E-3,5,24,90,E,3,14,0.07142857142857142
24-90-E-3,5,24,90,E,3,14,0.07142857142857142
24-90-E-3,5,24,90,E,3,14,0.07142857142857142
24-90-E-3,5,24,90,E,3,15,0.06666666666666667
24-90-E-3,5,24,90,E,3,16,0.0625
24-90-E-3,5,24,90,E,3,18,0.05555555555555555
24-90-E-3,5,24,90,E,3,19,0.05263157894736842
24-90-E-3,5,24,90,E,3,19,0.05263157894736842
24-90-E-3,5,24,90,E,3,21,0.047619047619047616
24-90-E-3,5,24,90,E,3,21,0.047619047619047616
20-75-C-1,5,20,75,C,1,17,0.058823529411764705
20-75-C-1,5,20,75,C,1,18,0.05555555555555555
20-75-C-1,5,20,75,C,1,18,0.05555555555555555
20-75-C-1,5,20,75,C,1,18,0.05555555555555555
20-75-C-1,5,20,75,C,1,18,0.05555555555555555
20-75-C-1,5,20,75,C,1,18,0.05555555555555555
20-75-C-1,5,20,75,C,1,18,0.05555555555555555
20-75-C-1,5,20,75,C,1,18,0.05555555555555555
20-75-C-1,5,20,75,C,1,18,0.05555555555555555
20-75-C-1,5,20,75,C,1,19,0.05263157894736842
20-75-C-1,5,20,75,C,1,19,0.05263157894736842
20-75-C-1,5,20,75,C,1,19,0.05263157894736842
20-75-C-1,5,20,75,C,1,19,0.05263157894736842
20-75-C-1,5,20,75,C,1,19,0.05263157894736842
20-75-C-1,5,20,75,C,1,19,0.05263157894736842
20-75-C-1,5,20,75,C,1,19,0.05263157894736842
20-75-C-1,5,20,75,C,1,19,0.05263157894736842
20-75-C-1,5,20,75,C,1,19,0.05263157894736842
20-75-C-1,5,20,75,C,1,19,0.05263157894736842
20-75-C-1,5,20,75,C,1,19,0.05263157894736842
20-75-C-1,5,20,75,C,1,19,0.05263157894736842
20-75-C-1,5,20,75,C,1,19,0.05263157894736842
20-75-C-1,5,20,75,C,1,19,0.05263157894736842
20-75-C-1,5,20,75,C,1,20,0.05
20-75-C-1,5,20,75,C,1,20,0.05
20-75-C-1,5,20,75,C,1,20,0.05
20-75-C-1,5,20,75,C,1,20,0.05
20-75-C-1,5,20,75,C,1,20,0.05
20-75-C-1,5,20,75,C,1,21,0.047619047619047616
20-75-C-1,5,20,75,C,1,21,0.047619047619047616
20-75-C-1,5,20,75,C,1,21,0.047619047619047616
20-75-C-1,5,20,75,C,1,21,0.047619047619047616
20-75-C-1,5,20,75,C,1,22,0.045454545454545456
20-75-C-1,5,20,75,C,1,22,0.045454545454545456
20-75-C-1,5,20,75,C,1,22,0.045454545454545456
20-75-C-1,5,20,75,C,1,22,0.045454545454545456
20-75-C-1,5,20,75,C,1,22,0.045454545454545456
20-75-C-1,5,20,75,C,1,23,0.043478260869565216
20-75-C-1,5,20,75,C,1,23,0.043478260869565216
20-75-C-1,5,20,75,C,1,24,0.041666666666666664
20-75-C-1,5,20,75,C,1,24,0.041666666666666664
20-75-C-1,5,20,75,C,1,25,0.04
20-75-C-1,5,20,75,C,1,27,0.037037037037037035
20-75-C-1,5,20,75,C,1,30,0.03333333333333333
20-75-C-1,5,20,75,C,1,31,0.03225806451612903
20-75-C-1,5,20,75,C,1,33,0.030303030303030304
20-75-C-1,5,20,75,C,1,34,0.029411764705882353
20-75-C-1,5,20,75,C,1,36,0.027777777777777776
20-75-C-1,5,20,75,C,1,36,0.027777777777777776
20-75-C-2,5,20,75,C,2,16,0.0625
20-75-C-2,5,20,75,C,2,17,0.058823529411764705
20-75-C-2,5,20,75,C,2,17,0.058823529411764705
20-75-C-2,5,20,75,C,2,17,0.058823529411764705
20-75-C-2,5,20,75,C,2,18,0.05555555555555555
20-75-C-2,5,20,75,C,2,18,0.05555555555555555
20-75-C-2,5,20,75,C,2,18,0.05555555555555555
20-75-C-2,5,20,75,C,2,18,0.05555555555555555
20-75-C-2,5,20,75,C,2,18,0.05555555555555555
20-75-C-2,5,20,75,C,2,18,0.05555555555555555
20-75-C-2,5,20,75,C,2,18,0.05555555555555555
20-75-C-2,5,20,75,C,2,18,0.05555555555555555
20-75-C-2,5,20,75,C,2,18,0.05555555555555555
20-75-C-2,5,20,75,C,2,18,0.05555555555555555
20-75-C-2,5,20,75,C,2,18,0.05555555555555555
20-75-C-2,5,20,75,C,2,18,0.05555555555555555
20-75-C-2,5,20,75,C,2,18,0.05555555555555555
20-75-C-2,5,20,75,C,2,18,0.05555555555555555
20-75-C-2,5,20,75,C,2,18,0.05555555555555555
20-75-C-2,5,20,75,C,2,18,0.05555555555555555
20-75-C-2,5,20,75,C,2,18,0.05555555555555555
20-75-C-2,5,20,75,C,2,18,0.05555555555555555
20-75-C-2,5,20,75,C,2,18,0.05555555555555555
20-75-C-2,5,20,75,C,2,18,0.05555555555555555
20-75-C-2,5,20,75,C,2,18,0.05555555555555555
20-75-C-2,5,20,75,C,2,19,0.05263157894736842
20-75-C-2,5,20,75,C,2,19,0.05263157894736842
20-75-C-2,5,20,75,C,2,19,0.05263157894736842
20-75-C-2,5,20,75,C,2,19,0.05263157894736842
20-75-C-2,5,20,75,C,2,19,0.05263157894736842
20-75-C-2,5,20,75,C,2,19,0.05263157894736842
20-75-C-2,5,20,75,C,2,19,0.05263157894736842
20-75-C-2,5,20,75,C,2,19,0.05263157894736842
20-75-C-2,5,20,75,C,2,19,0.05263157894736842
20-75-C-2,5,20,75,C,2,20,0.05
20-75-C-2,5,20,75,C,2,20,0.05
20-75-C-2,5,20,75,C,2,20,0.05
20-75-C-2,5,20,75,C,2,20,0.05
20-75-C-2,5,20,75,C,2,20,0.05
20-75-C-2,5,20,75,C,2,21,0.047619047619047616
20-75-C-2,5,20,75,C,2,21,0.047619047619047616
20-75-C-2,5,20,75,C,2,21,0.047619047619047616
20-75-C-2,5,20,75,C,2,21,0.047619047619047616
20-75-C-2,5,20,75,C,2,21,0.047619047619047616
20-75-C-2,5,20,75,C,2,22,0.045454545454545456
20-75-C-2,5,20,75,C,2,22,0.045454545454545456
20-75-C-2,5,20,75,C,2,22,0.045454545454545456
20-75-C-2,5,20,75,C,2,22,0.045454545454545456
20-75-C-2,5,20,75,C,2,22,0.045454545454545456
20-75-C-2,5,20,75,C,2,22,0.045454545454545456
20-75-C-2,5,20,75,C,2,23,0.043478260869565216
20-75-C-2,5,20,75,C,2,24,0.041666666666666664
20-75-C-2,5,20,75,C,2,24,0.041666666666666664
20-75-C-2,5,20,75,C,2,25,0.04
20-75-C-2,5,20,75,C,2,26,0.038461538461538464
20-75-C-2,5,20,75,C,2,27,0.037037037037037035
20-75-C-2,5,20,75,C,2,28,0.03571428571428571
20-75-C-2,5,20,75,C,2,28,0.03571428571428571
20-75-C-2,5,20,75,C,2,28,0.03571428571428571
20-75-C-2,5,20,75,C,2,29,0.034482758620689655
20-75-C-2,5,20,75,C,2,29,0.034482758620689655
20-75-C-2,5,20,75,C,2,30,0.03333333333333333
20-75-C-2,5,20,75,C,2,30,0.03333333333333333
20-75-C-3,5,20,75,C,3,17,0.058823529411764705
20-75-C-3,5,20,75,C,3,17,0.058823529411764705
20-75-C-3,5,20,75,C,3,18,0.05555555555555555
20-75-C-3,5,20,75,C,3,18,0.05555555555555555
20-75-C-3,5,20,75,C,3,18,0.05555555555555555
20-75-C-3,5,20,75,C,3,18,0.05555555555555555
20-75-C-3,5,20,75,C,3,18,0.05555555555555555
20-75-C-3,5,20,75,C,3,18,0.05555555555555555
20-75-C-3,5,20,75,C,3,18,0.05555555555555555
20-75-C-3,5,20,75,C,3,18,0.05555555555555555
20-75-C-3,5,20,75,C,3,18,0.05555555555555555
20-75-C-3,5,20,75,C,3,18,0.05555555555555555
20-75-C-3,5,20,75,C,3,18,0.05555555555555555
20-75-C-3,5,20,75,C,3,18,0.05555555555555555
20-75-C-3,5,20,75,C,3,18,0.05555555555555555
20-75-C-3,5,20,75,C,3,18,0.05555555555555555
20-75-C-3,5,20,75,C,3,18,0.05555555555555555
20-75-C-3,5,20,75,C,3,18,0.05555555555555555
20-75-C-3,5,20,75,C,3,18,0.05555555555555555
20-75-C-3,5,20,75,C,3,18,0.05555555555555555
20-75-C-3,5,20,75,C,3,18,0.05555555555555555
20-75-C-3,5,20,75,C,3,19,0.05263157894736842
20-75-C-3,5,20,75,C,3,19,0.05263157894736842
20-75-C-3,5,20,75,C,3,19,0.05263157894736842
20-75-C-3,5,20,75,C,3,19,0.05263157894736842
20-75-C-3,5,20,75,C,3,19,0.05263157894736842
20-75-C-3,5,20,75,C,3,19,0.05263157894736842
20-75-C-3,5,20,75,C,3,19,0.05263157894736842
20-75-C-3,5,20,75,C,3,19,0.05263157894736842
20-75-C-3,5,20,75,C,3,19,0.05263157894736842
20-75-C-3,5,20,75,C,3,19,0.05263157894736842
20-75-C-3,5,20,75,C,3,19,0.05263157894736842
20-75-C-3,5,20,75,C,3,19,0.05263157894736842
20-75-C-3,5,20,75,C,3,19,0.05263157894736842
20-75-C-3,5,20,75,C,3,20,0.05
20-75-C-3,5,20,75,C,3,20,0.05
20-75-C-3,5,20,75,C,3,20,0.05
20-75-C-3,5,20,75,C,3,20,0.05
20-75-C-3,5,20,75,C,3,21,0.047619047619047616
20-75-C-3,5,20,75,C,3,21,0.047619047619047616
20-75-C-3,5,20,75,C,3,21,0.047619047619047616
20-75-C-3,5,20,75,C,3,21,0.047619047619047616
20-75-C-3,5,20,75,C,3,21,0.047619047619047616
20-75-C-3,5,20,75,C,3,21,0.047619047619047616
20-75-C-3,5,20,75,C,3,21,0.047619047619047616
20-75-C-3,5,20,75,C,3,21,0.047619047619047616
20-75-C-3,5,20,75,C,3,22,0.045454545454545456
20-75-C-3,5,20,75,C,3,22,0.045454545454545456
20-75-C-3,5,20,75,C,3,23,0.043478260869565216
20-75-C-3,5,20,75,C,3,23,0.043478260869565216
20-75-C-3,5,20,75,C,3,24,0.041666666666666664
20-75-C-3,5,20,75,C,3,24,0.041666666666666664
20-75-C-3,5,20,75,C,3,25,0.04
20-75-C-3,5,20,75,C,3,25,0.04
20-75-C-3,5,20,75,C,3,25,0.04
20-75-C-3,5,20,75,C,3,25,0.04
20-75-C-3,5,20,75,C,3,26,0.038461538461538464
20-75-C-3,5,20,75,C,3,26,0.038461538461538464
20-75-C-3,5,20,75,C,3,28,0.03571428571428571
20-75-C-3,5,20,75,C,3,28,0.03571428571428571
20-75-C-3,5,20,75,C,3,28,0.03571428571428571
20-75-C-3,5,20,75,C,3,28,0.03571428571428571
20-75-C-3,5,20,75,C,3,29,0.034482758620689655
20-75-C-3,5,20,75,C,3,29,0.034482758620689655
20-75-C-3,5,20,75,C,3,29,0.034482758620689655
20-75-C-3,5,20,75,C,3,31,0.03225806451612903
20-75-C-3,5,20,75,C,3,33,0.030303030303030304
20-75-C-3,5,20,75,C,3,34,0.029411764705882353
16-75-C-1,5,16,75,C,1,35,0.02857142857142857
16-75-C-1,5,16,75,C,1,40,0.025
16-75-C-2,5,16,75,C,2,34,0.029411764705882353
16-75-C-2,5,16,75,C,2,36,0.027777777777777776
16-75-C-2,5,16,75,C,2,37,0.02702702702702703
16-75-C-2,5,16,75,C,2,39,0.02564102564102564
16-75-C-3,5,16,75,C,3,36,0.027777777777777776
16-75-C-3,5,16,75,C,3,37,0.02702702702702703
16-75-C-3,5,16,75,C,3,37,0.02702702702702703
16-75-C-3,5,16,75,C,3,37,0.02702702702702703
16-75-C-3,5,16,75,C,3,38,0.02631578947368421
16-75-C-3,5,16,75,C,3,40,0.025
40-60-C-1,6,40,60,C,1,7,0.14285714285714285
40-60-C-1,6,40,60,C,1,7,0.14285714285714285
40-60-C-1,6,40,60,C,1,7,0.14285714285714285
40-60-C-2,6,40,60,C,2,6,0.16666666666666666
40-60-C-2,6,40,60,C,2,6,0.16666666666666666
40-60-C-2,6,40,60,C,2,6,0.16666666666666666
40-60-C-2,6,40,60,C,2,6,0.16666666666666666
40-60-C-2,6,40,60,C,2,7,0.14285714285714285
40-60-C-2,6,40,60,C,2,7,0.14285714285714285
40-60-C-2,6,40,60,C,2,7,0.14285714285714285
40-60-C-3,6,40,60,C,3,6,0.16666666666666666
40-45-C-1,7,40,45,C,1,6,0.16666666666666666
40-45-C-1,7,40,45,C,1,6,0.16666666666666666
40-45-C-1,7,40,45,C,1,6,0.16666666666666666
40-45-C-1,7,40,45,C,1,6,0.16666666666666666
40-45-C-1,7,40,45,C,1,6,0.16666666666666666
40-45-C-1,7,40,45,C,1,6,0.16666666666666666
40-45-C-1,7,40,45,C,1,6,0.16666666666666666
40-45-C-1,7,40,45,C,1,6,0.16666666666666666
40-45-C-1,7,40,45,C,1,6,0.16666666666666666
40-45-C-1,7,40,45,C,1,6,0.16666666666666666
40-45-C-1,7,40,45,C,1,6,0.16666666666666666
40-45-C-1,7,40,45,C,1,6,0.16666666666666666
40-45-C-1,7,40,45,C,1,7,0.14285714285714285
40-45-C-1,7,40,45,C,1,7,0.14285714285714285
40-45-C-1,7,40,45,C,1,7,0.14285714285714285
40-45-C-1,7,40,45,C,1,7,0.14285714285714285
40-45-C-1,7,40,45,C,1,7,0.14285714285714285
40-45-C-1,7,40,45,C,1,7,0.14285714285714285
40-45-C-1,7,40,45,C,1,7,0.14285714285714285
40-45-C-1,7,40,45,C,1,7,0.14285714285714285
40-45-C-1,7,40,45,C,1,7,0.14285714285714285
40-45-C-1,7,40,45,C,1,7,0.14285714285714285
40-45-C-1,7,40,45,C,1,7,0.14285714285714285
40-45-C-1,7,40,45,C,1,7,0.14285714285714285
40-45-C-1,7,40,45,C,1,7,0.14285714285714285
40-45-C-1,7,40,45,C,1,7,0.14285714285714285
40-45-C-1,7,40,45,C,1,7,0.14285714285714285
40-45-C-1,7,40,45,C,1,7,0.14285714285714285
40-45-C-1,7,40,45,C,1,7,0.14285714285714285
40-45-C-1,7,40,45,C,1,7,0.14285714285714285
40-45-C-1,7,40,45,C,1,7,0.14285714285714285
40-45-C-1,7,40,45,C,1,7,0.14285714285714285
40-45-C-1,7,40,45,C,1,7,0.14285714285714285
40-45-C-1,7,40,45,C,1,7,0.14285714285714285
40-45-C-1,7,40,45,C,1,8,0.125
40-45-C-1,7,40,45,C,1,9,0.1111111111111111
40-45-C-1,7,40,45,C,1,9,0.1111111111111111
40-45-C-1,7,40,45,C,1,9,0.1111111111111111
40-45-C-1,7,40,45,C,1,10,0.1
40-45-C-1,7,40,45,C,1,11,0.09090909090909091
40-45-C-1,7,40,45,C,1,11,0.09090909090909091
40-45-C-2,7,40,45,C,2,6,0.16666666666666666
40-45-C-2,7,40,45,C,2,6,0.16666666666666666
40-45-C-2,7,40,45,C,2,6,0.16666666666666666
40-45-C-2,7,40,45,C,2,6,0.16666666666666666
40-45-C-2,7,40,45,C,2,6,0.16666666666666666
40-45-C-2,7,40,45,C,2,6,0.16666666666666666
40-45-C-2,7,40,45,C,2,7,0.14285714285714285
40-45-C-2,7,40,45,C,2,7,0.14285714285714285
40-45-C-2,7,40,45,C,2,7,0.14285714285714285
40-45-C-2,7,40,45,C,2,7,0.14285714285714285
40-45-C-2,7,40,45,C,2,7,0.14285714285714285
40-45-C-2,7,40,45,C,2,7,0.14285714285714285
40-45-C-2,7,40,45,C,2,7,0.14285714285714285
40-45-C-2,7,40,45,C,2,7,0.14285714285714285
40-45-C-2,7,40,45,C,2,7,0.14285714285714285
40-45-C-2,7,40,45,C,2,7,0.14285714285714285
40-45-C-2,7,40,45,C,2,7,0.14285714285714285
40-45-C-2,7,40,45,C,2,7,0.14285714285714285
40-45-C-2,7,40,45,C,2,7,0.14285714285714285
40-45-C-2,7,40,45,C,2,7,0.14285714285714285
40-45-C-2,7,40,45,C,2,7,0.14285714285714285
40-45-C-2,7,40,45,C,2,8,0.125
40-45-C-2,7,40,45,C,2,8,0.125
40-45-C-2,7,40,45,C,2,8,0.125
40-45-C-2,7,40,45,C,2,9,0.1111111111111111
40-45-C-2,7,40,45,C,2,9,0.1111111111111111
40-45-C-2,7,40,45,C,2,9,0.1111111111111111
40-45-C-2,7,40,45,C,2,9,0.1111111111111111
40-45-C-2,7,40,45,C,2,10,0.1
40-45-C-2,7,40,45,C,2,12,0.08333333333333333
40-45-C-2,7,40,45,C,2,14,0.07142857142857142
40-45-C-3,7,40,45,C,3,6,0.16666666666666666
40-45-C-3,7,40,45,C,3,7,0.14285714285714285
40-45-C-3,7,40,45,C,3,7,0.14285714285714285
40-45-C-3,7,40,45,C,3,7,0.14285714285714285
40-45-C-3,7,40,45,C,3,7,0.14285714285714285
40-45-C-3,7,40,45,C,3,7,0.14285714285714285
40-45-C-3,7,40,45,C,3,7,0.14285714285714285
40-45-C-3,7,40,45,C,3,7,0.14285714285714285
40-45-C-3,7,40,45,C,3,7,0.14285714285714285
40-45-C-3,7,40,45,C,3,7,0.14285714285714285
40-45-C-3,7,40,45,C,3,7,0.14285714285714285
40-45-C-3,7,40,45,C,3,7,0.14285714285714285
40-45-C-3,7,40,45,C,3,7,0.14285714285714285
40-45-C-3,7,40,45,C,3,7,0.14285714285714285
40-45-C-3,7,40,45,C,3,7,0.14285714285714285
40-45-C-3,7,40,45,C,3,7,0.14285714285714285
40-45-C-3,7,40,45,C,3,7,0.14285714285714285
40-45-C-3,7,40,45,C,3,7,0.14285714285714285
40-45-C-3,7,40,45,C,3,7,0.14285714285714285
40-45-C-3,7,40,45,C,3,7,0.14285714285714285
40-45-C-3,7,40,45,C,3,7,0.14285714285714285
40-45-C-3,7,40,45,C,3,7,0.14285714285714285
40-45-C-3,7,40,45,C,3,7,0.14285714285714285
40-45-C-3,7,40,45,C,3,9,0.1111111111111111
40-45-C-3,7,40,45,C,3,9,0.1111111111111111
40-30-C-1,7,40,30,C,1,6,0.16666666666666666
40-30-C-1,7,40,30,C,1,6,0.16666666666666666
40-30-C-1,7,40,30,C,1,7,0.14285714285714285
40-30-C-1,7,40,30,C,1,7,0.14285714285714285
40-30-C-1,7,40,30,C,1,7,0.14285714285714285
40-30-C-1,7,40,30,C,1,7,0.14285714285714285
40-30-C-1,7,40,30,C,1,7,0.14285714285714285
40-30-C-1,7,40,30,C,1,7,0.14285714285714285
40-30-C-1,7,40,30,C,1,7,0.14285714285714285
40-30-C-1,7,40,30,C,1,7,0.14285714285714285
40-30-C-1,7,40,30,C,1,7,0.14285714285714285
40-30-C-1,7,40,30,C,1,7,0.14285714285714285
40-30-C-1,7,40,30,C,1,7,0.14285714285714285
40-30-C-1,7,40,30,C,1,7,0.14285714285714285
40-30-C-1,7,40,30,C,1,8,0.125
40-30-C-1,7,40,30,C,1,8,0.125
40-30-C-1,7,40,30,C,1,8,0.125
40-30-C-1,7,40,30,C,1,8,0.125
40-30-C-1,7,40,30,C,1,8,0.125
40-30-C-1,7,40,30,C,1,8,0.125
40-30-C-1,7,40,30,C,1,8,0.125
40-30-C-1,7,40,30,C,1,8,0.125
40-30-C-1,7,40,30,C,1,8,0.125
40-30-C-1,7,40,30,C,1,9,0.1111111111111111
40-30-C-1,7,40,30,C,1,9,0.1111111111111111
40-30-C-1,7,40,30,C,1,10,0.1
40-30-C-2,7,40,30,C,2,6,0.16666666666666666
40-30-C-2,7,40,30,C,2,6,0.16666666666666666
40-30-C-2,7,40,30,C,2,6,0.16666666666666666
40-30-C-2,7,40,30,C,2,6,0.16666666666666666
40-30-C-2,7,40,30,C,2,7,0.14285714285714285
40-30-C-2,7,40,30,C,2,7,0.14285714285714285
40-30-C-2,7,40,30,C,2,7,0.14285714285714285
40-30-C-2,7,40,30,C,2,7,0.14285714285714285
40-30-C-2,7,40,30,C,2,7,0.14285714285714285
40-30-C-2,7,40,30,C,2,7,0.14285714285714285
40-30-C-2,7,40,30,C,2,7,0.14285714285714285
40-30-C-2,7,40,30,C,2,7,0.14285714285714285
40-30-C-2,7,40,30,C,2,7,0.14285714285714285
40-30-C-2,7,40,30,C,2,7,0.14285714285714285
40-30-C-2,7,40,30,C,2,7,0.14285714285714285
40-30-C-2,7,40,30,C,2,7,0.14285714285714285
40-30-C-2,7,40,30,C,2,7,0.14285714285714285
40-30-C-2,7,40,30,C,2,7,0.14285714285714285
40-30-C-2,7,40,30,C,2,7,0.14285714285714285
40-30-C-2,7,40,30,C,2,7,0.14285714285714285
40-30-C-2,7,40,30,C,2,7,0.14285714285714285
40-30-C-2,7,40,30,C,2,7,0.14285714285714285
40-30-C-2,7,40,30,C,2,7,0.14285714285714285
40-30-C-2,7,40,30,C,2,7,0.14285714285714285
40-30-C-2,7,40,30,C,2,7,0.14285714285714285
40-30-C-2,7,40,30,C,2,7,0.14285714285714285
40-30-C-2,7,40,30,C,2,7,0.14285714285714285
40-30-C-2,7,40,30,C,2,7,0.14285714285714285
40-30-C-2,7,40,30,C,2,7,0.14285714285714285
40-30-C-2,7,40,30,C,2,7,0.14285714285714285
40-30-C-2,7,40,30,C,2,7,0.14285714285714285
40-30-C-2,7,40,30,C,2,7,0.14285714285714285
40-30-C-2,7,40,30,C,2,7,0.14285714285714285
40-30-C-2,7,40,30,C,2,8,0.125
40-30-C-2,7,40,30,C,2,8,0.125
40-30-C-2,7,40,30,C,2,8,0.125
40-30-C-2,7,40,30,C,2,8,0.125
40-30-C-2,7,40,30,C,2,8,0.125
40-30-C-2,7,40,30,C,2,8,0.125
40-30-C-2,7,40,30,C,2,8,0.125
40-30-C-2,7,40,30,C,2,8,0.125
40-30-C-2,7,40,30,C,2,8,0.125
40-30-C-2,7,40,30,C,2,8,0.125
40-30-C-2,7,40,30,C,2,8,0.125
40-30-C-2,7,40,30,C,2,8,0.125
40-30-C-2,7,40,30,C,2,8,0.125
40-30-C-2,7,40,30,C,2,8,0.125
40-30-C-2,7,40,30,C,2,8,0.125
40-30-C-2,7,40,30,C,2,8,0.125
40-30-C-2,7,40,30,C,2,9,0.1111111111111111
40-30-C-2,7,40,30,C,2,9,0.1111111111111111
40-30-C-2,7,40,30,C,2,9,0.1111111111111111
40-30-C-2,7,40,30,C,2,9,0.1111111111111111
40-30-C-2,7,40,30,C,2,9,0.1111111111111111
40-30-C-2,7,40,30,C,2,10,0.1
40-30-C-2,7,40,30,C,2,10,0.1
40-30-C-2,7,40,30,C,2,10,0.1
40-30-C-2,7,40,30,C,2,11,0.09090909090909091
40-30-C-2,7,40,30,C,2,11,0.09090909090909091
40-30-C-2,7,40,30,C,2,12,0.08333333333333333
40-30-C-2,7,40,30,C,2,12,0.08333333333333333
40-30-C-2,7,40,30,C,2,12,0.08333333333333333
40-30-C-3,7,40,30,C,3,6,0.16666666666666666
40-30-C-3,7,40,30,C,3,6,0.16666666666666666
40-30-C-3,7,40,30,C,3,6,0.16666666666666666
40-30-C-3,7,40,30,C,3,6,0.16666666666666666
40-30-C-3,7,40,30,C,3,6,0.16666666666666666
40-30-C-3,7,40,30,C,3,6,0.16666666666666666
40-30-C-3,7,40,30,C,3,6,0.16666666666666666
40-30-C-3,7,40,30,C,3,6,0.16666666666666666
40-30-C-3,7,40,30,C,3,6,0.16666666666666666
40-30-C-3,7,40,30,C,3,7,0.14285714285714285
40-30-C-3,7,40,30,C,3,7,0.14285714285714285
40-30-C-3,7,40,30,C,3,7,0.14285714285714285
40-30-C-3,7,40,30,C,3,7,0.14285714285714285
40-30-C-3,7,40,30,C,3,7,0.14285714285714285
40-30-C-3,7,40,30,C,3,7,0.14285714285714285
40-30-C-3,7,40,30,C,3,7,0.14285714285714285
40-30-C-3,7,40,30,C,3,7,0.14285714285714285
40-30-C-3,7,40,30,C,3,7,0.14285714285714285
40-30-C-3,7,40,30,C,3,7,0.14285714285714285
40-30-C-3,7,40,30,C,3,7,0.14285714285714285
40-30-C-3,7,40,30,C,3,7,0.14285714285714285
40-30-C-3,7,40,30,C,3,7,0.14285714285714285
40-30-C-3,7,40,30,C,3,7,0.14285714285714285
40-30-C-3,7,40,30,C,3,7,0.14285714285714285
40-30-C-3,7,40,30,C,3,7,0.14285714285714285
40-30-C-3,7,40,30,C,3,7,0.14285714285714285
40-30-C-3,7,40,30,C,3,7,0.14285714285714285
40-30-C-3,7,40,30,C,3,7,0.14285714285714285
40-30-C-3,7,40,30,C,3,7,0.14285714285714285
40-30-C-3,7,40,30,C,3,7,0.14285714285714285
40-30-C-3,7,40,30,C,3,7,0.14285714285714285
40-30-C-3,7,40,30,C,3,7,0.14285714285714285
40-30-C-3,7,40,30,C,3,7,0.14285714285714285
40-30-C-3,7,40,30,C,3,7,0.14285714285714285
40-30-C-3,7,40,30,C,3,7,0.14285714285714285
40-30-C-3,7,40,30,C,3,7,0.14285714285714285
40-30-C-3,7,40,30,C,3,7,0.14285714285714285
40-30-C-3,7,40,30,C,3,7,0.14285714285714285
40-30-C-3,7,40,30,C,3,8,0.125
40-30-C-3,7,40,30,C,3,8,0.125
40-30-C-3,7,40,30,C,3,8,0.125
40-30-C-3,7,40,30,C,3,8,0.125
40-30-C-3,7,40,30,C,3,8,0.125
40-30-C-3,7,40,30,C,3,8,0.125
40-30-C-3,7,40,30,C,3,8,0.125
40-30-C-3,7,40,30,C,3,8,0.125
40-30-C-3,7,40,30,C,3,8,0.125
40-30-C-3,7,40,30,C,3,8,0.125
40-30-C-3,7,40,30,C,3,8,0.125
40-30-C-3,7,40,30,C,3,8,0.125
40-30-C-3,7,40,30,C,3,8,0.125
40-30-C-3,7,40,30,C,3,8,0.125
40-30-C-3,7,40,30,C,3,8,0.125
40-30-C-3,7,40,30,C,3,8,0.125
40-30-C-3,7,40,30,C,3,8,0.125
40-30-C-3,7,40,30,C,3,8,0.125
40-30-C-3,7,40,30,C,3,8,0.125
40-30-C-3,7,40,30,C,3,8,0.125
40-30-C-3,7,40,30,C,3,9,0.1111111111111111
40-30-C-3,7,40,30,C,3,10,0.1
40-30-C-3,7,40,30,C,3,10,0.1
40-30-C-3,7,40,30,C,3,10,0.1
40-30-C-3,7,40,30,C,3,10,0.1
40-30-C-3,7,40,30,C,3,12,0.08333333333333333
40-30-C-3,7,40,30,C,3,12,0.08333333333333333
40-30-C-3,7,40,30,C,3,13,0.07692307692307693
